[2026-09-22 00:07:29.876] [info] Loaded library D:\Akademik\PhD_Thesis\OpenSim\HeadNeck_Control_w_Sensors_Opensim4_6\HeadNeckNeuralController_plugin\build\Release\osimHeadNeckNeural.dll
[2026-09-22 00:07:29.883] [error] Object::newInstanceOfType(): object type 'FixationController' is not a registered Object! It will be ignored.
[2026-09-22 00:08:20.870] [info] Loaded library D:\Akademik\PhD_Thesis\OpenSim\HeadNeck_Control_w_Sensors_Opensim4_6\HeadNeckNeuralController_plugin\build\Release\osimHeadNeckNeural.dll
[2026-09-22 00:08:20.905] [info] Loaded library D:\Akademik\PhD_Thesis\OpenSim\HeadNeck_Control_w_Sensors_Opensim4_6\FixationController_plugin\build\Release\osimFixation.dll
[2026-09-22 00:08:20.913] [error] Object::newInstanceOfType(): object type 'Millard12EqMuscleWithAfferents' is not a registered Object! It will be ignored.
[2026-09-22 00:09:00.308] [info] Loaded library D:\Akademik\PhD_Thesis\OpenSim\HeadNeck_Control_w_Sensors_Opensim4_6\proprioception_plugin\build\Release\osimMillard12EqWithAff.dll
[2026-09-22 00:09:00.314] [info] Loaded library D:\Akademik\PhD_Thesis\OpenSim\HeadNeck_Control_w_Sensors_Opensim4_6\vestibular_plugin\build\Release\osimVestibular.dll
[2026-09-22 00:09:00.321] [info] Loaded library D:\Akademik\PhD_Thesis\OpenSim\HeadNeck_Control_w_Sensors_Opensim4_6\HeadNeckNeuralController_plugin\build\Release\osimHeadNeckNeural.dll
[2026-09-22 00:09:00.327] [info] Loaded library D:\Akademik\PhD_Thesis\OpenSim\HeadNeck_Control_w_Sensors_Opensim4_6\FixationController_plugin\build\Release\osimFixation.dll
[2026-09-22 00:09:00.346] [info] Loaded model HYOID_Scaled from file osim_files/HYOID_HeadNeckNeural_Model_Detailed.osim
[2026-09-22 00:10:18.121] [info] Loaded library D:\Akademik\PhD_Thesis\OpenSim\HeadNeck_Control_w_Sensors_Opensim4_6\proprioception_plugin\build\Release\osimMillard12EqWithAff.dll
[2026-09-22 00:10:18.127] [info] Loaded library D:\Akademik\PhD_Thesis\OpenSim\HeadNeck_Control_w_Sensors_Opensim4_6\vestibular_plugin\build\Release\osimVestibular.dll
[2026-09-22 00:10:18.133] [info] Loaded library D:\Akademik\PhD_Thesis\OpenSim\HeadNeck_Control_w_Sensors_Opensim4_6\HeadNeckNeuralController_plugin\build\Release\osimHeadNeckNeural.dll
[2026-09-22 00:10:18.140] [info] Loaded library D:\Akademik\PhD_Thesis\OpenSim\HeadNeck_Control_w_Sensors_Opensim4_6\FixationController_plugin\build\Release\osimFixation.dll
[2026-09-22 00:10:18.159] [info] Loaded model HYOID_Scaled from file osim_files/HYOID_HeadNeckNeural_Model_Detailed.osim
[2026-09-22 00:12:28.616] [info] Loaded library D:\Akademik\PhD_Thesis\OpenSim\HeadNeck_Control_w_Sensors_Opensim4_6\proprioception_plugin\build\Release\osimMillard12EqWithAff.dll
[2026-09-22 00:12:28.622] [info] Loaded library D:\Akademik\PhD_Thesis\OpenSim\HeadNeck_Control_w_Sensors_Opensim4_6\vestibular_plugin\build\Release\osimVestibular.dll
[2026-09-22 00:12:28.629] [info] Loaded library D:\Akademik\PhD_Thesis\OpenSim\HeadNeck_Control_w_Sensors_Opensim4_6\HeadNeckNeuralController_plugin\build\Release\osimHeadNeckNeural.dll
[2026-09-22 00:12:28.635] [info] Loaded library D:\Akademik\PhD_Thesis\OpenSim\HeadNeck_Control_w_Sensors_Opensim4_6\FixationController_plugin\build\Release\osimFixation.dll
[2026-09-22 00:12:28.655] [info] Loaded model HYOID_Scaled from file osim_files/HYOID_HeadNeckNeural_Model_Detailed.osim
[2026-09-22 00:13:34.182] [info] Loaded library D:\Akademik\PhD_Thesis\OpenSim\HeadNeck_Control_w_Sensors_Opensim4_6\proprioception_plugin\build\Release\osimMillard12EqWithAff.dll
[2026-09-22 00:13:34.188] [info] Loaded library D:\Akademik\PhD_Thesis\OpenSim\HeadNeck_Control_w_Sensors_Opensim4_6\vestibular_plugin\build\Release\osimVestibular.dll
[2026-09-22 00:13:34.195] [info] Loaded library D:\Akademik\PhD_Thesis\OpenSim\HeadNeck_Control_w_Sensors_Opensim4_6\HeadNeckNeuralController_plugin\build\Release\osimHeadNeckNeural.dll
[2026-09-22 00:13:34.201] [info] Loaded library D:\Akademik\PhD_Thesis\OpenSim\HeadNeck_Control_w_Sensors_Opensim4_6\FixationController_plugin\build\Release\osimFixation.dll
[2026-09-22 00:13:34.219] [info] Loaded model HYOID_Scaled from file osim_files/HYOID_HeadNeckNeural_Model_Detailed.osim
[2026-09-22 00:14:51.802] [info] Loaded library D:\Akademik\PhD_Thesis\OpenSim\HeadNeck_Control_w_Sensors_Opensim4_6\proprioception_plugin\build\Release\osimMillard12EqWithAff.dll
[2026-09-22 00:14:51.808] [info] Loaded library D:\Akademik\PhD_Thesis\OpenSim\HeadNeck_Control_w_Sensors_Opensim4_6\vestibular_plugin\build\Release\osimVestibular.dll
[2026-09-22 00:14:51.814] [info] Loaded library D:\Akademik\PhD_Thesis\OpenSim\HeadNeck_Control_w_Sensors_Opensim4_6\HeadNeckNeuralController_plugin\build\Release\osimHeadNeckNeural.dll
[2026-09-22 00:14:51.820] [info] Loaded library D:\Akademik\PhD_Thesis\OpenSim\HeadNeck_Control_w_Sensors_Opensim4_6\FixationController_plugin\build\Release\osimFixation.dll
[2026-09-22 00:14:51.841] [info] Loaded model HYOID_Scaled from file osim_files/HYOID_HeadNeckNeural_Model_Detailed.osim
[2026-09-22 00:18:18.284] [info] Loaded library D:\Akademik\PhD_Thesis\OpenSim\HeadNeck_Control_w_Sensors_Opensim4_6\proprioception_plugin\build\Release\osimMillard12EqWithAff.dll
[2026-09-22 00:18:18.290] [info] Loaded library D:\Akademik\PhD_Thesis\OpenSim\HeadNeck_Control_w_Sensors_Opensim4_6\vestibular_plugin\build\Release\osimVestibular.dll
[2026-09-22 00:18:18.298] [info] Loaded library D:\Akademik\PhD_Thesis\OpenSim\HeadNeck_Control_w_Sensors_Opensim4_6\HeadNeckNeuralController_plugin\build\Release\osimHeadNeckNeural.dll
[2026-09-22 00:18:18.304] [info] Loaded library D:\Akademik\PhD_Thesis\OpenSim\HeadNeck_Control_w_Sensors_Opensim4_6\FixationController_plugin\build\Release\osimFixation.dll
[2026-09-22 00:18:18.323] [info] Loaded model HYOID_Scaled from file osim_files/HYOID_HeadNeckNeural_Model_Detailed.osim
[2026-09-22 00:19:33.277] [info] Loaded library D:\Akademik\PhD_Thesis\OpenSim\HeadNeck_Control_w_Sensors_Opensim4_6\proprioception_plugin\build\Release\osimMillard12EqWithAff.dll
[2026-09-22 00:19:33.283] [info] Loaded library D:\Akademik\PhD_Thesis\OpenSim\HeadNeck_Control_w_Sensors_Opensim4_6\vestibular_plugin\build\Release\osimVestibular.dll
[2026-09-22 00:19:33.305] [info] Loaded library D:\Akademik\PhD_Thesis\OpenSim\HeadNeck_Control_w_Sensors_Opensim4_6\HeadNeckNeuralController_plugin\build\Release\osimHeadNeckNeural.dll
[2026-09-22 00:19:33.311] [info] Loaded library D:\Akademik\PhD_Thesis\OpenSim\HeadNeck_Control_w_Sensors_Opensim4_6\FixationController_plugin\build\Release\osimFixation.dll
[2026-09-22 00:19:33.329] [info] Loaded model HYOID_Scaled from file osim_files/HYOID_HeadNeckNeural_Model_Detailed.osim
[2026-09-22 00:19:33.782] [info] -------
[2026-09-22 00:19:33.782] [info] Manager
[2026-09-22 00:19:33.782] [info] -------
[2026-09-22 00:19:33.782] [info] Starting integration at initial time 0.00 s...
[2026-09-22 00:19:36.665] [info] Integration complete at final time 0.05 s.
[2026-09-22 00:19:36.665] [info]  - CPU time elapsed: 2.875000 s
[2026-09-22 00:19:36.665] [info]  - real time elapsed: 2.882493 s
[2026-09-22 00:19:36.665] [info]  - ratio sim-to-real time: 0.017
[2026-09-22 00:19:36.665] [info]  - integrator method: SemiExplicitEuler2
[2026-09-22 00:19:36.665] [info]  - number of realizations: 2026
[2026-09-22 00:19:36.665] [info]  - number of steps taken / attempted: 929 / 1096
[2026-09-22 00:19:36.665] [info]  - number of projections: 3
[2026-09-22 00:19:36.665] [info]  - number of iterations: 1096
[2026-09-22 00:19:36.665] [info] -------
[2026-09-22 00:19:36.665] [info] Manager
[2026-09-22 00:19:36.665] [info] -------
[2026-09-22 00:19:36.665] [info] Starting integration at initial time 0.05 s...
[2026-09-22 00:19:38.263] [info] Integration complete at final time 0.10 s.
[2026-09-22 00:19:38.263] [info]  - CPU time elapsed: 1.593750 s
[2026-09-22 00:19:38.263] [info]  - real time elapsed: 1.598209 s
[2026-09-22 00:19:38.263] [info]  - ratio sim-to-real time: 0.063
[2026-09-22 00:19:38.263] [info]  - integrator method: SemiExplicitEuler2
[2026-09-22 00:19:38.263] [info]  - number of realizations: 3070
[2026-09-22 00:19:38.263] [info]  - number of steps taken / attempted: 1401 / 1668
[2026-09-22 00:19:38.263] [info]  - number of projections: 3
[2026-09-22 00:19:38.263] [info]  - number of iterations: 1668
[2026-09-22 00:19:38.263] [info] -------
[2026-09-22 00:19:38.263] [info] Manager
[2026-09-22 00:19:38.263] [info] -------
[2026-09-22 00:19:38.263] [info] Starting integration at initial time 0.10 s...
[2026-09-22 00:19:39.495] [info] Integration complete at final time 0.15 s.
[2026-09-22 00:19:39.495] [info]  - CPU time elapsed: 1.234375 s
[2026-09-22 00:19:39.495] [info]  - real time elapsed: 1.231984 s
[2026-09-22 00:19:39.495] [info]  - ratio sim-to-real time: 0.122
[2026-09-22 00:19:39.495] [info]  - integrator method: SemiExplicitEuler2
[2026-09-22 00:19:39.495] [info]  - number of realizations: 3853
[2026-09-22 00:19:39.495] [info]  - number of steps taken / attempted: 1768 / 2084
[2026-09-22 00:19:39.495] [info]  - number of projections: 4
[2026-09-22 00:19:39.496] [info]  - number of iterations: 2084
[2026-09-22 00:19:39.496] [info] -------
[2026-09-22 00:19:39.496] [info] Manager
[2026-09-22 00:19:39.496] [info] -------
[2026-09-22 00:19:39.496] [info] Starting integration at initial time 0.15 s...
[2026-09-22 00:19:40.720] [info] Integration complete at final time 0.20 s.
[2026-09-22 00:19:40.720] [info]  - CPU time elapsed: 1.218750 s
[2026-09-22 00:19:40.720] [info]  - real time elapsed: 1.224014 s
[2026-09-22 00:19:40.720] [info]  - ratio sim-to-real time: 0.163
[2026-09-22 00:19:40.720] [info]  - integrator method: SemiExplicitEuler2
[2026-09-22 00:19:40.720] [info]  - number of realizations: 4637
[2026-09-22 00:19:40.720] [info]  - number of steps taken / attempted: 2137 / 2499
[2026-09-22 00:19:40.720] [info]  - number of projections: 4
[2026-09-22 00:19:40.720] [info]  - number of iterations: 2499
[2026-09-22 00:19:40.720] [info] -------
[2026-09-22 00:19:40.720] [info] Manager
[2026-09-22 00:19:40.720] [info] -------
[2026-09-22 00:19:40.720] [info] Starting integration at initial time 0.20 s...
[2026-09-22 00:19:41.721] [info] Integration complete at final time 0.25 s.
[2026-09-22 00:19:41.721] [info]  - CPU time elapsed: 1.000000 s
[2026-09-22 00:19:41.721] [info]  - real time elapsed: 1.001139 s
[2026-09-22 00:19:41.721] [info]  - ratio sim-to-real time: 0.250
[2026-09-22 00:19:41.721] [info]  - integrator method: SemiExplicitEuler2
[2026-09-22 00:19:41.721] [info]  - number of realizations: 5247
[2026-09-22 00:19:41.721] [info]  - number of steps taken / attempted: 2421 / 2825
[2026-09-22 00:19:41.721] [info]  - number of projections: 5
[2026-09-22 00:19:41.721] [info]  - number of iterations: 2825
[2026-09-22 00:19:41.721] [info] -------
[2026-09-22 00:19:41.721] [info] Manager
[2026-09-22 00:19:41.721] [info] -------
[2026-09-22 00:19:41.721] [info] Starting integration at initial time 0.25 s...
[2026-09-22 00:19:42.688] [info] Integration complete at final time 0.30 s.
[2026-09-22 00:19:42.688] [info]  - CPU time elapsed: 0.968750 s
[2026-09-22 00:19:42.688] [info]  - real time elapsed: 0.966393 s
[2026-09-22 00:19:42.688] [info]  - ratio sim-to-real time: 0.310
[2026-09-22 00:19:42.688] [info]  - integrator method: SemiExplicitEuler2
[2026-09-22 00:19:42.688] [info]  - number of realizations: 5837
[2026-09-22 00:19:42.688] [info]  - number of steps taken / attempted: 2701 / 3135
[2026-09-22 00:19:42.688] [info]  - number of projections: 6
[2026-09-22 00:19:42.688] [info]  - number of iterations: 3135
[2026-09-22 00:19:42.688] [info] -------
[2026-09-22 00:19:42.688] [info] Manager
[2026-09-22 00:19:42.688] [info] -------
[2026-09-22 00:19:42.688] [info] Starting integration at initial time 0.30 s...
[2026-09-22 00:19:43.595] [info] Integration complete at final time 0.35 s.
[2026-09-22 00:19:43.595] [info]  - CPU time elapsed: 0.906250 s
[2026-09-22 00:19:43.595] [info]  - real time elapsed: 0.906989 s
[2026-09-22 00:19:43.595] [info]  - ratio sim-to-real time: 0.386
[2026-09-22 00:19:43.595] [info]  - integrator method: SemiExplicitEuler2
[2026-09-22 00:19:43.595] [info]  - number of realizations: 6383
[2026-09-22 00:19:43.595] [info]  - number of steps taken / attempted: 2946 / 3436
[2026-09-22 00:19:43.595] [info]  - number of projections: 6
[2026-09-22 00:19:43.595] [info]  - number of iterations: 3436
[2026-09-22 00:19:43.595] [info] -------
[2026-09-22 00:19:43.595] [info] Manager
[2026-09-22 00:19:43.595] [info] -------
[2026-09-22 00:19:43.595] [info] Starting integration at initial time 0.35 s...
[2026-09-22 00:19:44.556] [info] Integration complete at final time 0.40 s.
[2026-09-22 00:19:44.556] [info]  - CPU time elapsed: 0.968750 s
[2026-09-22 00:19:44.556] [info]  - real time elapsed: 0.961112 s
[2026-09-22 00:19:44.556] [info]  - ratio sim-to-real time: 0.416
[2026-09-22 00:19:44.556] [info]  - integrator method: SemiExplicitEuler2
[2026-09-22 00:19:44.556] [info]  - number of realizations: 6978
[2026-09-22 00:19:44.556] [info]  - number of steps taken / attempted: 3224 / 3753
[2026-09-22 00:19:44.556] [info]  - number of projections: 6
[2026-09-22 00:19:44.556] [info]  - number of iterations: 3753
[2026-09-22 00:19:44.556] [info] -------
[2026-09-22 00:19:44.556] [info] Manager
[2026-09-22 00:19:44.556] [info] -------
[2026-09-22 00:19:44.556] [info] Starting integration at initial time 0.40 s...
[2026-09-22 00:19:45.297] [info] Integration complete at final time 0.45 s.
[2026-09-22 00:19:45.297] [info]  - CPU time elapsed: 0.718750 s
[2026-09-22 00:19:45.297] [info]  - real time elapsed: 0.740729 s
[2026-09-22 00:19:45.297] [info]  - ratio sim-to-real time: 0.608
[2026-09-22 00:19:45.297] [info]  - integrator method: SemiExplicitEuler2
[2026-09-22 00:19:45.297] [info]  - number of realizations: 7412
[2026-09-22 00:19:45.297] [info]  - number of steps taken / attempted: 3431 / 3980
[2026-09-22 00:19:45.297] [info]  - number of projections: 9
[2026-09-22 00:19:45.297] [info]  - number of iterations: 3980
[2026-09-22 00:19:45.297] [info] -------
[2026-09-22 00:19:45.297] [info] Manager
[2026-09-22 00:19:45.297] [info] -------
[2026-09-22 00:19:45.297] [info] Starting integration at initial time 0.45 s...
[2026-09-22 00:19:45.917] [info] Integration complete at final time 0.50 s.
[2026-09-22 00:19:45.917] [info]  - CPU time elapsed: 0.625000 s
[2026-09-22 00:19:45.917] [info]  - real time elapsed: 0.619984 s
[2026-09-22 00:19:45.917] [info]  - ratio sim-to-real time: 0.806
[2026-09-22 00:19:45.917] [info]  - integrator method: SemiExplicitEuler2
[2026-09-22 00:19:45.917] [info]  - number of realizations: 7758
[2026-09-22 00:19:45.917] [info]  - number of steps taken / attempted: 3596 / 4161
[2026-09-22 00:19:45.917] [info]  - number of projections: 9
[2026-09-22 00:19:45.917] [info]  - number of iterations: 4161
[2026-09-22 00:19:45.917] [info] -------
[2026-09-22 00:19:45.917] [info] Manager
[2026-09-22 00:19:45.917] [info] -------
[2026-09-22 00:19:45.917] [info] Starting integration at initial time 0.50 s...
[2026-09-22 00:19:46.761] [info] Integration complete at final time 0.55 s.
[2026-09-22 00:19:46.761] [info]  - CPU time elapsed: 0.843750 s
[2026-09-22 00:19:46.761] [info]  - real time elapsed: 0.844184 s
[2026-09-22 00:19:46.761] [info]  - ratio sim-to-real time: 0.652
[2026-09-22 00:19:46.761] [info]  - integrator method: SemiExplicitEuler2
[2026-09-22 00:19:46.761] [info]  - number of realizations: 8235
[2026-09-22 00:19:46.761] [info]  - number of steps taken / attempted: 3822 / 4412
[2026-09-22 00:19:46.761] [info]  - number of projections: 10
[2026-09-22 00:19:46.761] [info]  - number of iterations: 4412
[2026-09-22 00:19:46.762] [info] -------
[2026-09-22 00:19:46.762] [info] Manager
[2026-09-22 00:19:46.762] [info] -------
[2026-09-22 00:19:46.762] [info] Starting integration at initial time 0.55 s...
[2026-09-22 00:19:47.369] [info] Integration complete at final time 0.60 s.
[2026-09-22 00:19:47.369] [info]  - CPU time elapsed: 0.593750 s
[2026-09-22 00:19:47.369] [info]  - real time elapsed: 0.607811 s
[2026-09-22 00:19:47.369] [info]  - ratio sim-to-real time: 0.987
[2026-09-22 00:19:47.369] [info]  - integrator method: SemiExplicitEuler2
[2026-09-22 00:19:47.369] [info]  - number of realizations: 8559
[2026-09-22 00:19:47.370] [info]  - number of steps taken / attempted: 3977 / 4581
[2026-09-22 00:19:47.370] [info]  - number of projections: 10
[2026-09-22 00:19:47.370] [info]  - number of iterations: 4581
[2026-09-22 00:19:47.370] [info] -------
[2026-09-22 00:19:47.370] [info] Manager
[2026-09-22 00:19:47.370] [info] -------
[2026-09-22 00:19:47.370] [info] Starting integration at initial time 0.60 s...
[2026-09-22 00:19:48.090] [info] Integration complete at final time 0.65 s.
[2026-09-22 00:19:48.090] [info]  - CPU time elapsed: 0.718750 s
[2026-09-22 00:19:48.090] [info]  - real time elapsed: 0.720413 s
[2026-09-22 00:19:48.090] [info]  - ratio sim-to-real time: 0.902
[2026-09-22 00:19:48.090] [info]  - integrator method: SemiExplicitEuler2
[2026-09-22 00:19:48.090] [info]  - number of realizations: 8979
[2026-09-22 00:19:48.090] [info]  - number of steps taken / attempted: 4173 / 4805
[2026-09-22 00:19:48.090] [info]  - number of projections: 11
[2026-09-22 00:19:48.090] [info]  - number of iterations: 4805
[2026-09-22 00:19:48.090] [info] -------
[2026-09-22 00:19:48.090] [info] Manager
[2026-09-22 00:19:48.090] [info] -------
[2026-09-22 00:19:48.090] [info] Starting integration at initial time 0.65 s...
[2026-09-22 00:19:48.737] [info] Integration complete at final time 0.70 s.
[2026-09-22 00:19:48.737] [info]  - CPU time elapsed: 0.640625 s
[2026-09-22 00:19:48.737] [info]  - real time elapsed: 0.646477 s
[2026-09-22 00:19:48.737] [info]  - ratio sim-to-real time: 1.083
[2026-09-22 00:19:48.737] [info]  - integrator method: SemiExplicitEuler2
[2026-09-22 00:19:48.737] [info]  - number of realizations: 9353
[2026-09-22 00:19:48.737] [info]  - number of steps taken / attempted: 4350 / 5002
[2026-09-22 00:19:48.737] [info]  - number of projections: 13
[2026-09-22 00:19:48.737] [info]  - number of iterations: 5002
[2026-09-22 00:19:48.737] [info] -------
[2026-09-22 00:19:48.737] [info] Manager
[2026-09-22 00:19:48.737] [info] -------
[2026-09-22 00:19:48.737] [info] Starting integration at initial time 0.70 s...
[2026-09-22 00:19:49.243] [info] Integration complete at final time 0.75 s.
[2026-09-22 00:19:49.244] [info]  - CPU time elapsed: 0.500000 s
[2026-09-22 00:19:49.244] [info]  - real time elapsed: 0.506658 s
[2026-09-22 00:19:49.244] [info]  - ratio sim-to-real time: 1.480
[2026-09-22 00:19:49.244] [info]  - integrator method: SemiExplicitEuler2
[2026-09-22 00:19:49.244] [info]  - number of realizations: 9622
[2026-09-22 00:19:49.244] [info]  - number of steps taken / attempted: 4475 / 5146
[2026-09-22 00:19:49.244] [info]  - number of projections: 15
[2026-09-22 00:19:49.244] [info]  - number of iterations: 5146
[2026-09-22 00:19:49.244] [info] -------
[2026-09-22 00:19:49.244] [info] Manager
[2026-09-22 00:19:49.244] [info] -------
[2026-09-22 00:19:49.244] [info] Starting integration at initial time 0.75 s...
[2026-09-22 00:19:49.817] [info] Integration complete at final time 0.80 s.
[2026-09-22 00:19:49.817] [info]  - CPU time elapsed: 0.562500 s
[2026-09-22 00:19:49.817] [info]  - real time elapsed: 0.573750 s
[2026-09-22 00:19:49.817] [info]  - ratio sim-to-real time: 1.394
[2026-09-22 00:19:49.817] [info]  - integrator method: SemiExplicitEuler2
[2026-09-22 00:19:49.817] [info]  - number of realizations: 9939
[2026-09-22 00:19:49.817] [info]  - number of steps taken / attempted: 4622 / 5316
[2026-09-22 00:19:49.817] [info]  - number of projections: 17
[2026-09-22 00:19:49.817] [info]  - number of iterations: 5316
[2026-09-22 00:19:49.818] [info] -------
[2026-09-22 00:19:49.818] [info] Manager
[2026-09-22 00:19:49.818] [info] -------
[2026-09-22 00:19:49.818] [info] Starting integration at initial time 0.80 s...
[2026-09-22 00:19:50.431] [info] Integration complete at final time 0.85 s.
[2026-09-22 00:19:50.431] [info]  - CPU time elapsed: 0.593750 s
[2026-09-22 00:19:50.431] [info]  - real time elapsed: 0.613565 s
[2026-09-22 00:19:50.431] [info]  - ratio sim-to-real time: 1.385
[2026-09-22 00:19:50.431] [info]  - integrator method: SemiExplicitEuler2
[2026-09-22 00:19:50.431] [info]  - number of realizations: 10260
[2026-09-22 00:19:50.431] [info]  - number of steps taken / attempted: 4759 / 5500
[2026-09-22 00:19:50.431] [info]  - number of projections: 18
[2026-09-22 00:19:50.431] [info]  - number of iterations: 5500
[2026-09-22 00:19:50.431] [info] -------
[2026-09-22 00:19:50.431] [info] Manager
[2026-09-22 00:19:50.431] [info] -------
[2026-09-22 00:19:50.431] [info] Starting integration at initial time 0.85 s...
[2026-09-22 00:19:51.096] [info] Integration complete at final time 0.90 s.
[2026-09-22 00:19:51.096] [info]  - CPU time elapsed: 0.656250 s
[2026-09-22 00:19:51.096] [info]  - real time elapsed: 0.665141 s
[2026-09-22 00:19:51.096] [info]  - ratio sim-to-real time: 1.353
[2026-09-22 00:19:51.096] [info]  - integrator method: SemiExplicitEuler2
[2026-09-22 00:19:51.096] [info]  - number of realizations: 10631
[2026-09-22 00:19:51.096] [info]  - number of steps taken / attempted: 4912 / 5718
[2026-09-22 00:19:51.096] [info]  - number of projections: 20
[2026-09-22 00:19:51.097] [info]  - number of iterations: 5718
[2026-09-22 00:19:51.097] [info] -------
[2026-09-22 00:19:51.097] [info] Manager
[2026-09-22 00:19:51.097] [info] -------
[2026-09-22 00:19:51.097] [info] Starting integration at initial time 0.90 s...
[2026-09-22 00:19:52.094] [info] Integration complete at final time 0.95 s.
[2026-09-22 00:19:52.095] [info]  - CPU time elapsed: 1.000000 s
[2026-09-22 00:19:52.095] [info]  - real time elapsed: 0.997896 s
[2026-09-22 00:19:52.095] [info]  - ratio sim-to-real time: 0.952
[2026-09-22 00:19:52.095] [info]  - integrator method: SemiExplicitEuler2
[2026-09-22 00:19:52.095] [info]  - number of realizations: 11231
[2026-09-22 00:19:52.095] [info]  - number of steps taken / attempted: 5128 / 6102
[2026-09-22 00:19:52.095] [info]  - number of projections: 27
[2026-09-22 00:19:52.095] [info]  - number of iterations: 6102
[2026-09-22 00:19:52.095] [info] -------
[2026-09-22 00:19:52.095] [info] Manager
[2026-09-22 00:19:52.095] [info] -------
[2026-09-22 00:19:52.095] [info] Starting integration at initial time 0.95 s...
[2026-09-22 00:19:52.876] [info] Integration complete at final time 1.00 s.
[2026-09-22 00:19:52.876] [info]  - CPU time elapsed: 0.750000 s
[2026-09-22 00:19:52.876] [info]  - real time elapsed: 0.781456 s
[2026-09-22 00:19:52.876] [info]  - ratio sim-to-real time: 1.280
[2026-09-22 00:19:52.876] [info]  - integrator method: SemiExplicitEuler2
[2026-09-22 00:19:52.876] [info]  - number of realizations: 11684
[2026-09-22 00:19:52.876] [info]  - number of steps taken / attempted: 5312 / 6371
[2026-09-22 00:19:52.876] [info]  - number of projections: 29
[2026-09-22 00:19:52.876] [info]  - number of iterations: 6371
[2026-09-22 00:19:52.876] [info] -------
[2026-09-22 00:19:52.876] [info] Manager
[2026-09-22 00:19:52.876] [info] -------
[2026-09-22 00:19:52.876] [info] Starting integration at initial time 1.00 s...
[2026-09-22 00:19:53.632] [info] Integration complete at final time 1.05 s.
[2026-09-22 00:19:53.632] [info]  - CPU time elapsed: 0.765625 s
[2026-09-22 00:19:53.632] [info]  - real time elapsed: 0.756046 s
[2026-09-22 00:19:53.632] [info]  - ratio sim-to-real time: 1.389
[2026-09-22 00:19:53.632] [info]  - integrator method: SemiExplicitEuler2
[2026-09-22 00:19:53.632] [info]  - number of realizations: 12100
[2026-09-22 00:19:53.632] [info]  - number of steps taken / attempted: 5479 / 6620
[2026-09-22 00:19:53.632] [info]  - number of projections: 33
[2026-09-22 00:19:53.632] [info]  - number of iterations: 6620
[2026-09-22 00:19:53.632] [info] -------
[2026-09-22 00:19:53.632] [info] Manager
[2026-09-22 00:19:53.632] [info] -------
[2026-09-22 00:19:53.632] [info] Starting integration at initial time 1.05 s...
[2026-09-22 00:19:54.232] [info] Integration complete at final time 1.10 s.
[2026-09-22 00:19:54.232] [info]  - CPU time elapsed: 0.593750 s
[2026-09-22 00:19:54.232] [info]  - real time elapsed: 0.599818 s
[2026-09-22 00:19:54.232] [info]  - ratio sim-to-real time: 1.834
[2026-09-22 00:19:54.232] [info]  - integrator method: SemiExplicitEuler2
[2026-09-22 00:19:54.232] [info]  - number of realizations: 12426
[2026-09-22 00:19:54.232] [info]  - number of steps taken / attempted: 5609 / 6816
[2026-09-22 00:19:54.232] [info]  - number of projections: 38
[2026-09-22 00:19:54.232] [info]  - number of iterations: 6816
[2026-09-22 00:19:54.232] [info] -------
[2026-09-22 00:19:54.232] [info] Manager
[2026-09-22 00:19:54.232] [info] -------
[2026-09-22 00:19:54.232] [info] Starting integration at initial time 1.10 s...
[2026-09-22 00:19:54.851] [info] Integration complete at final time 1.15 s.
[2026-09-22 00:19:54.851] [info]  - CPU time elapsed: 0.609375 s
[2026-09-22 00:19:54.851] [info]  - real time elapsed: 0.618352 s
[2026-09-22 00:19:54.851] [info]  - ratio sim-to-real time: 1.860
[2026-09-22 00:19:54.851] [info]  - integrator method: SemiExplicitEuler2
[2026-09-22 00:19:54.851] [info]  - number of realizations: 12770
[2026-09-22 00:19:54.851] [info]  - number of steps taken / attempted: 5764 / 7005
[2026-09-22 00:19:54.851] [info]  - number of projections: 40
[2026-09-22 00:19:54.851] [info]  - number of iterations: 7005
[2026-09-22 00:19:54.851] [info] -------
[2026-09-22 00:19:54.851] [info] Manager
[2026-09-22 00:19:54.851] [info] -------
[2026-09-22 00:19:54.851] [info] Starting integration at initial time 1.15 s...
[2026-09-22 00:19:55.487] [info] Integration complete at final time 1.20 s.
[2026-09-22 00:19:55.487] [info]  - CPU time elapsed: 0.640625 s
[2026-09-22 00:19:55.487] [info]  - real time elapsed: 0.636314 s
[2026-09-22 00:19:55.487] [info]  - ratio sim-to-real time: 1.886
[2026-09-22 00:19:55.487] [info]  - integrator method: SemiExplicitEuler2
[2026-09-22 00:19:55.487] [info]  - number of realizations: 13116
[2026-09-22 00:19:55.487] [info]  - number of steps taken / attempted: 5899 / 7216
[2026-09-22 00:19:55.487] [info]  - number of projections: 41
[2026-09-22 00:19:55.487] [info]  - number of iterations: 7216
[2026-09-22 00:19:55.487] [info] -------
[2026-09-22 00:19:55.487] [info] Manager
[2026-09-22 00:19:55.487] [info] -------
[2026-09-22 00:19:55.487] [info] Starting integration at initial time 1.20 s...
[2026-09-22 00:19:56.150] [info] Integration complete at final time 1.25 s.
[2026-09-22 00:19:56.150] [info]  - CPU time elapsed: 0.671875 s
[2026-09-22 00:19:56.150] [info]  - real time elapsed: 0.662113 s
[2026-09-22 00:19:56.150] [info]  - ratio sim-to-real time: 1.888
[2026-09-22 00:19:56.150] [info]  - integrator method: SemiExplicitEuler2
[2026-09-22 00:19:56.150] [info]  - number of realizations: 13497
[2026-09-22 00:19:56.150] [info]  - number of steps taken / attempted: 6071 / 7425
[2026-09-22 00:19:56.150] [info]  - number of projections: 45
[2026-09-22 00:19:56.150] [info]  - number of iterations: 7425
[2026-09-22 00:19:56.150] [info] -------
[2026-09-22 00:19:56.150] [info] Manager
[2026-09-22 00:19:56.150] [info] -------
[2026-09-22 00:19:56.150] [info] Starting integration at initial time 1.25 s...
[2026-09-22 00:19:56.637] [info] Integration complete at final time 1.30 s.
[2026-09-22 00:19:56.637] [info]  - CPU time elapsed: 0.453125 s
[2026-09-22 00:19:56.637] [info]  - real time elapsed: 0.486754 s
[2026-09-22 00:19:56.637] [info]  - ratio sim-to-real time: 2.671
[2026-09-22 00:19:56.637] [info]  - integrator method: SemiExplicitEuler2
[2026-09-22 00:19:56.637] [info]  - number of realizations: 13750
[2026-09-22 00:19:56.637] [info]  - number of steps taken / attempted: 6186 / 7563
[2026-09-22 00:19:56.637] [info]  - number of projections: 47
[2026-09-22 00:19:56.637] [info]  - number of iterations: 7563
[2026-09-22 00:19:56.637] [info] -------
[2026-09-22 00:19:56.637] [info] Manager
[2026-09-22 00:19:56.637] [info] -------
[2026-09-22 00:19:56.637] [info] Starting integration at initial time 1.30 s...
[2026-09-22 00:19:57.495] [info] Integration complete at final time 1.35 s.
[2026-09-22 00:19:57.495] [info]  - CPU time elapsed: 0.859375 s
[2026-09-22 00:19:57.495] [info]  - real time elapsed: 0.858249 s
[2026-09-22 00:19:57.495] [info]  - ratio sim-to-real time: 1.573
[2026-09-22 00:19:57.495] [info]  - integrator method: SemiExplicitEuler2
[2026-09-22 00:19:57.495] [info]  - number of realizations: 14253
[2026-09-22 00:19:57.495] [info]  - number of steps taken / attempted: 6389 / 7863
[2026-09-22 00:19:57.495] [info]  - number of projections: 53
[2026-09-22 00:19:57.495] [info]  - number of iterations: 7863
[2026-09-22 00:19:57.495] [info] -------
[2026-09-22 00:19:57.495] [info] Manager
[2026-09-22 00:19:57.495] [info] -------
[2026-09-22 00:19:57.495] [info] Starting integration at initial time 1.35 s...
[2026-09-22 00:19:58.113] [info] Integration complete at final time 1.40 s.
[2026-09-22 00:19:58.114] [info]  - CPU time elapsed: 0.593750 s
[2026-09-22 00:19:58.114] [info]  - real time elapsed: 0.618396 s
[2026-09-22 00:19:58.114] [info]  - ratio sim-to-real time: 2.264
[2026-09-22 00:19:58.114] [info]  - integrator method: SemiExplicitEuler2
[2026-09-22 00:19:58.114] [info]  - number of realizations: 14587
[2026-09-22 00:19:58.114] [info]  - number of steps taken / attempted: 6520 / 8066
[2026-09-22 00:19:58.114] [info]  - number of projections: 53
[2026-09-22 00:19:58.114] [info]  - number of iterations: 8066
[2026-09-22 00:19:58.114] [info] -------
[2026-09-22 00:19:58.114] [info] Manager
[2026-09-22 00:19:58.114] [info] -------
[2026-09-22 00:19:58.114] [info] Starting integration at initial time 1.40 s...
[2026-09-22 00:19:58.799] [info] Integration complete at final time 1.45 s.
[2026-09-22 00:19:58.799] [info]  - CPU time elapsed: 0.671875 s
[2026-09-22 00:19:58.799] [info]  - real time elapsed: 0.685784 s
[2026-09-22 00:19:58.799] [info]  - ratio sim-to-real time: 2.114
[2026-09-22 00:19:58.799] [info]  - integrator method: SemiExplicitEuler2
[2026-09-22 00:19:58.799] [info]  - number of realizations: 14954
[2026-09-22 00:19:58.799] [info]  - number of steps taken / attempted: 6678 / 8275
[2026-09-22 00:19:58.799] [info]  - number of projections: 60
[2026-09-22 00:19:58.799] [info]  - number of iterations: 8275
[2026-09-22 00:19:58.800] [info] -------
[2026-09-22 00:19:58.800] [info] Manager
[2026-09-22 00:19:58.800] [info] -------
[2026-09-22 00:19:58.800] [info] Starting integration at initial time 1.45 s...
[2026-09-22 00:19:59.523] [info] Integration complete at final time 1.50 s.
[2026-09-22 00:19:59.523] [info]  - CPU time elapsed: 0.718750 s
[2026-09-22 00:19:59.523] [info]  - real time elapsed: 0.722990 s
[2026-09-22 00:19:59.523] [info]  - ratio sim-to-real time: 2.075
[2026-09-22 00:19:59.523] [info]  - integrator method: SemiExplicitEuler2
[2026-09-22 00:19:59.523] [info]  - number of realizations: 15366
[2026-09-22 00:19:59.523] [info]  - number of steps taken / attempted: 6864 / 8501
[2026-09-22 00:19:59.523] [info]  - number of projections: 60
[2026-09-22 00:19:59.523] [info]  - number of iterations: 8501
[2026-09-22 00:19:59.523] [info] -------
[2026-09-22 00:19:59.523] [info] Manager
[2026-09-22 00:19:59.523] [info] -------
[2026-09-22 00:19:59.523] [info] Starting integration at initial time 1.50 s...
[2026-09-22 00:20:00.354] [info] Integration complete at final time 1.55 s.
[2026-09-22 00:20:00.354] [info]  - CPU time elapsed: 0.843750 s
[2026-09-22 00:20:00.354] [info]  - real time elapsed: 0.831222 s
[2026-09-22 00:20:00.354] [info]  - ratio sim-to-real time: 1.865
[2026-09-22 00:20:00.354] [info]  - integrator method: SemiExplicitEuler2
[2026-09-22 00:20:00.354] [info]  - number of realizations: 15833
[2026-09-22 00:20:00.354] [info]  - number of steps taken / attempted: 7049 / 8783
[2026-09-22 00:20:00.354] [info]  - number of projections: 60
[2026-09-22 00:20:00.354] [info]  - number of iterations: 8783
[2026-09-22 00:20:00.354] [info] -------
[2026-09-22 00:20:00.354] [info] Manager
[2026-09-22 00:20:00.354] [info] -------
[2026-09-22 00:20:00.354] [info] Starting integration at initial time 1.55 s...
[2026-09-22 00:20:01.598] [info] Integration complete at final time 1.60 s.
[2026-09-22 00:20:01.598] [info]  - CPU time elapsed: 1.234375 s
[2026-09-22 00:20:01.598] [info]  - real time elapsed: 1.244211 s
[2026-09-22 00:20:01.598] [info]  - ratio sim-to-real time: 1.286
[2026-09-22 00:20:01.598] [info]  - integrator method: SemiExplicitEuler2
[2026-09-22 00:20:01.598] [info]  - number of realizations: 16560
[2026-09-22 00:20:01.598] [info]  - number of steps taken / attempted: 7373 / 9186
[2026-09-22 00:20:01.598] [info]  - number of projections: 61
[2026-09-22 00:20:01.598] [info]  - number of iterations: 9186
[2026-09-22 00:20:01.598] [info] -------
[2026-09-22 00:20:01.598] [info] Manager
[2026-09-22 00:20:01.598] [info] -------
[2026-09-22 00:20:01.598] [info] Starting integration at initial time 1.60 s...
[2026-09-22 00:20:02.399] [info] Integration complete at final time 1.65 s.
[2026-09-22 00:20:02.399] [info]  - CPU time elapsed: 0.750000 s
[2026-09-22 00:20:02.399] [info]  - real time elapsed: 0.800600 s
[2026-09-22 00:20:02.399] [info]  - ratio sim-to-real time: 2.061
[2026-09-22 00:20:02.399] [info]  - integrator method: SemiExplicitEuler2
[2026-09-22 00:20:02.399] [info]  - number of realizations: 17027
[2026-09-22 00:20:02.399] [info]  - number of steps taken / attempted: 7595 / 9431
[2026-09-22 00:20:02.399] [info]  - number of projections: 61
[2026-09-22 00:20:02.399] [info]  - number of iterations: 9431
[2026-09-22 00:20:02.399] [info] -------
[2026-09-22 00:20:02.399] [info] Manager
[2026-09-22 00:20:02.399] [info] -------
[2026-09-22 00:20:02.399] [info] Starting integration at initial time 1.65 s...
[2026-09-22 00:20:03.064] [info] Integration complete at final time 1.70 s.
[2026-09-22 00:20:03.064] [info]  - CPU time elapsed: 0.671875 s
[2026-09-22 00:20:03.064] [info]  - real time elapsed: 0.664333 s
[2026-09-22 00:20:03.064] [info]  - ratio sim-to-real time: 2.559
[2026-09-22 00:20:03.064] [info]  - integrator method: SemiExplicitEuler2
[2026-09-22 00:20:03.064] [info]  - number of realizations: 17396
[2026-09-22 00:20:03.064] [info]  - number of steps taken / attempted: 7768 / 9627
[2026-09-22 00:20:03.064] [info]  - number of projections: 62
[2026-09-22 00:20:03.064] [info]  - number of iterations: 9627
[2026-09-22 00:20:03.064] [info] -------
[2026-09-22 00:20:03.064] [info] Manager
[2026-09-22 00:20:03.064] [info] -------
[2026-09-22 00:20:03.064] [info] Starting integration at initial time 1.70 s...
[2026-09-22 00:20:03.741] [info] Integration complete at final time 1.75 s.
[2026-09-22 00:20:03.741] [info]  - CPU time elapsed: 0.671875 s
[2026-09-22 00:20:03.741] [info]  - real time elapsed: 0.677577 s
[2026-09-22 00:20:03.741] [info]  - ratio sim-to-real time: 2.583
[2026-09-22 00:20:03.741] [info]  - integrator method: SemiExplicitEuler2
[2026-09-22 00:20:03.741] [info]  - number of realizations: 17775
[2026-09-22 00:20:03.741] [info]  - number of steps taken / attempted: 7951 / 9823
[2026-09-22 00:20:03.741] [info]  - number of projections: 63
[2026-09-22 00:20:03.741] [info]  - number of iterations: 9823
[2026-09-22 00:20:03.741] [info] -------
[2026-09-22 00:20:03.741] [info] Manager
[2026-09-22 00:20:03.741] [info] -------
[2026-09-22 00:20:03.741] [info] Starting integration at initial time 1.75 s...
[2026-09-22 00:20:04.279] [info] Integration complete at final time 1.80 s.
[2026-09-22 00:20:04.279] [info]  - CPU time elapsed: 0.546875 s
[2026-09-22 00:20:04.279] [info]  - real time elapsed: 0.537693 s
[2026-09-22 00:20:04.279] [info]  - ratio sim-to-real time: 3.348
[2026-09-22 00:20:04.279] [info]  - integrator method: SemiExplicitEuler2
[2026-09-22 00:20:04.279] [info]  - number of realizations: 18057
[2026-09-22 00:20:04.279] [info]  - number of steps taken / attempted: 8086 / 9970
[2026-09-22 00:20:04.279] [info]  - number of projections: 65
[2026-09-22 00:20:04.279] [info]  - number of iterations: 9970
[2026-09-22 00:20:04.279] [info] -------
[2026-09-22 00:20:04.279] [info] Manager
[2026-09-22 00:20:04.279] [info] -------
[2026-09-22 00:20:04.279] [info] Starting integration at initial time 1.80 s...
[2026-09-22 00:20:04.772] [info] Integration complete at final time 1.85 s.
[2026-09-22 00:20:04.772] [info]  - CPU time elapsed: 0.484375 s
[2026-09-22 00:20:04.772] [info]  - real time elapsed: 0.492966 s
[2026-09-22 00:20:04.772] [info]  - ratio sim-to-real time: 3.753
[2026-09-22 00:20:04.772] [info]  - integrator method: SemiExplicitEuler2
[2026-09-22 00:20:04.772] [info]  - number of realizations: 18309
[2026-09-22 00:20:04.772] [info]  - number of steps taken / attempted: 8203 / 10105
[2026-09-22 00:20:04.772] [info]  - number of projections: 66
[2026-09-22 00:20:04.772] [info]  - number of iterations: 10105
[2026-09-22 00:20:04.772] [info] -------
[2026-09-22 00:20:04.772] [info] Manager
[2026-09-22 00:20:04.772] [info] -------
[2026-09-22 00:20:04.772] [info] Starting integration at initial time 1.85 s...
[2026-09-22 00:20:05.381] [info] Integration complete at final time 1.90 s.
[2026-09-22 00:20:05.381] [info]  - CPU time elapsed: 0.609375 s
[2026-09-22 00:20:05.381] [info]  - real time elapsed: 0.608275 s
[2026-09-22 00:20:05.381] [info]  - ratio sim-to-real time: 3.124
[2026-09-22 00:20:05.381] [info]  - integrator method: SemiExplicitEuler2
[2026-09-22 00:20:05.381] [info]  - number of realizations: 18635
[2026-09-22 00:20:05.381] [info]  - number of steps taken / attempted: 8353 / 10281
[2026-09-22 00:20:05.381] [info]  - number of projections: 69
[2026-09-22 00:20:05.381] [info]  - number of iterations: 10281
[2026-09-22 00:20:05.381] [info] -------
[2026-09-22 00:20:05.381] [info] Manager
[2026-09-22 00:20:05.381] [info] -------
[2026-09-22 00:20:05.381] [info] Starting integration at initial time 1.90 s...
[2026-09-22 00:20:05.764] [info] Integration complete at final time 1.95 s.
[2026-09-22 00:20:05.764] [info]  - CPU time elapsed: 0.359375 s
[2026-09-22 00:20:05.764] [info]  - real time elapsed: 0.383268 s
[2026-09-22 00:20:05.764] [info]  - ratio sim-to-real time: 5.088
[2026-09-22 00:20:05.764] [info]  - integrator method: SemiExplicitEuler2
[2026-09-22 00:20:05.764] [info]  - number of realizations: 18804
[2026-09-22 00:20:05.764] [info]  - number of steps taken / attempted: 8434 / 10369
[2026-09-22 00:20:05.764] [info]  - number of projections: 72
[2026-09-22 00:20:05.764] [info]  - number of iterations: 10369
[2026-09-22 00:20:05.764] [info] -------
[2026-09-22 00:20:05.764] [info] Manager
[2026-09-22 00:20:05.764] [info] -------
[2026-09-22 00:20:05.764] [info] Starting integration at initial time 1.95 s...
[2026-09-22 00:20:06.337] [info] Integration complete at final time 2.00 s.
[2026-09-22 00:20:06.337] [info]  - CPU time elapsed: 0.562500 s
[2026-09-22 00:20:06.337] [info]  - real time elapsed: 0.572549 s
[2026-09-22 00:20:06.337] [info]  - ratio sim-to-real time: 3.493
[2026-09-22 00:20:06.337] [info]  - integrator method: SemiExplicitEuler2
[2026-09-22 00:20:06.337] [info]  - number of realizations: 19108
[2026-09-22 00:20:06.337] [info]  - number of steps taken / attempted: 8567 / 10540
[2026-09-22 00:20:06.337] [info]  - number of projections: 73
[2026-09-22 00:20:06.337] [info]  - number of iterations: 10540
[2026-09-22 00:20:06.337] [info] -------
[2026-09-22 00:20:06.337] [info] Manager
[2026-09-22 00:20:06.337] [info] -------
[2026-09-22 00:20:06.337] [info] Starting integration at initial time 2.00 s...
[2026-09-22 00:20:06.769] [info] Integration complete at final time 2.05 s.
[2026-09-22 00:20:06.769] [info]  - CPU time elapsed: 0.421875 s
[2026-09-22 00:20:06.769] [info]  - real time elapsed: 0.431874 s
[2026-09-22 00:20:06.769] [info]  - ratio sim-to-real time: 4.747
[2026-09-22 00:20:06.769] [info]  - integrator method: SemiExplicitEuler2
[2026-09-22 00:20:06.769] [info]  - number of realizations: 19310
[2026-09-22 00:20:06.769] [info]  - number of steps taken / attempted: 8661 / 10648
[2026-09-22 00:20:06.769] [info]  - number of projections: 76
[2026-09-22 00:20:06.769] [info]  - number of iterations: 10648
[2026-09-22 00:20:06.769] [info] -------
[2026-09-22 00:20:06.769] [info] Manager
[2026-09-22 00:20:06.769] [info] -------
[2026-09-22 00:20:06.769] [info] Starting integration at initial time 2.05 s...
[2026-09-22 00:20:07.424] [info] Integration complete at final time 2.10 s.
[2026-09-22 00:20:07.424] [info]  - CPU time elapsed: 0.656250 s
[2026-09-22 00:20:07.424] [info]  - real time elapsed: 0.655289 s
[2026-09-22 00:20:07.424] [info]  - ratio sim-to-real time: 3.205
[2026-09-22 00:20:07.424] [info]  - integrator method: SemiExplicitEuler2
[2026-09-22 00:20:07.424] [info]  - number of realizations: 19653
[2026-09-22 00:20:07.424] [info]  - number of steps taken / attempted: 8795 / 10857
[2026-09-22 00:20:07.424] [info]  - number of projections: 77
[2026-09-22 00:20:07.424] [info]  - number of iterations: 10857
[2026-09-22 00:20:07.425] [info] -------
[2026-09-22 00:20:07.425] [info] Manager
[2026-09-22 00:20:07.425] [info] -------
[2026-09-22 00:20:07.425] [info] Starting integration at initial time 2.10 s...
[2026-09-22 00:20:08.056] [info] Integration complete at final time 2.15 s.
[2026-09-22 00:20:08.056] [info]  - CPU time elapsed: 0.625000 s
[2026-09-22 00:20:08.056] [info]  - real time elapsed: 0.631306 s
[2026-09-22 00:20:08.056] [info]  - ratio sim-to-real time: 3.406
[2026-09-22 00:20:08.056] [info]  - integrator method: SemiExplicitEuler2
[2026-09-22 00:20:08.056] [info]  - number of realizations: 19985
[2026-09-22 00:20:08.056] [info]  - number of steps taken / attempted: 8917 / 11067
[2026-09-22 00:20:08.056] [info]  - number of projections: 80
[2026-09-22 00:20:08.056] [info]  - number of iterations: 11067
[2026-09-22 00:20:08.056] [info] -------
[2026-09-22 00:20:08.056] [info] Manager
[2026-09-22 00:20:08.056] [info] -------
[2026-09-22 00:20:08.056] [info] Starting integration at initial time 2.15 s...
[2026-09-22 00:20:08.834] [info] Integration complete at final time 2.20 s.
[2026-09-22 00:20:08.834] [info]  - CPU time elapsed: 0.750000 s
[2026-09-22 00:20:08.834] [info]  - real time elapsed: 0.778293 s
[2026-09-22 00:20:08.834] [info]  - ratio sim-to-real time: 2.827
[2026-09-22 00:20:08.834] [info]  - integrator method: SemiExplicitEuler2
[2026-09-22 00:20:08.834] [info]  - number of realizations: 20427
[2026-09-22 00:20:08.834] [info]  - number of steps taken / attempted: 9116 / 11310
[2026-09-22 00:20:08.834] [info]  - number of projections: 81
[2026-09-22 00:20:08.834] [info]  - number of iterations: 11310
[2026-09-22 00:20:08.834] [info] -------
[2026-09-22 00:20:08.834] [info] Manager
[2026-09-22 00:20:08.834] [info] -------
[2026-09-22 00:20:08.834] [info] Starting integration at initial time 2.20 s...
[2026-09-22 00:20:09.785] [info] Integration complete at final time 2.25 s.
[2026-09-22 00:20:09.785] [info]  - CPU time elapsed: 0.937500 s
[2026-09-22 00:20:09.785] [info]  - real time elapsed: 0.950336 s
[2026-09-22 00:20:09.785] [info]  - ratio sim-to-real time: 2.368
[2026-09-22 00:20:09.785] [info]  - integrator method: SemiExplicitEuler2
[2026-09-22 00:20:09.785] [info]  - number of realizations: 20994
[2026-09-22 00:20:09.785] [info]  - number of steps taken / attempted: 9371 / 11622
[2026-09-22 00:20:09.785] [info]  - number of projections: 84
[2026-09-22 00:20:09.785] [info]  - number of iterations: 11622
[2026-09-22 00:20:09.785] [info] -------
[2026-09-22 00:20:09.785] [info] Manager
[2026-09-22 00:20:09.785] [info] -------
[2026-09-22 00:20:09.785] [info] Starting integration at initial time 2.25 s...
[2026-09-22 00:20:10.532] [info] Integration complete at final time 2.30 s.
[2026-09-22 00:20:10.532] [info]  - CPU time elapsed: 0.750000 s
[2026-09-22 00:20:10.532] [info]  - real time elapsed: 0.747228 s
[2026-09-22 00:20:10.532] [info]  - ratio sim-to-real time: 3.078
[2026-09-22 00:20:10.532] [info]  - integrator method: SemiExplicitEuler2
[2026-09-22 00:20:10.532] [info]  - number of realizations: 21414
[2026-09-22 00:20:10.532] [info]  - number of steps taken / attempted: 9552 / 11861
[2026-09-22 00:20:10.532] [info]  - number of projections: 85
[2026-09-22 00:20:10.532] [info]  - number of iterations: 11861
[2026-09-22 00:20:10.532] [info] -------
[2026-09-22 00:20:10.532] [info] Manager
[2026-09-22 00:20:10.532] [info] -------
[2026-09-22 00:20:10.532] [info] Starting integration at initial time 2.30 s...
[2026-09-22 00:20:11.309] [info] Integration complete at final time 2.35 s.
[2026-09-22 00:20:11.309] [info]  - CPU time elapsed: 0.781250 s
[2026-09-22 00:20:11.309] [info]  - real time elapsed: 0.776781 s
[2026-09-22 00:20:11.309] [info]  - ratio sim-to-real time: 3.025
[2026-09-22 00:20:11.309] [info]  - integrator method: SemiExplicitEuler2
[2026-09-22 00:20:11.309] [info]  - number of realizations: 21848
[2026-09-22 00:20:11.309] [info]  - number of steps taken / attempted: 9721 / 12126
[2026-09-22 00:20:11.309] [info]  - number of projections: 91
[2026-09-22 00:20:11.309] [info]  - number of iterations: 12126
[2026-09-22 00:20:11.309] [info] -------
[2026-09-22 00:20:11.309] [info] Manager
[2026-09-22 00:20:11.309] [info] -------
[2026-09-22 00:20:11.309] [info] Starting integration at initial time 2.35 s...
[2026-09-22 00:20:12.032] [info] Integration complete at final time 2.40 s.
[2026-09-22 00:20:12.032] [info]  - CPU time elapsed: 0.718750 s
[2026-09-22 00:20:12.032] [info]  - real time elapsed: 0.722338 s
[2026-09-22 00:20:12.032] [info]  - ratio sim-to-real time: 3.323
[2026-09-22 00:20:12.032] [info]  - integrator method: SemiExplicitEuler2
[2026-09-22 00:20:12.032] [info]  - number of realizations: 22240
[2026-09-22 00:20:12.032] [info]  - number of steps taken / attempted: 9872 / 12367
[2026-09-22 00:20:12.032] [info]  - number of projections: 91
[2026-09-22 00:20:12.032] [info]  - number of iterations: 12367
[2026-09-22 00:20:12.032] [info] -------
[2026-09-22 00:20:12.032] [info] Manager
[2026-09-22 00:20:12.032] [info] -------
[2026-09-22 00:20:12.032] [info] Starting integration at initial time 2.40 s...
[2026-09-22 00:20:12.760] [info] Integration complete at final time 2.45 s.
[2026-09-22 00:20:12.760] [info]  - CPU time elapsed: 0.734375 s
[2026-09-22 00:20:12.760] [info]  - real time elapsed: 0.728390 s
[2026-09-22 00:20:12.760] [info]  - ratio sim-to-real time: 3.364
[2026-09-22 00:20:12.760] [info]  - integrator method: SemiExplicitEuler2
[2026-09-22 00:20:12.760] [info]  - number of realizations: 22642
[2026-09-22 00:20:12.760] [info]  - number of steps taken / attempted: 10045 / 12596
[2026-09-22 00:20:12.760] [info]  - number of projections: 97
[2026-09-22 00:20:12.760] [info]  - number of iterations: 12596
[2026-09-22 00:20:12.760] [info] -------
[2026-09-22 00:20:12.760] [info] Manager
[2026-09-22 00:20:12.760] [info] -------
[2026-09-22 00:20:12.760] [info] Starting integration at initial time 2.45 s...
[2026-09-22 00:20:13.464] [info] Integration complete at final time 2.50 s.
[2026-09-22 00:20:13.464] [info]  - CPU time elapsed: 0.703125 s
[2026-09-22 00:20:13.464] [info]  - real time elapsed: 0.704054 s
[2026-09-22 00:20:13.464] [info]  - ratio sim-to-real time: 3.551
[2026-09-22 00:20:13.464] [info]  - integrator method: SemiExplicitEuler2
[2026-09-22 00:20:13.464] [info]  - number of realizations: 23028
[2026-09-22 00:20:13.464] [info]  - number of steps taken / attempted: 10211 / 12816
[2026-09-22 00:20:13.464] [info]  - number of projections: 97
[2026-09-22 00:20:13.464] [info]  - number of iterations: 12816
[2026-09-22 00:20:13.465] [info] -------
[2026-09-22 00:20:13.465] [info] Manager
[2026-09-22 00:20:13.465] [info] -------
[2026-09-22 00:20:13.465] [info] Starting integration at initial time 2.50 s...
[2026-09-22 00:20:14.297] [info] Integration complete at final time 2.55 s.
[2026-09-22 00:20:14.297] [info]  - CPU time elapsed: 0.828125 s
[2026-09-22 00:20:14.297] [info]  - real time elapsed: 0.832594 s
[2026-09-22 00:20:14.297] [info]  - ratio sim-to-real time: 3.063
[2026-09-22 00:20:14.297] [info]  - integrator method: SemiExplicitEuler2
[2026-09-22 00:20:14.297] [info]  - number of realizations: 23506
[2026-09-22 00:20:14.297] [info]  - number of steps taken / attempted: 10415 / 13090
[2026-09-22 00:20:14.297] [info]  - number of projections: 97
[2026-09-22 00:20:14.297] [info]  - number of iterations: 13090
[2026-09-22 00:20:14.297] [info] -------
[2026-09-22 00:20:14.297] [info] Manager
[2026-09-22 00:20:14.297] [info] -------
[2026-09-22 00:20:14.297] [info] Starting integration at initial time 2.55 s...
[2026-09-22 00:20:15.216] [info] Integration complete at final time 2.60 s.
[2026-09-22 00:20:15.216] [info]  - CPU time elapsed: 0.906250 s
[2026-09-22 00:20:15.216] [info]  - real time elapsed: 0.918937 s
[2026-09-22 00:20:15.216] [info]  - ratio sim-to-real time: 2.829
[2026-09-22 00:20:15.216] [info]  - integrator method: SemiExplicitEuler2
[2026-09-22 00:20:15.216] [info]  - number of realizations: 24045
[2026-09-22 00:20:15.216] [info]  - number of steps taken / attempted: 10664 / 13380
[2026-09-22 00:20:15.216] [info]  - number of projections: 98
[2026-09-22 00:20:15.216] [info]  - number of iterations: 13380
[2026-09-22 00:20:15.216] [info] -------
[2026-09-22 00:20:15.216] [info] Manager
[2026-09-22 00:20:15.216] [info] -------
[2026-09-22 00:20:15.216] [info] Starting integration at initial time 2.60 s...
[2026-09-22 00:20:15.934] [info] Integration complete at final time 2.65 s.
[2026-09-22 00:20:15.934] [info]  - CPU time elapsed: 0.703125 s
[2026-09-22 00:20:15.934] [info]  - real time elapsed: 0.717539 s
[2026-09-22 00:20:15.934] [info]  - ratio sim-to-real time: 3.693
[2026-09-22 00:20:15.934] [info]  - integrator method: SemiExplicitEuler2
[2026-09-22 00:20:15.934] [info]  - number of realizations: 24442
[2026-09-22 00:20:15.934] [info]  - number of steps taken / attempted: 10850 / 13591
[2026-09-22 00:20:15.934] [info]  - number of projections: 100
[2026-09-22 00:20:15.934] [info]  - number of iterations: 13591
[2026-09-22 00:20:15.934] [info] -------
[2026-09-22 00:20:15.934] [info] Manager
[2026-09-22 00:20:15.934] [info] -------
[2026-09-22 00:20:15.934] [info] Starting integration at initial time 2.65 s...
[2026-09-22 00:20:16.669] [info] Integration complete at final time 2.70 s.
[2026-09-22 00:20:16.669] [info]  - CPU time elapsed: 0.703125 s
[2026-09-22 00:20:16.669] [info]  - real time elapsed: 0.735196 s
[2026-09-22 00:20:16.669] [info]  - ratio sim-to-real time: 3.672
[2026-09-22 00:20:16.669] [info]  - integrator method: SemiExplicitEuler2
[2026-09-22 00:20:16.669] [info]  - number of realizations: 24857
[2026-09-22 00:20:16.669] [info]  - number of steps taken / attempted: 11048 / 13808
[2026-09-22 00:20:16.669] [info]  - number of projections: 102
[2026-09-22 00:20:16.669] [info]  - number of iterations: 13808
[2026-09-22 00:20:16.670] [info] -------
[2026-09-22 00:20:16.670] [info] Manager
[2026-09-22 00:20:16.670] [info] -------
[2026-09-22 00:20:16.670] [info] Starting integration at initial time 2.70 s...
[2026-09-22 00:20:17.294] [info] Integration complete at final time 2.75 s.
[2026-09-22 00:20:17.294] [info]  - CPU time elapsed: 0.625000 s
[2026-09-22 00:20:17.294] [info]  - real time elapsed: 0.624012 s
[2026-09-22 00:20:17.294] [info]  - ratio sim-to-real time: 4.407
[2026-09-22 00:20:17.294] [info]  - integrator method: SemiExplicitEuler2
[2026-09-22 00:20:17.294] [info]  - number of realizations: 25191
[2026-09-22 00:20:17.294] [info]  - number of steps taken / attempted: 11206 / 13984
[2026-09-22 00:20:17.294] [info]  - number of projections: 103
[2026-09-22 00:20:17.294] [info]  - number of iterations: 13984
[2026-09-22 00:20:17.294] [info] -------
[2026-09-22 00:20:17.294] [info] Manager
[2026-09-22 00:20:17.294] [info] -------
[2026-09-22 00:20:17.294] [info] Starting integration at initial time 2.75 s...
[2026-09-22 00:20:17.932] [info] Integration complete at final time 2.80 s.
[2026-09-22 00:20:17.932] [info]  - CPU time elapsed: 0.640625 s
[2026-09-22 00:20:17.932] [info]  - real time elapsed: 0.637824 s
[2026-09-22 00:20:17.932] [info]  - ratio sim-to-real time: 4.390
[2026-09-22 00:20:17.932] [info]  - integrator method: SemiExplicitEuler2
[2026-09-22 00:20:17.932] [info]  - number of realizations: 25527
[2026-09-22 00:20:17.932] [info]  - number of steps taken / attempted: 11355 / 14171
[2026-09-22 00:20:17.932] [info]  - number of projections: 107
[2026-09-22 00:20:17.932] [info]  - number of iterations: 14171
[2026-09-22 00:20:17.932] [info] -------
[2026-09-22 00:20:17.932] [info] Manager
[2026-09-22 00:20:17.932] [info] -------
[2026-09-22 00:20:17.932] [info] Starting integration at initial time 2.80 s...
[2026-09-22 00:20:18.732] [info] Integration complete at final time 2.85 s.
[2026-09-22 00:20:18.732] [info]  - CPU time elapsed: 0.796875 s
[2026-09-22 00:20:18.732] [info]  - real time elapsed: 0.800133 s
[2026-09-22 00:20:18.732] [info]  - ratio sim-to-real time: 3.562
[2026-09-22 00:20:18.732] [info]  - integrator method: SemiExplicitEuler2
[2026-09-22 00:20:18.732] [info]  - number of realizations: 25978
[2026-09-22 00:20:18.732] [info]  - number of steps taken / attempted: 11552 / 14425
[2026-09-22 00:20:18.732] [info]  - number of projections: 112
[2026-09-22 00:20:18.732] [info]  - number of iterations: 14425
[2026-09-22 00:20:18.732] [info] -------
[2026-09-22 00:20:18.732] [info] Manager
[2026-09-22 00:20:18.732] [info] -------
[2026-09-22 00:20:18.732] [info] Starting integration at initial time 2.85 s...
[2026-09-22 00:20:19.268] [info] Integration complete at final time 2.90 s.
[2026-09-22 00:20:19.268] [info]  - CPU time elapsed: 0.531250 s
[2026-09-22 00:20:19.268] [info]  - real time elapsed: 0.535560 s
[2026-09-22 00:20:19.268] [info]  - ratio sim-to-real time: 5.415
[2026-09-22 00:20:19.268] [info]  - integrator method: SemiExplicitEuler2
[2026-09-22 00:20:19.268] [info]  - number of realizations: 26242
[2026-09-22 00:20:19.268] [info]  - number of steps taken / attempted: 11672 / 14569
[2026-09-22 00:20:19.268] [info]  - number of projections: 114
[2026-09-22 00:20:19.268] [info]  - number of iterations: 14569
[2026-09-22 00:20:19.268] [info] -------
[2026-09-22 00:20:19.268] [info] Manager
[2026-09-22 00:20:19.268] [info] -------
[2026-09-22 00:20:19.268] [info] Starting integration at initial time 2.90 s...
[2026-09-22 00:20:19.853] [info] Integration complete at final time 2.95 s.
[2026-09-22 00:20:19.853] [info]  - CPU time elapsed: 0.593750 s
[2026-09-22 00:20:19.853] [info]  - real time elapsed: 0.585052 s
[2026-09-22 00:20:19.853] [info]  - ratio sim-to-real time: 5.042
[2026-09-22 00:20:19.853] [info]  - integrator method: SemiExplicitEuler2
[2026-09-22 00:20:19.853] [info]  - number of realizations: 26538
[2026-09-22 00:20:19.853] [info]  - number of steps taken / attempted: 11796 / 14741
[2026-09-22 00:20:19.853] [info]  - number of projections: 117
[2026-09-22 00:20:19.853] [info]  - number of iterations: 14741
[2026-09-22 00:20:19.853] [info] -------
[2026-09-22 00:20:19.853] [info] Manager
[2026-09-22 00:20:19.853] [info] -------
[2026-09-22 00:20:19.853] [info] Starting integration at initial time 2.95 s...
[2026-09-22 00:20:20.551] [info] Integration complete at final time 3.00 s.
[2026-09-22 00:20:20.551] [info]  - CPU time elapsed: 0.671875 s
[2026-09-22 00:20:20.551] [info]  - real time elapsed: 0.697990 s
[2026-09-22 00:20:20.551] [info]  - ratio sim-to-real time: 4.298
[2026-09-22 00:20:20.551] [info]  - integrator method: SemiExplicitEuler2
[2026-09-22 00:20:20.551] [info]  - number of realizations: 26878
[2026-09-22 00:20:20.551] [info]  - number of steps taken / attempted: 11950 / 14927
[2026-09-22 00:20:20.551] [info]  - number of projections: 119
[2026-09-22 00:20:20.551] [info]  - number of iterations: 14927
[2026-09-22 00:20:20.551] [info] -------
[2026-09-22 00:20:20.551] [info] Manager
[2026-09-22 00:20:20.551] [info] -------
[2026-09-22 00:20:20.551] [info] Starting integration at initial time 3.00 s...
[2026-09-22 00:20:21.142] [info] Integration complete at final time 3.05 s.
[2026-09-22 00:20:21.142] [info]  - CPU time elapsed: 0.593750 s
[2026-09-22 00:20:21.142] [info]  - real time elapsed: 0.590546 s
[2026-09-22 00:20:21.142] [info]  - ratio sim-to-real time: 5.165
[2026-09-22 00:20:21.142] [info]  - integrator method: SemiExplicitEuler2
[2026-09-22 00:20:21.142] [info]  - number of realizations: 27179
[2026-09-22 00:20:21.142] [info]  - number of steps taken / attempted: 12092 / 15086
[2026-09-22 00:20:21.142] [info]  - number of projections: 121
[2026-09-22 00:20:21.142] [info]  - number of iterations: 15086
[2026-09-22 00:22:00.099] [info] Loaded library D:\Akademik\PhD_Thesis\OpenSim\HeadNeck_Control_w_Sensors_Opensim4_6\proprioception_plugin\build\Release\osimMillard12EqWithAff.dll
[2026-09-22 00:22:00.105] [info] Loaded library D:\Akademik\PhD_Thesis\OpenSim\HeadNeck_Control_w_Sensors_Opensim4_6\vestibular_plugin\build\Release\osimVestibular.dll
[2026-09-22 00:22:00.111] [info] Loaded library D:\Akademik\PhD_Thesis\OpenSim\HeadNeck_Control_w_Sensors_Opensim4_6\HeadNeckNeuralController_plugin\build\Release\osimHeadNeckNeural.dll
[2026-09-22 00:22:00.117] [info] Loaded library D:\Akademik\PhD_Thesis\OpenSim\HeadNeck_Control_w_Sensors_Opensim4_6\FixationController_plugin\build\Release\osimFixation.dll
[2026-09-22 00:22:00.136] [info] Loaded model HYOID_Scaled from file osim_files/HYOID_HeadNeckNeural_Model_Detailed.osim
[2026-09-22 00:22:00.600] [info] -------
[2026-09-22 00:22:00.600] [info] Manager
[2026-09-22 00:22:00.600] [info] -------
[2026-09-22 00:22:00.600] [info] Starting integration at initial time 0.00 s...
[2026-09-22 00:22:03.523] [info] Integration complete at final time 0.05 s.
[2026-09-22 00:22:03.523] [info]  - CPU time elapsed: 2.906250 s
[2026-09-22 00:22:03.523] [info]  - real time elapsed: 2.922713 s
[2026-09-22 00:22:03.523] [info]  - ratio sim-to-real time: 0.017
[2026-09-22 00:22:03.523] [info]  - integrator method: SemiExplicitEuler2
[2026-09-22 00:22:03.523] [info]  - number of realizations: 2017
[2026-09-22 00:22:03.523] [info]  - number of steps taken / attempted: 928 / 1088
[2026-09-22 00:22:03.523] [info]  - number of projections: 3
[2026-09-22 00:22:03.523] [info]  - number of iterations: 1088
[2026-09-22 00:22:03.524] [info] -------
[2026-09-22 00:22:03.524] [info] Manager
[2026-09-22 00:22:03.524] [info] -------
[2026-09-22 00:22:03.524] [info] Starting integration at initial time 0.05 s...
[2026-09-22 00:22:05.070] [info] Integration complete at final time 0.10 s.
[2026-09-22 00:22:05.070] [info]  - CPU time elapsed: 1.531250 s
[2026-09-22 00:22:05.070] [info]  - real time elapsed: 1.545998 s
[2026-09-22 00:22:05.070] [info]  - ratio sim-to-real time: 0.065
[2026-09-22 00:22:05.070] [info]  - integrator method: SemiExplicitEuler2
[2026-09-22 00:22:05.070] [info]  - number of realizations: 3020
[2026-09-22 00:22:05.070] [info]  - number of steps taken / attempted: 1386 / 1633
[2026-09-22 00:22:05.070] [info]  - number of projections: 3
[2026-09-22 00:22:05.070] [info]  - number of iterations: 1633
[2026-09-22 00:22:05.070] [info] -------
[2026-09-22 00:22:05.070] [info] Manager
[2026-09-22 00:22:05.070] [info] -------
[2026-09-22 00:22:05.070] [info] Starting integration at initial time 0.10 s...
[2026-09-22 00:22:06.300] [info] Integration complete at final time 0.15 s.
[2026-09-22 00:22:06.300] [info]  - CPU time elapsed: 1.203125 s
[2026-09-22 00:22:06.300] [info]  - real time elapsed: 1.229553 s
[2026-09-22 00:22:06.300] [info]  - ratio sim-to-real time: 0.122
[2026-09-22 00:22:06.300] [info]  - integrator method: SemiExplicitEuler2
[2026-09-22 00:22:06.300] [info]  - number of realizations: 3796
[2026-09-22 00:22:06.300] [info]  - number of steps taken / attempted: 1748 / 2047
[2026-09-22 00:22:06.300] [info]  - number of projections: 4
[2026-09-22 00:22:06.300] [info]  - number of iterations: 2047
[2026-09-22 00:22:06.300] [info] -------
[2026-09-22 00:22:06.300] [info] Manager
[2026-09-22 00:22:06.300] [info] -------
[2026-09-22 00:22:06.300] [info] Starting integration at initial time 0.15 s...
[2026-09-22 00:22:07.512] [info] Integration complete at final time 0.20 s.
[2026-09-22 00:22:07.513] [info]  - CPU time elapsed: 1.218750 s
[2026-09-22 00:22:07.513] [info]  - real time elapsed: 1.212140 s
[2026-09-22 00:22:07.513] [info]  - ratio sim-to-real time: 0.165
[2026-09-22 00:22:07.513] [info]  - integrator method: SemiExplicitEuler2
[2026-09-22 00:22:07.513] [info]  - number of realizations: 4566
[2026-09-22 00:22:07.513] [info]  - number of steps taken / attempted: 2114 / 2451
[2026-09-22 00:22:07.513] [info]  - number of projections: 4
[2026-09-22 00:22:07.513] [info]  - number of iterations: 2451
[2026-09-22 00:22:07.513] [info] -------
[2026-09-22 00:22:07.513] [info] Manager
[2026-09-22 00:22:07.513] [info] -------
[2026-09-22 00:22:07.513] [info] Starting integration at initial time 0.20 s...
[2026-09-22 00:22:08.518] [info] Integration complete at final time 0.25 s.
[2026-09-22 00:22:08.518] [info]  - CPU time elapsed: 0.968750 s
[2026-09-22 00:22:08.518] [info]  - real time elapsed: 1.004443 s
[2026-09-22 00:22:08.518] [info]  - ratio sim-to-real time: 0.249
[2026-09-22 00:22:08.518] [info]  - integrator method: SemiExplicitEuler2
[2026-09-22 00:22:08.518] [info]  - number of realizations: 5186
[2026-09-22 00:22:08.518] [info]  - number of steps taken / attempted: 2403 / 2782
[2026-09-22 00:22:08.518] [info]  - number of projections: 5
[2026-09-22 00:22:08.518] [info]  - number of iterations: 2782
[2026-09-22 00:22:08.518] [info] -------
[2026-09-22 00:22:08.518] [info] Manager
[2026-09-22 00:22:08.518] [info] -------
[2026-09-22 00:22:08.518] [info] Starting integration at initial time 0.25 s...
[2026-09-22 00:22:09.488] [info] Integration complete at final time 0.30 s.
[2026-09-22 00:22:09.488] [info]  - CPU time elapsed: 0.953125 s
[2026-09-22 00:22:09.488] [info]  - real time elapsed: 0.969588 s
[2026-09-22 00:22:09.488] [info]  - ratio sim-to-real time: 0.309
[2026-09-22 00:22:09.488] [info]  - integrator method: SemiExplicitEuler2
[2026-09-22 00:22:09.488] [info]  - number of realizations: 5769
[2026-09-22 00:22:09.488] [info]  - number of steps taken / attempted: 2681 / 3087
[2026-09-22 00:22:09.488] [info]  - number of projections: 6
[2026-09-22 00:22:09.488] [info]  - number of iterations: 3087
[2026-09-22 00:22:09.488] [info] -------
[2026-09-22 00:22:09.488] [info] Manager
[2026-09-22 00:22:09.488] [info] -------
[2026-09-22 00:22:09.488] [info] Starting integration at initial time 0.30 s...
[2026-09-22 00:22:10.446] [info] Integration complete at final time 0.35 s.
[2026-09-22 00:22:10.446] [info]  - CPU time elapsed: 0.937500 s
[2026-09-22 00:22:10.446] [info]  - real time elapsed: 0.957807 s
[2026-09-22 00:22:10.446] [info]  - ratio sim-to-real time: 0.365
[2026-09-22 00:22:10.446] [info]  - integrator method: SemiExplicitEuler2
[2026-09-22 00:22:10.446] [info]  - number of realizations: 6348
[2026-09-22 00:22:10.446] [info]  - number of steps taken / attempted: 2935 / 3412
[2026-09-22 00:22:10.446] [info]  - number of projections: 6
[2026-09-22 00:22:10.446] [info]  - number of iterations: 3412
[2026-09-22 00:22:10.446] [info] -------
[2026-09-22 00:22:10.446] [info] Manager
[2026-09-22 00:22:10.446] [info] -------
[2026-09-22 00:22:10.446] [info] Starting integration at initial time 0.35 s...
[2026-09-22 00:22:11.437] [info] Integration complete at final time 0.40 s.
[2026-09-22 00:22:11.437] [info]  - CPU time elapsed: 0.984375 s
[2026-09-22 00:22:11.437] [info]  - real time elapsed: 0.990259 s
[2026-09-22 00:22:11.437] [info]  - ratio sim-to-real time: 0.404
[2026-09-22 00:22:11.437] [info]  - integrator method: SemiExplicitEuler2
[2026-09-22 00:22:11.437] [info]  - number of realizations: 6969
[2026-09-22 00:22:11.437] [info]  - number of steps taken / attempted: 3224 / 3744
[2026-09-22 00:22:11.437] [info]  - number of projections: 6
[2026-09-22 00:22:11.437] [info]  - number of iterations: 3744
[2026-09-22 00:22:11.437] [info] -------
[2026-09-22 00:22:11.438] [info] Manager
[2026-09-22 00:22:11.438] [info] -------
[2026-09-22 00:22:11.438] [info] Starting integration at initial time 0.40 s...
[2026-09-22 00:22:12.170] [info] Integration complete at final time 0.45 s.
[2026-09-22 00:22:12.171] [info]  - CPU time elapsed: 0.703125 s
[2026-09-22 00:22:12.171] [info]  - real time elapsed: 0.732833 s
[2026-09-22 00:22:12.171] [info]  - ratio sim-to-real time: 0.614
[2026-09-22 00:22:12.171] [info]  - integrator method: SemiExplicitEuler2
[2026-09-22 00:22:12.171] [info]  - number of realizations: 7405
[2026-09-22 00:22:12.171] [info]  - number of steps taken / attempted: 3432 / 3972
[2026-09-22 00:22:12.171] [info]  - number of projections: 9
[2026-09-22 00:22:12.171] [info]  - number of iterations: 3972
[2026-09-22 00:22:12.171] [info] -------
[2026-09-22 00:22:12.171] [info] Manager
[2026-09-22 00:22:12.171] [info] -------
[2026-09-22 00:22:12.171] [info] Starting integration at initial time 0.45 s...
[2026-09-22 00:22:12.798] [info] Integration complete at final time 0.50 s.
[2026-09-22 00:22:12.798] [info]  - CPU time elapsed: 0.609375 s
[2026-09-22 00:22:12.798] [info]  - real time elapsed: 0.626584 s
[2026-09-22 00:22:12.798] [info]  - ratio sim-to-real time: 0.798
[2026-09-22 00:22:12.798] [info]  - integrator method: SemiExplicitEuler2
[2026-09-22 00:22:12.798] [info]  - number of realizations: 7762
[2026-09-22 00:22:12.798] [info]  - number of steps taken / attempted: 3600 / 4161
[2026-09-22 00:22:12.798] [info]  - number of projections: 9
[2026-09-22 00:22:12.798] [info]  - number of iterations: 4161
[2026-09-22 00:22:12.798] [info] -------
[2026-09-22 00:22:12.798] [info] Manager
[2026-09-22 00:22:12.798] [info] -------
[2026-09-22 00:22:12.798] [info] Starting integration at initial time 0.50 s...
[2026-09-22 00:22:13.567] [info] Integration complete at final time 0.55 s.
[2026-09-22 00:22:13.567] [info]  - CPU time elapsed: 0.765625 s
[2026-09-22 00:22:13.567] [info]  - real time elapsed: 0.768782 s
[2026-09-22 00:22:13.567] [info]  - ratio sim-to-real time: 0.715
[2026-09-22 00:22:13.567] [info]  - integrator method: SemiExplicitEuler2
[2026-09-22 00:22:13.567] [info]  - number of realizations: 8219
[2026-09-22 00:22:13.567] [info]  - number of steps taken / attempted: 3816 / 4402
[2026-09-22 00:22:13.567] [info]  - number of projections: 10
[2026-09-22 00:22:13.567] [info]  - number of iterations: 4402
[2026-09-22 00:22:13.568] [info] -------
[2026-09-22 00:22:13.568] [info] Manager
[2026-09-22 00:22:13.568] [info] -------
[2026-09-22 00:22:13.568] [info] Starting integration at initial time 0.55 s...
[2026-09-22 00:22:14.156] [info] Integration complete at final time 0.60 s.
[2026-09-22 00:22:14.156] [info]  - CPU time elapsed: 0.593750 s
[2026-09-22 00:22:14.156] [info]  - real time elapsed: 0.588352 s
[2026-09-22 00:22:14.156] [info]  - ratio sim-to-real time: 1.020
[2026-09-22 00:22:14.156] [info]  - integrator method: SemiExplicitEuler2
[2026-09-22 00:22:14.156] [info]  - number of realizations: 8549
[2026-09-22 00:22:14.156] [info]  - number of steps taken / attempted: 3974 / 4574
[2026-09-22 00:22:14.157] [info]  - number of projections: 10
[2026-09-22 00:22:14.157] [info]  - number of iterations: 4574
[2026-09-22 00:22:14.157] [info] -------
[2026-09-22 00:22:14.157] [info] Manager
[2026-09-22 00:22:14.157] [info] -------
[2026-09-22 00:22:14.157] [info] Starting integration at initial time 0.60 s...
[2026-09-22 00:22:14.866] [info] Integration complete at final time 0.65 s.
[2026-09-22 00:22:14.866] [info]  - CPU time elapsed: 0.687500 s
[2026-09-22 00:22:14.866] [info]  - real time elapsed: 0.709306 s
[2026-09-22 00:22:14.866] [info]  - ratio sim-to-real time: 0.916
[2026-09-22 00:22:14.867] [info]  - integrator method: SemiExplicitEuler2
[2026-09-22 00:22:14.867] [info]  - number of realizations: 8968
[2026-09-22 00:22:14.867] [info]  - number of steps taken / attempted: 4168 / 4799
[2026-09-22 00:22:14.867] [info]  - number of projections: 11
[2026-09-22 00:22:14.867] [info]  - number of iterations: 4799
[2026-09-22 00:22:14.867] [info] -------
[2026-09-22 00:22:14.867] [info] Manager
[2026-09-22 00:22:14.867] [info] -------
[2026-09-22 00:22:14.867] [info] Starting integration at initial time 0.65 s...
[2026-09-22 00:22:15.510] [info] Integration complete at final time 0.70 s.
[2026-09-22 00:22:15.510] [info]  - CPU time elapsed: 0.640625 s
[2026-09-22 00:22:15.510] [info]  - real time elapsed: 0.642935 s
[2026-09-22 00:22:15.510] [info]  - ratio sim-to-real time: 1.089
[2026-09-22 00:22:15.510] [info]  - integrator method: SemiExplicitEuler2
[2026-09-22 00:22:15.510] [info]  - number of realizations: 9344
[2026-09-22 00:22:15.510] [info]  - number of steps taken / attempted: 4346 / 4997
[2026-09-22 00:22:15.510] [info]  - number of projections: 13
[2026-09-22 00:22:15.510] [info]  - number of iterations: 4997
[2026-09-22 00:22:15.510] [info] -------
[2026-09-22 00:22:15.510] [info] Manager
[2026-09-22 00:22:15.510] [info] -------
[2026-09-22 00:22:15.510] [info] Starting integration at initial time 0.70 s...
[2026-09-22 00:22:16.014] [info] Integration complete at final time 0.75 s.
[2026-09-22 00:22:16.014] [info]  - CPU time elapsed: 0.484375 s
[2026-09-22 00:22:16.014] [info]  - real time elapsed: 0.503492 s
[2026-09-22 00:22:16.014] [info]  - ratio sim-to-real time: 1.490
[2026-09-22 00:22:16.014] [info]  - integrator method: SemiExplicitEuler2
[2026-09-22 00:22:16.014] [info]  - number of realizations: 9614
[2026-09-22 00:22:16.014] [info]  - number of steps taken / attempted: 4472 / 5141
[2026-09-22 00:22:16.014] [info]  - number of projections: 14
[2026-09-22 00:22:16.014] [info]  - number of iterations: 5141
[2026-09-22 00:22:16.015] [info] -------
[2026-09-22 00:22:16.015] [info] Manager
[2026-09-22 00:22:16.015] [info] -------
[2026-09-22 00:22:16.015] [info] Starting integration at initial time 0.75 s...
[2026-09-22 00:22:16.592] [info] Integration complete at final time 0.80 s.
[2026-09-22 00:22:16.592] [info]  - CPU time elapsed: 0.578125 s
[2026-09-22 00:22:16.592] [info]  - real time elapsed: 0.577163 s
[2026-09-22 00:22:16.592] [info]  - ratio sim-to-real time: 1.386
[2026-09-22 00:22:16.592] [info]  - integrator method: SemiExplicitEuler2
[2026-09-22 00:22:16.592] [info]  - number of realizations: 9931
[2026-09-22 00:22:16.592] [info]  - number of steps taken / attempted: 4618 / 5312
[2026-09-22 00:22:16.592] [info]  - number of projections: 16
[2026-09-22 00:22:16.592] [info]  - number of iterations: 5312
[2026-09-22 00:22:16.592] [info] -------
[2026-09-22 00:22:16.592] [info] Manager
[2026-09-22 00:22:16.592] [info] -------
[2026-09-22 00:22:16.592] [info] Starting integration at initial time 0.80 s...
[2026-09-22 00:22:17.183] [info] Integration complete at final time 0.85 s.
[2026-09-22 00:22:17.184] [info]  - CPU time elapsed: 0.593750 s
[2026-09-22 00:22:17.184] [info]  - real time elapsed: 0.591069 s
[2026-09-22 00:22:17.184] [info]  - ratio sim-to-real time: 1.438
[2026-09-22 00:22:17.184] [info]  - integrator method: SemiExplicitEuler2
[2026-09-22 00:22:17.184] [info]  - number of realizations: 10257
[2026-09-22 00:22:17.184] [info]  - number of steps taken / attempted: 4758 / 5498
[2026-09-22 00:22:17.184] [info]  - number of projections: 17
[2026-09-22 00:22:17.184] [info]  - number of iterations: 5498
[2026-09-22 00:22:17.184] [info] -------
[2026-09-22 00:22:17.184] [info] Manager
[2026-09-22 00:22:17.184] [info] -------
[2026-09-22 00:22:17.184] [info] Starting integration at initial time 0.85 s...
[2026-09-22 00:22:17.912] [info] Integration complete at final time 0.90 s.
[2026-09-22 00:22:17.912] [info]  - CPU time elapsed: 0.718750 s
[2026-09-22 00:22:17.912] [info]  - real time elapsed: 0.727514 s
[2026-09-22 00:22:17.912] [info]  - ratio sim-to-real time: 1.237
[2026-09-22 00:22:17.912] [info]  - integrator method: SemiExplicitEuler2
[2026-09-22 00:22:17.912] [info]  - number of realizations: 10661
[2026-09-22 00:22:17.912] [info]  - number of steps taken / attempted: 4920 / 5740
[2026-09-22 00:22:17.912] [info]  - number of projections: 19
[2026-09-22 00:22:17.912] [info]  - number of iterations: 5740
[2026-09-22 00:22:17.912] [info] -------
[2026-09-22 00:22:17.912] [info] Manager
[2026-09-22 00:22:17.912] [info] -------
[2026-09-22 00:22:17.912] [info] Starting integration at initial time 0.90 s...
[2026-09-22 00:22:18.975] [info] Integration complete at final time 0.95 s.
[2026-09-22 00:22:18.975] [info]  - CPU time elapsed: 1.046875 s
[2026-09-22 00:22:18.975] [info]  - real time elapsed: 1.062970 s
[2026-09-22 00:22:18.975] [info]  - ratio sim-to-real time: 0.894
[2026-09-22 00:22:18.975] [info]  - integrator method: SemiExplicitEuler2
[2026-09-22 00:22:18.975] [info]  - number of realizations: 11291
[2026-09-22 00:22:18.976] [info]  - number of steps taken / attempted: 5145 / 6145
[2026-09-22 00:22:18.976] [info]  - number of projections: 22
[2026-09-22 00:22:18.976] [info]  - number of iterations: 6145
[2026-09-22 00:22:18.976] [info] -------
[2026-09-22 00:22:18.976] [info] Manager
[2026-09-22 00:22:18.976] [info] -------
[2026-09-22 00:22:18.976] [info] Starting integration at initial time 0.95 s...
[2026-09-22 00:22:19.696] [info] Integration complete at final time 1.00 s.
[2026-09-22 00:22:19.696] [info]  - CPU time elapsed: 0.718750 s
[2026-09-22 00:22:19.696] [info]  - real time elapsed: 0.720286 s
[2026-09-22 00:22:19.696] [info]  - ratio sim-to-real time: 1.388
[2026-09-22 00:22:19.696] [info]  - integrator method: SemiExplicitEuler2
[2026-09-22 00:22:19.696] [info]  - number of realizations: 11708
[2026-09-22 00:22:19.696] [info]  - number of steps taken / attempted: 5320 / 6387
[2026-09-22 00:22:19.697] [info]  - number of projections: 24
[2026-09-22 00:22:19.697] [info]  - number of iterations: 6387
[2026-09-22 00:22:19.697] [info] -------
[2026-09-22 00:22:19.697] [info] Manager
[2026-09-22 00:22:19.697] [info] -------
[2026-09-22 00:22:19.697] [info] Starting integration at initial time 1.00 s...
[2026-09-22 00:22:20.448] [info] Integration complete at final time 1.05 s.
[2026-09-22 00:22:20.448] [info]  - CPU time elapsed: 0.718750 s
[2026-09-22 00:22:20.448] [info]  - real time elapsed: 0.751128 s
[2026-09-22 00:22:20.448] [info]  - ratio sim-to-real time: 1.398
[2026-09-22 00:22:20.448] [info]  - integrator method: SemiExplicitEuler2
[2026-09-22 00:22:20.448] [info]  - number of realizations: 12127
[2026-09-22 00:22:20.448] [info]  - number of steps taken / attempted: 5487 / 6639
[2026-09-22 00:22:20.448] [info]  - number of projections: 30
[2026-09-22 00:22:20.448] [info]  - number of iterations: 6639
[2026-09-22 00:22:20.448] [info] -------
[2026-09-22 00:22:20.449] [info] Manager
[2026-09-22 00:22:20.449] [info] -------
[2026-09-22 00:22:20.449] [info] Starting integration at initial time 1.05 s...
[2026-09-22 00:22:21.152] [info] Integration complete at final time 1.10 s.
[2026-09-22 00:22:21.152] [info]  - CPU time elapsed: 0.687500 s
[2026-09-22 00:22:21.152] [info]  - real time elapsed: 0.703556 s
[2026-09-22 00:22:21.152] [info]  - ratio sim-to-real time: 1.563
[2026-09-22 00:22:21.152] [info]  - integrator method: SemiExplicitEuler2
[2026-09-22 00:22:21.153] [info]  - number of realizations: 12511
[2026-09-22 00:22:21.153] [info]  - number of steps taken / attempted: 5633 / 6877
[2026-09-22 00:22:21.153] [info]  - number of projections: 33
[2026-09-22 00:22:21.153] [info]  - number of iterations: 6877
[2026-09-22 00:22:21.153] [info] -------
[2026-09-22 00:22:21.153] [info] Manager
[2026-09-22 00:22:21.153] [info] -------
[2026-09-22 00:22:21.153] [info] Starting integration at initial time 1.10 s...
[2026-09-22 00:22:21.754] [info] Integration complete at final time 1.15 s.
[2026-09-22 00:22:21.754] [info]  - CPU time elapsed: 0.578125 s
[2026-09-22 00:22:21.755] [info]  - real time elapsed: 0.601634 s
[2026-09-22 00:22:21.755] [info]  - ratio sim-to-real time: 1.911
[2026-09-22 00:22:21.755] [info]  - integrator method: SemiExplicitEuler2
[2026-09-22 00:22:21.755] [info]  - number of realizations: 12844
[2026-09-22 00:22:21.755] [info]  - number of steps taken / attempted: 5784 / 7059
[2026-09-22 00:22:21.755] [info]  - number of projections: 34
[2026-09-22 00:22:21.755] [info]  - number of iterations: 7059
[2026-09-22 00:22:21.755] [info] -------
[2026-09-22 00:22:21.755] [info] Manager
[2026-09-22 00:22:21.755] [info] -------
[2026-09-22 00:22:21.755] [info] Starting integration at initial time 1.15 s...
[2026-09-22 00:22:22.401] [info] Integration complete at final time 1.20 s.
[2026-09-22 00:22:22.401] [info]  - CPU time elapsed: 0.656250 s
[2026-09-22 00:22:22.402] [info]  - real time elapsed: 0.646301 s
[2026-09-22 00:22:22.402] [info]  - ratio sim-to-real time: 1.857
[2026-09-22 00:22:22.402] [info]  - integrator method: SemiExplicitEuler2
[2026-09-22 00:22:22.402] [info]  - number of realizations: 13177
[2026-09-22 00:22:22.402] [info]  - number of steps taken / attempted: 5916 / 7260
[2026-09-22 00:22:22.402] [info]  - number of projections: 40
[2026-09-22 00:22:22.402] [info]  - number of iterations: 7260
[2026-09-22 00:22:22.402] [info] -------
[2026-09-22 00:22:22.402] [info] Manager
[2026-09-22 00:22:22.402] [info] -------
[2026-09-22 00:22:22.402] [info] Starting integration at initial time 1.20 s...
[2026-09-22 00:22:23.133] [info] Integration complete at final time 1.25 s.
[2026-09-22 00:22:23.133] [info]  - CPU time elapsed: 0.718750 s
[2026-09-22 00:22:23.133] [info]  - real time elapsed: 0.731234 s
[2026-09-22 00:22:23.133] [info]  - ratio sim-to-real time: 1.709
[2026-09-22 00:22:23.133] [info]  - integrator method: SemiExplicitEuler2
[2026-09-22 00:22:23.133] [info]  - number of realizations: 13594
[2026-09-22 00:22:23.134] [info]  - number of steps taken / attempted: 6094 / 7499
[2026-09-22 00:22:23.134] [info]  - number of projections: 43
[2026-09-22 00:22:23.134] [info]  - number of iterations: 7499
[2026-09-22 00:22:23.134] [info] -------
[2026-09-22 00:22:23.134] [info] Manager
[2026-09-22 00:22:23.134] [info] -------
[2026-09-22 00:22:23.134] [info] Starting integration at initial time 1.25 s...
[2026-09-22 00:22:23.635] [info] Integration complete at final time 1.30 s.
[2026-09-22 00:22:23.635] [info]  - CPU time elapsed: 0.500000 s
[2026-09-22 00:22:23.635] [info]  - real time elapsed: 0.500776 s
[2026-09-22 00:22:23.635] [info]  - ratio sim-to-real time: 2.596
[2026-09-22 00:22:23.635] [info]  - integrator method: SemiExplicitEuler2
[2026-09-22 00:22:23.635] [info]  - number of realizations: 13851
[2026-09-22 00:22:23.635] [info]  - number of steps taken / attempted: 6209 / 7641
[2026-09-22 00:22:23.635] [info]  - number of projections: 45
[2026-09-22 00:22:23.635] [info]  - number of iterations: 7641
[2026-09-22 00:22:23.635] [info] -------
[2026-09-22 00:22:23.635] [info] Manager
[2026-09-22 00:22:23.635] [info] -------
[2026-09-22 00:22:23.635] [info] Starting integration at initial time 1.30 s...
[2026-09-22 00:22:24.559] [info] Integration complete at final time 1.35 s.
[2026-09-22 00:22:24.559] [info]  - CPU time elapsed: 0.921875 s
[2026-09-22 00:22:24.559] [info]  - real time elapsed: 0.923842 s
[2026-09-22 00:22:24.559] [info]  - ratio sim-to-real time: 1.461
[2026-09-22 00:22:24.559] [info]  - integrator method: SemiExplicitEuler2
[2026-09-22 00:22:24.559] [info]  - number of realizations: 14395
[2026-09-22 00:22:24.559] [info]  - number of steps taken / attempted: 6419 / 7975
[2026-09-22 00:22:24.559] [info]  - number of projections: 60
[2026-09-22 00:22:24.559] [info]  - number of iterations: 7975
[2026-09-22 00:22:24.560] [info] -------
[2026-09-22 00:22:24.560] [info] Manager
[2026-09-22 00:22:24.560] [info] -------
[2026-09-22 00:22:24.560] [info] Starting integration at initial time 1.35 s...
[2026-09-22 00:22:25.297] [info] Integration complete at final time 1.40 s.
[2026-09-22 00:22:25.298] [info]  - CPU time elapsed: 0.734375 s
[2026-09-22 00:22:25.298] [info]  - real time elapsed: 0.737851 s
[2026-09-22 00:22:25.298] [info]  - ratio sim-to-real time: 1.897
[2026-09-22 00:22:25.298] [info]  - integrator method: SemiExplicitEuler2
[2026-09-22 00:22:25.298] [info]  - number of realizations: 14806
[2026-09-22 00:22:25.298] [info]  - number of steps taken / attempted: 6576 / 8229
[2026-09-22 00:22:25.298] [info]  - number of projections: 62
[2026-09-22 00:22:25.298] [info]  - number of iterations: 8229
[2026-09-22 00:22:25.298] [info] -------
[2026-09-22 00:22:25.298] [info] Manager
[2026-09-22 00:22:25.298] [info] -------
[2026-09-22 00:22:25.298] [info] Starting integration at initial time 1.40 s...
[2026-09-22 00:22:25.971] [info] Integration complete at final time 1.45 s.
[2026-09-22 00:22:25.971] [info]  - CPU time elapsed: 0.671875 s
[2026-09-22 00:22:25.971] [info]  - real time elapsed: 0.672825 s
[2026-09-22 00:22:25.971] [info]  - ratio sim-to-real time: 2.155
[2026-09-22 00:22:25.971] [info]  - integrator method: SemiExplicitEuler2
[2026-09-22 00:22:25.971] [info]  - number of realizations: 15177
[2026-09-22 00:22:25.971] [info]  - number of steps taken / attempted: 6716 / 8460
[2026-09-22 00:22:25.971] [info]  - number of projections: 62
[2026-09-22 00:22:25.971] [info]  - number of iterations: 8460
[2026-09-22 00:22:25.971] [info] -------
[2026-09-22 00:22:25.971] [info] Manager
[2026-09-22 00:22:25.971] [info] -------
[2026-09-22 00:22:25.971] [info] Starting integration at initial time 1.45 s...
[2026-09-22 00:22:26.827] [info] Integration complete at final time 1.50 s.
[2026-09-22 00:22:26.827] [info]  - CPU time elapsed: 0.843750 s
[2026-09-22 00:22:26.827] [info]  - real time elapsed: 0.855336 s
[2026-09-22 00:22:26.827] [info]  - ratio sim-to-real time: 1.754
[2026-09-22 00:22:26.827] [info]  - integrator method: SemiExplicitEuler2
[2026-09-22 00:22:26.827] [info]  - number of realizations: 15686
[2026-09-22 00:22:26.827] [info]  - number of steps taken / attempted: 6944 / 8741
[2026-09-22 00:22:26.827] [info]  - number of projections: 65
[2026-09-22 00:22:26.828] [info]  - number of iterations: 8741
[2026-09-22 00:22:26.828] [info] -------
[2026-09-22 00:22:26.828] [info] Manager
[2026-09-22 00:22:26.828] [info] -------
[2026-09-22 00:22:26.828] [info] Starting integration at initial time 1.50 s...
[2026-09-22 00:22:27.773] [info] Integration complete at final time 1.55 s.
[2026-09-22 00:22:27.773] [info]  - CPU time elapsed: 0.937500 s
[2026-09-22 00:22:27.773] [info]  - real time elapsed: 0.944831 s
[2026-09-22 00:22:27.773] [info]  - ratio sim-to-real time: 1.641
[2026-09-22 00:22:27.773] [info]  - integrator method: SemiExplicitEuler2
[2026-09-22 00:22:27.773] [info]  - number of realizations: 16246
[2026-09-22 00:22:27.773] [info]  - number of steps taken / attempted: 7156 / 9089
[2026-09-22 00:22:27.773] [info]  - number of projections: 65
[2026-09-22 00:22:27.773] [info]  - number of iterations: 9089
[2026-09-22 00:22:27.773] [info] -------
[2026-09-22 00:22:27.773] [info] Manager
[2026-09-22 00:22:27.773] [info] -------
[2026-09-22 00:22:27.773] [info] Starting integration at initial time 1.55 s...
[2026-09-22 00:22:28.837] [info] Integration complete at final time 1.60 s.
[2026-09-22 00:22:28.837] [info]  - CPU time elapsed: 1.062500 s
[2026-09-22 00:22:28.837] [info]  - real time elapsed: 1.063753 s
[2026-09-22 00:22:28.837] [info]  - ratio sim-to-real time: 1.504
[2026-09-22 00:22:28.837] [info]  - integrator method: SemiExplicitEuler2
[2026-09-22 00:22:28.837] [info]  - number of realizations: 16904
[2026-09-22 00:22:28.838] [info]  - number of steps taken / attempted: 7445 / 9458
[2026-09-22 00:22:28.838] [info]  - number of projections: 65
[2026-09-22 00:22:28.838] [info]  - number of iterations: 9458
[2026-09-22 00:22:28.838] [info] -------
[2026-09-22 00:22:28.838] [info] Manager
[2026-09-22 00:22:28.838] [info] -------
[2026-09-22 00:22:28.838] [info] Starting integration at initial time 1.60 s...
[2026-09-22 00:22:29.726] [info] Integration complete at final time 1.65 s.
[2026-09-22 00:22:29.726] [info]  - CPU time elapsed: 0.875000 s
[2026-09-22 00:22:29.726] [info]  - real time elapsed: 0.887738 s
[2026-09-22 00:22:29.726] [info]  - ratio sim-to-real time: 1.859
[2026-09-22 00:22:29.726] [info]  - integrator method: SemiExplicitEuler2
[2026-09-22 00:22:29.726] [info]  - number of realizations: 17439
[2026-09-22 00:22:29.726] [info]  - number of steps taken / attempted: 7699 / 9739
[2026-09-22 00:22:29.726] [info]  - number of projections: 66
[2026-09-22 00:22:29.726] [info]  - number of iterations: 9739
[2026-09-22 00:22:29.726] [info] -------
[2026-09-22 00:22:29.726] [info] Manager
[2026-09-22 00:22:29.726] [info] -------
[2026-09-22 00:22:29.726] [info] Starting integration at initial time 1.65 s...
[2026-09-22 00:22:30.374] [info] Integration complete at final time 1.70 s.
[2026-09-22 00:22:30.374] [info]  - CPU time elapsed: 0.625000 s
[2026-09-22 00:22:30.374] [info]  - real time elapsed: 0.647640 s
[2026-09-22 00:22:30.374] [info]  - ratio sim-to-real time: 2.625
[2026-09-22 00:22:30.374] [info]  - integrator method: SemiExplicitEuler2
[2026-09-22 00:22:30.374] [info]  - number of realizations: 17800
[2026-09-22 00:22:30.374] [info]  - number of steps taken / attempted: 7870 / 9929
[2026-09-22 00:22:30.374] [info]  - number of projections: 66
[2026-09-22 00:22:30.374] [info]  - number of iterations: 9929
[2026-09-22 00:22:30.374] [info] -------
[2026-09-22 00:22:30.374] [info] Manager
[2026-09-22 00:22:30.374] [info] -------
[2026-09-22 00:22:30.374] [info] Starting integration at initial time 1.70 s...
[2026-09-22 00:22:30.977] [info] Integration complete at final time 1.75 s.
[2026-09-22 00:22:30.977] [info]  - CPU time elapsed: 0.593750 s
[2026-09-22 00:22:30.977] [info]  - real time elapsed: 0.602389 s
[2026-09-22 00:22:30.977] [info]  - ratio sim-to-real time: 2.905
[2026-09-22 00:22:30.977] [info]  - integrator method: SemiExplicitEuler2
[2026-09-22 00:22:30.977] [info]  - number of realizations: 18129
[2026-09-22 00:22:30.977] [info]  - number of steps taken / attempted: 8024 / 10104
[2026-09-22 00:22:30.977] [info]  - number of projections: 67
[2026-09-22 00:22:30.977] [info]  - number of iterations: 10104
[2026-09-22 00:22:30.977] [info] -------
[2026-09-22 00:22:30.977] [info] Manager
[2026-09-22 00:22:30.977] [info] -------
[2026-09-22 00:22:30.977] [info] Starting integration at initial time 1.75 s...
[2026-09-22 00:22:31.628] [info] Integration complete at final time 1.80 s.
[2026-09-22 00:22:31.628] [info]  - CPU time elapsed: 0.640625 s
[2026-09-22 00:22:31.628] [info]  - real time elapsed: 0.650394 s
[2026-09-22 00:22:31.628] [info]  - ratio sim-to-real time: 2.768
[2026-09-22 00:22:31.628] [info]  - integrator method: SemiExplicitEuler2
[2026-09-22 00:22:31.628] [info]  - number of realizations: 18493
[2026-09-22 00:22:31.628] [info]  - number of steps taken / attempted: 8197 / 10295
[2026-09-22 00:22:31.628] [info]  - number of projections: 69
[2026-09-22 00:22:31.628] [info]  - number of iterations: 10295
[2026-09-22 00:22:31.628] [info] -------
[2026-09-22 00:22:31.628] [info] Manager
[2026-09-22 00:22:31.628] [info] -------
[2026-09-22 00:22:31.628] [info] Starting integration at initial time 1.80 s...
[2026-09-22 00:22:32.123] [info] Integration complete at final time 1.85 s.
[2026-09-22 00:22:32.123] [info]  - CPU time elapsed: 0.500000 s
[2026-09-22 00:22:32.123] [info]  - real time elapsed: 0.495126 s
[2026-09-22 00:22:32.123] [info]  - ratio sim-to-real time: 3.736
[2026-09-22 00:22:32.123] [info]  - integrator method: SemiExplicitEuler2
[2026-09-22 00:22:32.123] [info]  - number of realizations: 18745
[2026-09-22 00:22:32.124] [info]  - number of steps taken / attempted: 8312 / 10432
[2026-09-22 00:22:32.124] [info]  - number of projections: 71
[2026-09-22 00:22:32.124] [info]  - number of iterations: 10432
[2026-09-22 00:22:32.124] [info] -------
[2026-09-22 00:22:32.124] [info] Manager
[2026-09-22 00:22:32.124] [info] -------
[2026-09-22 00:22:32.124] [info] Starting integration at initial time 1.85 s...
[2026-09-22 00:22:32.625] [info] Integration complete at final time 1.90 s.
[2026-09-22 00:22:32.626] [info]  - CPU time elapsed: 0.453125 s
[2026-09-22 00:22:32.626] [info]  - real time elapsed: 0.501586 s
[2026-09-22 00:22:32.626] [info]  - ratio sim-to-real time: 3.788
[2026-09-22 00:22:32.626] [info]  - integrator method: SemiExplicitEuler2
[2026-09-22 00:22:32.626] [info]  - number of realizations: 18996
[2026-09-22 00:22:32.626] [info]  - number of steps taken / attempted: 8429 / 10566
[2026-09-22 00:22:32.626] [info]  - number of projections: 73
[2026-09-22 00:22:32.626] [info]  - number of iterations: 10566
[2026-09-22 00:22:32.626] [info] -------
[2026-09-22 00:22:32.626] [info] Manager
[2026-09-22 00:22:32.626] [info] -------
[2026-09-22 00:22:32.626] [info] Starting integration at initial time 1.90 s...
[2026-09-22 00:22:33.000] [info] Integration complete at final time 1.95 s.
[2026-09-22 00:22:33.001] [info]  - CPU time elapsed: 0.375000 s
[2026-09-22 00:22:33.001] [info]  - real time elapsed: 0.374222 s
[2026-09-22 00:22:33.001] [info]  - ratio sim-to-real time: 5.211
[2026-09-22 00:22:33.001] [info]  - integrator method: SemiExplicitEuler2
[2026-09-22 00:22:33.001] [info]  - number of realizations: 19162
[2026-09-22 00:22:33.001] [info]  - number of steps taken / attempted: 8508 / 10653
[2026-09-22 00:22:33.001] [info]  - number of projections: 75
[2026-09-22 00:22:33.001] [info]  - number of iterations: 10653
[2026-09-22 00:22:33.001] [info] -------
[2026-09-22 00:22:33.001] [info] Manager
[2026-09-22 00:22:33.001] [info] -------
[2026-09-22 00:22:33.001] [info] Starting integration at initial time 1.95 s...
[2026-09-22 00:22:33.726] [info] Integration complete at final time 2.00 s.
[2026-09-22 00:22:33.726] [info]  - CPU time elapsed: 0.718750 s
[2026-09-22 00:22:33.726] [info]  - real time elapsed: 0.724857 s
[2026-09-22 00:22:33.726] [info]  - ratio sim-to-real time: 2.759
[2026-09-22 00:22:33.726] [info]  - integrator method: SemiExplicitEuler2
[2026-09-22 00:22:33.726] [info]  - number of realizations: 19570
[2026-09-22 00:22:33.726] [info]  - number of steps taken / attempted: 8690 / 10879
[2026-09-22 00:22:33.726] [info]  - number of projections: 79
[2026-09-22 00:22:33.726] [info]  - number of iterations: 10879
[2026-09-22 00:22:33.727] [info] -------
[2026-09-22 00:22:33.727] [info] Manager
[2026-09-22 00:22:33.727] [info] -------
[2026-09-22 00:22:33.727] [info] Starting integration at initial time 2.00 s...
[2026-09-22 00:22:34.170] [info] Integration complete at final time 2.05 s.
[2026-09-22 00:22:34.170] [info]  - CPU time elapsed: 0.421875 s
[2026-09-22 00:22:34.170] [info]  - real time elapsed: 0.442876 s
[2026-09-22 00:22:34.170] [info]  - ratio sim-to-real time: 4.629
[2026-09-22 00:22:34.170] [info]  - integrator method: SemiExplicitEuler2
[2026-09-22 00:22:34.170] [info]  - number of realizations: 19765
[2026-09-22 00:22:34.170] [info]  - number of steps taken / attempted: 8780 / 10984
[2026-09-22 00:22:34.170] [info]  - number of projections: 87
[2026-09-22 00:22:34.170] [info]  - number of iterations: 10984
[2026-09-22 00:22:34.170] [info] -------
[2026-09-22 00:22:34.170] [info] Manager
[2026-09-22 00:22:34.170] [info] -------
[2026-09-22 00:22:34.170] [info] Starting integration at initial time 2.05 s...
[2026-09-22 00:22:34.873] [info] Integration complete at final time 2.10 s.
[2026-09-22 00:22:34.873] [info]  - CPU time elapsed: 0.703125 s
[2026-09-22 00:22:34.873] [info]  - real time elapsed: 0.702886 s
[2026-09-22 00:22:34.873] [info]  - ratio sim-to-real time: 2.988
[2026-09-22 00:22:34.873] [info]  - integrator method: SemiExplicitEuler2
[2026-09-22 00:22:34.873] [info]  - number of realizations: 20142
[2026-09-22 00:22:34.873] [info]  - number of steps taken / attempted: 8923 / 11218
[2026-09-22 00:22:34.874] [info]  - number of projections: 92
[2026-09-22 00:22:34.874] [info]  - number of iterations: 11218
[2026-09-22 00:22:34.874] [info] -------
[2026-09-22 00:22:34.874] [info] Manager
[2026-09-22 00:22:34.874] [info] -------
[2026-09-22 00:22:34.874] [info] Starting integration at initial time 2.10 s...
[2026-09-22 00:22:35.563] [info] Integration complete at final time 2.15 s.
[2026-09-22 00:22:35.563] [info]  - CPU time elapsed: 0.687500 s
[2026-09-22 00:22:35.563] [info]  - real time elapsed: 0.688691 s
[2026-09-22 00:22:35.563] [info]  - ratio sim-to-real time: 3.122
[2026-09-22 00:22:35.563] [info]  - integrator method: SemiExplicitEuler2
[2026-09-22 00:22:35.563] [info]  - number of realizations: 20515
[2026-09-22 00:22:35.563] [info]  - number of steps taken / attempted: 9056 / 11458
[2026-09-22 00:22:35.563] [info]  - number of projections: 105
[2026-09-22 00:22:35.563] [info]  - number of iterations: 11458
[2026-09-22 00:22:35.563] [info] -------
[2026-09-22 00:22:35.563] [info] Manager
[2026-09-22 00:22:35.563] [info] -------
[2026-09-22 00:22:35.563] [info] Starting integration at initial time 2.15 s...
[2026-09-22 00:22:36.343] [info] Integration complete at final time 2.20 s.
[2026-09-22 00:22:36.343] [info]  - CPU time elapsed: 0.765625 s
[2026-09-22 00:22:36.343] [info]  - real time elapsed: 0.779789 s
[2026-09-22 00:22:36.344] [info]  - ratio sim-to-real time: 2.821
[2026-09-22 00:22:36.344] [info]  - integrator method: SemiExplicitEuler2
[2026-09-22 00:22:36.344] [info]  - number of realizations: 20965
[2026-09-22 00:22:36.344] [info]  - number of steps taken / attempted: 9257 / 11707
[2026-09-22 00:22:36.344] [info]  - number of projections: 106
[2026-09-22 00:22:36.344] [info]  - number of iterations: 11707
[2026-09-22 00:22:36.344] [info] -------
[2026-09-22 00:22:36.344] [info] Manager
[2026-09-22 00:22:36.344] [info] -------
[2026-09-22 00:22:36.344] [info] Starting integration at initial time 2.20 s...
[2026-09-22 00:22:37.213] [info] Integration complete at final time 2.25 s.
[2026-09-22 00:22:37.213] [info]  - CPU time elapsed: 0.875000 s
[2026-09-22 00:22:37.213] [info]  - real time elapsed: 0.868909 s
[2026-09-22 00:22:37.213] [info]  - ratio sim-to-real time: 2.589
[2026-09-22 00:22:37.213] [info]  - integrator method: SemiExplicitEuler2
[2026-09-22 00:22:37.213] [info]  - number of realizations: 21470
[2026-09-22 00:22:37.213] [info]  - number of steps taken / attempted: 9492 / 11977
[2026-09-22 00:22:37.213] [info]  - number of projections: 106
[2026-09-22 00:22:37.214] [info]  - number of iterations: 11977
[2026-09-22 00:22:37.214] [info] -------
[2026-09-22 00:22:37.214] [info] Manager
[2026-09-22 00:22:37.214] [info] -------
[2026-09-22 00:22:37.214] [info] Starting integration at initial time 2.25 s...
[2026-09-22 00:22:38.056] [info] Integration complete at final time 2.30 s.
[2026-09-22 00:22:38.056] [info]  - CPU time elapsed: 0.843750 s
[2026-09-22 00:22:38.056] [info]  - real time elapsed: 0.842417 s
[2026-09-22 00:22:38.056] [info]  - ratio sim-to-real time: 2.730
[2026-09-22 00:22:38.056] [info]  - integrator method: SemiExplicitEuler2
[2026-09-22 00:22:38.057] [info]  - number of realizations: 21961
[2026-09-22 00:22:38.057] [info]  - number of steps taken / attempted: 9704 / 12256
[2026-09-22 00:22:38.057] [info]  - number of projections: 111
[2026-09-22 00:22:38.057] [info]  - number of iterations: 12256
[2026-09-22 00:22:38.057] [info] -------
[2026-09-22 00:22:38.057] [info] Manager
[2026-09-22 00:22:38.057] [info] -------
[2026-09-22 00:22:38.057] [info] Starting integration at initial time 2.30 s...
[2026-09-22 00:22:38.661] [info] Integration complete at final time 2.35 s.
[2026-09-22 00:22:38.661] [info]  - CPU time elapsed: 0.593750 s
[2026-09-22 00:22:38.661] [info]  - real time elapsed: 0.604113 s
[2026-09-22 00:22:38.661] [info]  - ratio sim-to-real time: 3.890
[2026-09-22 00:22:38.662] [info]  - integrator method: SemiExplicitEuler2
[2026-09-22 00:22:38.662] [info]  - number of realizations: 22279
[2026-09-22 00:22:38.662] [info]  - number of steps taken / attempted: 9825 / 12453
[2026-09-22 00:22:38.662] [info]  - number of projections: 114
[2026-09-22 00:22:38.662] [info]  - number of iterations: 12453
[2026-09-22 00:22:38.662] [info] -------
[2026-09-22 00:22:38.662] [info] Manager
[2026-09-22 00:22:38.662] [info] -------
[2026-09-22 00:22:38.662] [info] Starting integration at initial time 2.35 s...
[2026-09-22 00:22:39.357] [info] Integration complete at final time 2.40 s.
[2026-09-22 00:22:39.357] [info]  - CPU time elapsed: 0.703125 s
[2026-09-22 00:22:39.357] [info]  - real time elapsed: 0.695448 s
[2026-09-22 00:22:39.357] [info]  - ratio sim-to-real time: 3.451
[2026-09-22 00:22:39.357] [info]  - integrator method: SemiExplicitEuler2
[2026-09-22 00:22:39.358] [info]  - number of realizations: 22660
[2026-09-22 00:22:39.358] [info]  - number of steps taken / attempted: 9973 / 12686
[2026-09-22 00:22:39.358] [info]  - number of projections: 120
[2026-09-22 00:22:39.358] [info]  - number of iterations: 12686
[2026-09-22 00:22:39.358] [info] -------
[2026-09-22 00:22:39.358] [info] Manager
[2026-09-22 00:22:39.358] [info] -------
[2026-09-22 00:22:39.358] [info] Starting integration at initial time 2.40 s...
[2026-09-22 00:22:40.176] [info] Integration complete at final time 2.45 s.
[2026-09-22 00:22:40.176] [info]  - CPU time elapsed: 0.812500 s
[2026-09-22 00:22:40.176] [info]  - real time elapsed: 0.817635 s
[2026-09-22 00:22:40.176] [info]  - ratio sim-to-real time: 2.996
[2026-09-22 00:22:40.176] [info]  - integrator method: SemiExplicitEuler2
[2026-09-22 00:22:40.176] [info]  - number of realizations: 23132
[2026-09-22 00:22:40.176] [info]  - number of steps taken / attempted: 10175 / 12956
[2026-09-22 00:22:40.176] [info]  - number of projections: 121
[2026-09-22 00:22:40.176] [info]  - number of iterations: 12956
[2026-09-22 00:22:40.176] [info] -------
[2026-09-22 00:22:40.176] [info] Manager
[2026-09-22 00:22:40.176] [info] -------
[2026-09-22 00:22:40.176] [info] Starting integration at initial time 2.45 s...
[2026-09-22 00:22:40.896] [info] Integration complete at final time 2.50 s.
[2026-09-22 00:22:40.896] [info]  - CPU time elapsed: 0.718750 s
[2026-09-22 00:22:40.896] [info]  - real time elapsed: 0.720104 s
[2026-09-22 00:22:40.896] [info]  - ratio sim-to-real time: 3.472
[2026-09-22 00:22:40.896] [info]  - integrator method: SemiExplicitEuler2
[2026-09-22 00:22:40.897] [info]  - number of realizations: 23538
[2026-09-22 00:22:40.897] [info]  - number of steps taken / attempted: 10347 / 13190
[2026-09-22 00:22:40.897] [info]  - number of projections: 122
[2026-09-22 00:22:40.897] [info]  - number of iterations: 13190
[2026-09-22 00:22:40.897] [info] -------
[2026-09-22 00:22:40.897] [info] Manager
[2026-09-22 00:22:40.897] [info] -------
[2026-09-22 00:22:40.897] [info] Starting integration at initial time 2.50 s...
[2026-09-22 00:22:42.043] [info] Integration complete at final time 2.55 s.
[2026-09-22 00:22:42.043] [info]  - CPU time elapsed: 1.140625 s
[2026-09-22 00:22:42.043] [info]  - real time elapsed: 1.146467 s
[2026-09-22 00:22:42.043] [info]  - ratio sim-to-real time: 2.224
[2026-09-22 00:22:42.043] [info]  - integrator method: SemiExplicitEuler2
[2026-09-22 00:22:42.043] [info]  - number of realizations: 24237
[2026-09-22 00:22:42.043] [info]  - number of steps taken / attempted: 10642 / 13594
[2026-09-22 00:22:42.044] [info]  - number of projections: 123
[2026-09-22 00:22:42.044] [info]  - number of iterations: 13594
[2026-09-22 00:22:42.044] [info] -------
[2026-09-22 00:22:42.044] [info] Manager
[2026-09-22 00:22:42.044] [info] -------
[2026-09-22 00:22:42.044] [info] Starting integration at initial time 2.55 s...
[2026-09-22 00:22:42.830] [info] Integration complete at final time 2.60 s.
[2026-09-22 00:22:42.830] [info]  - CPU time elapsed: 0.781250 s
[2026-09-22 00:22:42.830] [info]  - real time elapsed: 0.785761 s
[2026-09-22 00:22:42.830] [info]  - ratio sim-to-real time: 3.309
[2026-09-22 00:22:42.830] [info]  - integrator method: SemiExplicitEuler2
[2026-09-22 00:22:42.830] [info]  - number of realizations: 24687
[2026-09-22 00:22:42.830] [info]  - number of steps taken / attempted: 10845 / 13841
[2026-09-22 00:22:42.830] [info]  - number of projections: 123
[2026-09-22 00:22:42.830] [info]  - number of iterations: 13841
[2026-09-22 00:22:42.830] [info] -------
[2026-09-22 00:22:42.830] [info] Manager
[2026-09-22 00:22:42.830] [info] -------
[2026-09-22 00:22:42.830] [info] Starting integration at initial time 2.60 s...
[2026-09-22 00:22:43.563] [info] Integration complete at final time 2.65 s.
[2026-09-22 00:22:43.563] [info]  - CPU time elapsed: 0.734375 s
[2026-09-22 00:22:43.563] [info]  - real time elapsed: 0.732750 s
[2026-09-22 00:22:43.563] [info]  - ratio sim-to-real time: 3.617
[2026-09-22 00:22:43.563] [info]  - integrator method: SemiExplicitEuler2
[2026-09-22 00:22:43.563] [info]  - number of realizations: 25099
[2026-09-22 00:22:43.564] [info]  - number of steps taken / attempted: 11035 / 14063
[2026-09-22 00:22:43.564] [info]  - number of projections: 123
[2026-09-22 00:22:43.564] [info]  - number of iterations: 14063
[2026-09-22 00:22:43.564] [info] -------
[2026-09-22 00:22:43.564] [info] Manager
[2026-09-22 00:22:43.564] [info] -------
[2026-09-22 00:22:43.564] [info] Starting integration at initial time 2.65 s...
[2026-09-22 00:22:44.345] [info] Integration complete at final time 2.70 s.
[2026-09-22 00:22:44.345] [info]  - CPU time elapsed: 0.781250 s
[2026-09-22 00:22:44.345] [info]  - real time elapsed: 0.780947 s
[2026-09-22 00:22:44.345] [info]  - ratio sim-to-real time: 3.457
[2026-09-22 00:22:44.345] [info]  - integrator method: SemiExplicitEuler2
[2026-09-22 00:22:44.345] [info]  - number of realizations: 25547
[2026-09-22 00:22:44.345] [info]  - number of steps taken / attempted: 11246 / 14300
[2026-09-22 00:22:44.345] [info]  - number of projections: 125
[2026-09-22 00:22:44.345] [info]  - number of iterations: 14300
[2026-09-22 00:22:44.345] [info] -------
[2026-09-22 00:22:44.346] [info] Manager
[2026-09-22 00:22:44.346] [info] -------
[2026-09-22 00:22:44.346] [info] Starting integration at initial time 2.70 s...
[2026-09-22 00:22:44.978] [info] Integration complete at final time 2.75 s.
[2026-09-22 00:22:44.978] [info]  - CPU time elapsed: 0.640625 s
[2026-09-22 00:22:44.978] [info]  - real time elapsed: 0.632278 s
[2026-09-22 00:22:44.978] [info]  - ratio sim-to-real time: 4.349
[2026-09-22 00:22:44.978] [info]  - integrator method: SemiExplicitEuler2
[2026-09-22 00:22:44.978] [info]  - number of realizations: 25887
[2026-09-22 00:22:44.978] [info]  - number of steps taken / attempted: 11405 / 14481
[2026-09-22 00:22:44.978] [info]  - number of projections: 126
[2026-09-22 00:22:44.978] [info]  - number of iterations: 14481
[2026-09-22 00:22:44.978] [info] -------
[2026-09-22 00:22:44.978] [info] Manager
[2026-09-22 00:22:44.978] [info] -------
[2026-09-22 00:22:44.978] [info] Starting integration at initial time 2.75 s...
[2026-09-22 00:22:45.639] [info] Integration complete at final time 2.80 s.
[2026-09-22 00:22:45.639] [info]  - CPU time elapsed: 0.656250 s
[2026-09-22 00:22:45.639] [info]  - real time elapsed: 0.660035 s
[2026-09-22 00:22:45.639] [info]  - ratio sim-to-real time: 4.242
[2026-09-22 00:22:45.639] [info]  - integrator method: SemiExplicitEuler2
[2026-09-22 00:22:45.639] [info]  - number of realizations: 26246
[2026-09-22 00:22:45.639] [info]  - number of steps taken / attempted: 11558 / 14687
[2026-09-22 00:22:45.639] [info]  - number of projections: 127
[2026-09-22 00:22:45.639] [info]  - number of iterations: 14687
[2026-09-22 00:22:45.639] [info] -------
[2026-09-22 00:22:45.639] [info] Manager
[2026-09-22 00:22:45.639] [info] -------
[2026-09-22 00:22:45.639] [info] Starting integration at initial time 2.80 s...
[2026-09-22 00:22:46.410] [info] Integration complete at final time 2.85 s.
[2026-09-22 00:22:46.410] [info]  - CPU time elapsed: 0.765625 s
[2026-09-22 00:22:46.410] [info]  - real time elapsed: 0.770374 s
[2026-09-22 00:22:46.410] [info]  - ratio sim-to-real time: 3.700
[2026-09-22 00:22:46.410] [info]  - integrator method: SemiExplicitEuler2
[2026-09-22 00:22:46.410] [info]  - number of realizations: 26671
[2026-09-22 00:22:46.410] [info]  - number of steps taken / attempted: 11745 / 14925
[2026-09-22 00:22:46.410] [info]  - number of projections: 131
[2026-09-22 00:22:46.410] [info]  - number of iterations: 14925
[2026-09-22 00:22:46.410] [info] -------
[2026-09-22 00:22:46.410] [info] Manager
[2026-09-22 00:22:46.410] [info] -------
[2026-09-22 00:22:46.410] [info] Starting integration at initial time 2.85 s...
[2026-09-22 00:22:46.959] [info] Integration complete at final time 2.90 s.
[2026-09-22 00:22:46.959] [info]  - CPU time elapsed: 0.546875 s
[2026-09-22 00:22:46.959] [info]  - real time elapsed: 0.548287 s
[2026-09-22 00:22:46.959] [info]  - ratio sim-to-real time: 5.289
[2026-09-22 00:22:46.959] [info]  - integrator method: SemiExplicitEuler2
[2026-09-22 00:22:46.959] [info]  - number of realizations: 26947
[2026-09-22 00:22:46.959] [info]  - number of steps taken / attempted: 11863 / 15083
[2026-09-22 00:22:46.959] [info]  - number of projections: 133
[2026-09-22 00:22:46.959] [info]  - number of iterations: 15083
[2026-09-22 00:22:46.959] [info] -------
[2026-09-22 00:22:46.959] [info] Manager
[2026-09-22 00:22:46.959] [info] -------
[2026-09-22 00:22:46.959] [info] Starting integration at initial time 2.90 s...
[2026-09-22 00:22:47.556] [info] Integration complete at final time 2.95 s.
[2026-09-22 00:22:47.556] [info]  - CPU time elapsed: 0.609375 s
[2026-09-22 00:22:47.556] [info]  - real time elapsed: 0.596772 s
[2026-09-22 00:22:47.556] [info]  - ratio sim-to-real time: 4.943
[2026-09-22 00:22:47.556] [info]  - integrator method: SemiExplicitEuler2
[2026-09-22 00:22:47.557] [info]  - number of realizations: 27255
[2026-09-22 00:22:47.557] [info]  - number of steps taken / attempted: 11990 / 15264
[2026-09-22 00:22:47.557] [info]  - number of projections: 137
[2026-09-22 00:22:47.557] [info]  - number of iterations: 15264
[2026-09-22 00:22:47.557] [info] -------
[2026-09-22 00:22:47.557] [info] Manager
[2026-09-22 00:22:47.557] [info] -------
[2026-09-22 00:22:47.557] [info] Starting integration at initial time 2.95 s...
[2026-09-22 00:22:48.206] [info] Integration complete at final time 3.00 s.
[2026-09-22 00:22:48.206] [info]  - CPU time elapsed: 0.625000 s
[2026-09-22 00:22:48.206] [info]  - real time elapsed: 0.649014 s
[2026-09-22 00:22:48.206] [info]  - ratio sim-to-real time: 4.622
[2026-09-22 00:22:48.206] [info]  - integrator method: SemiExplicitEuler2
[2026-09-22 00:22:48.206] [info]  - number of realizations: 27605
[2026-09-22 00:22:48.206] [info]  - number of steps taken / attempted: 12146 / 15458
[2026-09-22 00:22:48.206] [info]  - number of projections: 144
[2026-09-22 00:22:48.206] [info]  - number of iterations: 15458
[2026-09-22 00:22:48.207] [info] -------
[2026-09-22 00:22:48.207] [info] Manager
[2026-09-22 00:22:48.207] [info] -------
[2026-09-22 00:22:48.207] [info] Starting integration at initial time 3.00 s...
[2026-09-22 00:22:48.793] [info] Integration complete at final time 3.05 s.
[2026-09-22 00:22:48.793] [info]  - CPU time elapsed: 0.593750 s
[2026-09-22 00:22:48.793] [info]  - real time elapsed: 0.586301 s
[2026-09-22 00:22:48.793] [info]  - ratio sim-to-real time: 5.202
[2026-09-22 00:22:48.793] [info]  - integrator method: SemiExplicitEuler2
[2026-09-22 00:22:48.793] [info]  - number of realizations: 27913
[2026-09-22 00:22:48.793] [info]  - number of steps taken / attempted: 12288 / 15624
[2026-09-22 00:22:48.793] [info]  - number of projections: 146
[2026-09-22 00:22:48.793] [info]  - number of iterations: 15624
[2026-09-22 00:34:44.274] [info] Loaded library D:\Akademik\PhD_Thesis\OpenSim\HeadNeck_Control_w_Sensors_Opensim4_6\proprioception_plugin\build\Release\osimMillard12EqWithAff.dll
[2026-09-22 00:34:44.280] [info] Loaded library D:\Akademik\PhD_Thesis\OpenSim\HeadNeck_Control_w_Sensors_Opensim4_6\vestibular_plugin\build\Release\osimVestibular.dll
[2026-09-22 00:34:44.306] [info] Loaded library D:\Akademik\PhD_Thesis\OpenSim\HeadNeck_Control_w_Sensors_Opensim4_6\HeadNeckNeuralController_plugin\build\Release\osimHeadNeckNeural.dll
[2026-09-22 00:34:44.313] [info] Loaded library D:\Akademik\PhD_Thesis\OpenSim\HeadNeck_Control_w_Sensors_Opensim4_6\FixationController_plugin\build\Release\osimFixation.dll
[2026-09-22 00:34:44.333] [info] Loaded model HYOID_Scaled from file osim_files/HYOID_HeadNeckNeural_Model_Detailed.osim
[2026-09-22 00:34:44.798] [info] -------
[2026-09-22 00:34:44.798] [info] Manager
[2026-09-22 00:34:44.798] [info] -------
[2026-09-22 00:34:44.798] [info] Starting integration at initial time 0.00 s...
[2026-09-22 00:34:48.331] [info] Integration complete at final time 0.05 s.
[2026-09-22 00:34:48.332] [info]  - CPU time elapsed: 3.515625 s
[2026-09-22 00:34:48.332] [info]  - real time elapsed: 3.533843 s
[2026-09-22 00:34:48.332] [info]  - ratio sim-to-real time: 0.014
[2026-09-22 00:34:48.332] [info]  - integrator method: SemiExplicitEuler2
[2026-09-22 00:34:48.332] [info]  - number of realizations: 2312
[2026-09-22 00:34:48.332] [info]  - number of steps taken / attempted: 1059 / 1252
[2026-09-22 00:34:48.332] [info]  - number of projections: 3
[2026-09-22 00:34:48.332] [info]  - number of iterations: 1252
[2026-09-22 00:34:48.332] [info] -------
[2026-09-22 00:34:48.332] [info] Manager
[2026-09-22 00:34:48.332] [info] -------
[2026-09-22 00:34:48.332] [info] Starting integration at initial time 0.05 s...
[2026-09-22 00:34:49.989] [info] Integration complete at final time 0.10 s.
[2026-09-22 00:34:49.989] [info]  - CPU time elapsed: 1.625000 s
[2026-09-22 00:34:49.989] [info]  - real time elapsed: 1.657683 s
[2026-09-22 00:34:49.989] [info]  - ratio sim-to-real time: 0.060
[2026-09-22 00:34:49.989] [info]  - integrator method: SemiExplicitEuler2
[2026-09-22 00:34:49.989] [info]  - number of realizations: 3351
[2026-09-22 00:34:49.989] [info]  - number of steps taken / attempted: 1525 / 1825
[2026-09-22 00:34:49.989] [info]  - number of projections: 3
[2026-09-22 00:34:49.989] [info]  - number of iterations: 1825
[2026-09-22 00:34:49.989] [info] -------
[2026-09-22 00:34:49.989] [info] Manager
[2026-09-22 00:34:49.990] [info] -------
[2026-09-22 00:34:49.990] [info] Starting integration at initial time 0.10 s...
[2026-09-22 00:34:51.474] [info] Integration complete at final time 0.15 s.
[2026-09-22 00:34:51.474] [info]  - CPU time elapsed: 1.421875 s
[2026-09-22 00:34:51.474] [info]  - real time elapsed: 1.484231 s
[2026-09-22 00:34:51.474] [info]  - ratio sim-to-real time: 0.101
[2026-09-22 00:34:51.474] [info]  - integrator method: SemiExplicitEuler2
[2026-09-22 00:34:51.474] [info]  - number of realizations: 4275
[2026-09-22 00:34:51.474] [info]  - number of steps taken / attempted: 1957 / 2317
[2026-09-22 00:34:51.474] [info]  - number of projections: 4
[2026-09-22 00:34:51.474] [info]  - number of iterations: 2317
[2026-09-22 00:34:51.474] [info] -------
[2026-09-22 00:34:51.474] [info] Manager
[2026-09-22 00:34:51.474] [info] -------
[2026-09-22 00:34:51.474] [info] Starting integration at initial time 0.15 s...
[2026-09-22 00:34:52.694] [info] Integration complete at final time 0.20 s.
[2026-09-22 00:34:52.694] [info]  - CPU time elapsed: 1.187500 s
[2026-09-22 00:34:52.694] [info]  - real time elapsed: 1.220438 s
[2026-09-22 00:34:52.694] [info]  - ratio sim-to-real time: 0.164
[2026-09-22 00:34:52.694] [info]  - integrator method: SemiExplicitEuler2
[2026-09-22 00:34:52.694] [info]  - number of realizations: 5032
[2026-09-22 00:34:52.694] [info]  - number of steps taken / attempted: 2319 / 2712
[2026-09-22 00:34:52.694] [info]  - number of projections: 4
[2026-09-22 00:34:52.694] [info]  - number of iterations: 2712
[2026-09-22 00:34:52.694] [info] -------
[2026-09-22 00:34:52.694] [info] Manager
[2026-09-22 00:34:52.695] [info] -------
[2026-09-22 00:34:52.695] [info] Starting integration at initial time 0.20 s...
[2026-09-22 00:34:54.465] [info] Integration complete at final time 0.25 s.
[2026-09-22 00:34:54.465] [info]  - CPU time elapsed: 1.703125 s
[2026-09-22 00:34:54.465] [info]  - real time elapsed: 1.770427 s
[2026-09-22 00:34:54.465] [info]  - ratio sim-to-real time: 0.141
[2026-09-22 00:34:54.465] [info]  - integrator method: SemiExplicitEuler2
[2026-09-22 00:34:54.465] [info]  - number of realizations: 6139
[2026-09-22 00:34:54.465] [info]  - number of steps taken / attempted: 2839 / 3299
[2026-09-22 00:34:54.465] [info]  - number of projections: 5
[2026-09-22 00:34:54.465] [info]  - number of iterations: 3299
[2026-09-22 00:34:54.465] [info] -------
[2026-09-22 00:34:54.465] [info] Manager
[2026-09-22 00:34:54.465] [info] -------
[2026-09-22 00:34:54.465] [info] Starting integration at initial time 0.25 s...
[2026-09-22 00:34:55.934] [info] Integration complete at final time 0.30 s.
[2026-09-22 00:34:55.934] [info]  - CPU time elapsed: 1.390625 s
[2026-09-22 00:34:55.934] [info]  - real time elapsed: 1.468469 s
[2026-09-22 00:34:55.934] [info]  - ratio sim-to-real time: 0.204
[2026-09-22 00:34:55.934] [info]  - integrator method: SemiExplicitEuler2
[2026-09-22 00:34:55.934] [info]  - number of realizations: 7043
[2026-09-22 00:34:55.934] [info]  - number of steps taken / attempted: 3255 / 3787
[2026-09-22 00:34:55.934] [info]  - number of projections: 5
[2026-09-22 00:34:55.934] [info]  - number of iterations: 3787
[2026-09-22 00:34:55.934] [info] -------
[2026-09-22 00:34:55.934] [info] Manager
[2026-09-22 00:34:55.934] [info] -------
[2026-09-22 00:34:55.934] [info] Starting integration at initial time 0.30 s...
[2026-09-22 00:34:57.283] [info] Integration complete at final time 0.35 s.
[2026-09-22 00:34:57.283] [info]  - CPU time elapsed: 1.328125 s
[2026-09-22 00:34:57.283] [info]  - real time elapsed: 1.349050 s
[2026-09-22 00:34:57.283] [info]  - ratio sim-to-real time: 0.259
[2026-09-22 00:34:57.283] [info]  - integrator method: SemiExplicitEuler2
[2026-09-22 00:34:57.283] [info]  - number of realizations: 7871
[2026-09-22 00:34:57.283] [info]  - number of steps taken / attempted: 3634 / 4236
[2026-09-22 00:34:57.283] [info]  - number of projections: 5
[2026-09-22 00:34:57.283] [info]  - number of iterations: 4236
[2026-09-22 00:34:57.283] [info] -------
[2026-09-22 00:34:57.283] [info] Manager
[2026-09-22 00:34:57.283] [info] -------
[2026-09-22 00:34:57.283] [info] Starting integration at initial time 0.35 s...
[2026-09-22 00:34:58.845] [info] Integration complete at final time 0.40 s.
[2026-09-22 00:34:58.845] [info]  - CPU time elapsed: 1.546875 s
[2026-09-22 00:34:58.845] [info]  - real time elapsed: 1.561894 s
[2026-09-22 00:34:58.845] [info]  - ratio sim-to-real time: 0.256
[2026-09-22 00:34:58.845] [info]  - integrator method: SemiExplicitEuler2
[2026-09-22 00:34:58.845] [info]  - number of realizations: 8832
[2026-09-22 00:34:58.845] [info]  - number of steps taken / attempted: 4065 / 4766
[2026-09-22 00:34:58.845] [info]  - number of projections: 9
[2026-09-22 00:34:58.845] [info]  - number of iterations: 4766
[2026-09-22 00:34:58.845] [info] -------
[2026-09-22 00:34:58.845] [info] Manager
[2026-09-22 00:34:58.845] [info] -------
[2026-09-22 00:34:58.845] [info] Starting integration at initial time 0.40 s...
[2026-09-22 00:35:00.081] [info] Integration complete at final time 0.45 s.
[2026-09-22 00:35:00.081] [info]  - CPU time elapsed: 1.203125 s
[2026-09-22 00:35:00.081] [info]  - real time elapsed: 1.236190 s
[2026-09-22 00:35:00.081] [info]  - ratio sim-to-real time: 0.364
[2026-09-22 00:35:00.081] [info]  - integrator method: SemiExplicitEuler2
[2026-09-22 00:35:00.081] [info]  - number of realizations: 9575
[2026-09-22 00:35:00.081] [info]  - number of steps taken / attempted: 4400 / 5174
[2026-09-22 00:35:00.081] [info]  - number of projections: 9
[2026-09-22 00:35:00.081] [info]  - number of iterations: 5174
[2026-09-22 00:35:00.081] [info] -------
[2026-09-22 00:35:00.081] [info] Manager
[2026-09-22 00:35:00.081] [info] -------
[2026-09-22 00:35:00.081] [info] Starting integration at initial time 0.45 s...
[2026-09-22 00:35:01.518] [info] Integration complete at final time 0.50 s.
[2026-09-22 00:35:01.518] [info]  - CPU time elapsed: 1.406250 s
[2026-09-22 00:35:01.518] [info]  - real time elapsed: 1.436484 s
[2026-09-22 00:35:01.518] [info]  - ratio sim-to-real time: 0.348
[2026-09-22 00:35:01.518] [info]  - integrator method: SemiExplicitEuler2
[2026-09-22 00:35:01.518] [info]  - number of realizations: 10452
[2026-09-22 00:35:01.518] [info]  - number of steps taken / attempted: 4796 / 5655
[2026-09-22 00:35:01.518] [info]  - number of projections: 10
[2026-09-22 00:35:01.518] [info]  - number of iterations: 5655
[2026-09-22 00:35:01.518] [info] -------
[2026-09-22 00:35:01.518] [info] Manager
[2026-09-22 00:35:01.518] [info] -------
[2026-09-22 00:35:01.518] [info] Starting integration at initial time 0.50 s...
[2026-09-22 00:35:02.350] [info] Integration complete at final time 0.55 s.
[2026-09-22 00:35:02.350] [info]  - CPU time elapsed: 0.828125 s
[2026-09-22 00:35:02.350] [info]  - real time elapsed: 0.832109 s
[2026-09-22 00:35:02.350] [info]  - ratio sim-to-real time: 0.661
[2026-09-22 00:35:02.350] [info]  - integrator method: SemiExplicitEuler2
[2026-09-22 00:35:02.350] [info]  - number of realizations: 10927
[2026-09-22 00:35:02.350] [info]  - number of steps taken / attempted: 5017 / 5909
[2026-09-22 00:35:02.350] [info]  - number of projections: 10
[2026-09-22 00:35:02.350] [info]  - number of iterations: 5909
[2026-09-22 00:35:02.350] [info] -------
[2026-09-22 00:35:02.350] [info] Manager
[2026-09-22 00:35:02.350] [info] -------
[2026-09-22 00:35:02.350] [info] Starting integration at initial time 0.55 s...
[2026-09-22 00:35:03.259] [info] Integration complete at final time 0.60 s.
[2026-09-22 00:35:03.259] [info]  - CPU time elapsed: 0.890625 s
[2026-09-22 00:35:03.259] [info]  - real time elapsed: 0.908378 s
[2026-09-22 00:35:03.259] [info]  - ratio sim-to-real time: 0.661
[2026-09-22 00:35:03.259] [info]  - integrator method: SemiExplicitEuler2
[2026-09-22 00:35:03.259] [info]  - number of realizations: 11442
[2026-09-22 00:35:03.259] [info]  - number of steps taken / attempted: 5257 / 6184
[2026-09-22 00:35:03.259] [info]  - number of projections: 10
[2026-09-22 00:35:03.259] [info]  - number of iterations: 6184
[2026-09-22 00:35:03.259] [info] -------
[2026-09-22 00:35:03.259] [info] Manager
[2026-09-22 00:35:03.259] [info] -------
[2026-09-22 00:35:03.259] [info] Starting integration at initial time 0.60 s...
[2026-09-22 00:35:04.145] [info] Integration complete at final time 0.65 s.
[2026-09-22 00:35:04.145] [info]  - CPU time elapsed: 0.859375 s
[2026-09-22 00:35:04.145] [info]  - real time elapsed: 0.886050 s
[2026-09-22 00:35:04.145] [info]  - ratio sim-to-real time: 0.734
[2026-09-22 00:35:04.145] [info]  - integrator method: SemiExplicitEuler2
[2026-09-22 00:35:04.145] [info]  - number of realizations: 11960
[2026-09-22 00:35:04.145] [info]  - number of steps taken / attempted: 5488 / 6471
[2026-09-22 00:35:04.145] [info]  - number of projections: 10
[2026-09-22 00:35:04.145] [info]  - number of iterations: 6471
[2026-09-22 00:35:04.145] [info] -------
[2026-09-22 00:35:04.145] [info] Manager
[2026-09-22 00:35:04.145] [info] -------
[2026-09-22 00:35:04.145] [info] Starting integration at initial time 0.65 s...
[2026-09-22 00:35:04.941] [info] Integration complete at final time 0.70 s.
[2026-09-22 00:35:04.941] [info]  - CPU time elapsed: 0.781250 s
[2026-09-22 00:35:04.941] [info]  - real time elapsed: 0.795657 s
[2026-09-22 00:35:04.941] [info]  - ratio sim-to-real time: 0.880
[2026-09-22 00:35:04.941] [info]  - integrator method: SemiExplicitEuler2
[2026-09-22 00:35:04.941] [info]  - number of realizations: 12415
[2026-09-22 00:35:04.941] [info]  - number of steps taken / attempted: 5703 / 6711
[2026-09-22 00:35:04.941] [info]  - number of projections: 12
[2026-09-22 00:35:04.941] [info]  - number of iterations: 6711
[2026-09-22 00:35:04.941] [info] -------
[2026-09-22 00:35:04.941] [info] Manager
[2026-09-22 00:35:04.941] [info] -------
[2026-09-22 00:35:04.941] [info] Starting integration at initial time 0.70 s...
[2026-09-22 00:35:05.798] [info] Integration complete at final time 0.75 s.
[2026-09-22 00:35:05.798] [info]  - CPU time elapsed: 0.859375 s
[2026-09-22 00:35:05.798] [info]  - real time elapsed: 0.856958 s
[2026-09-22 00:35:05.798] [info]  - ratio sim-to-real time: 0.875
[2026-09-22 00:35:05.798] [info]  - integrator method: SemiExplicitEuler2
[2026-09-22 00:35:05.798] [info]  - number of realizations: 12867
[2026-09-22 00:35:05.798] [info]  - number of steps taken / attempted: 5915 / 6951
[2026-09-22 00:35:05.798] [info]  - number of projections: 13
[2026-09-22 00:35:05.798] [info]  - number of iterations: 6951
[2026-09-22 00:35:05.798] [info] -------
[2026-09-22 00:35:05.798] [info] Manager
[2026-09-22 00:35:05.798] [info] -------
[2026-09-22 00:35:05.798] [info] Starting integration at initial time 0.75 s...
[2026-09-22 00:35:06.615] [info] Integration complete at final time 0.80 s.
[2026-09-22 00:35:06.615] [info]  - CPU time elapsed: 0.796875 s
[2026-09-22 00:35:06.615] [info]  - real time elapsed: 0.817237 s
[2026-09-22 00:35:06.615] [info]  - ratio sim-to-real time: 0.979
[2026-09-22 00:35:06.615] [info]  - integrator method: SemiExplicitEuler2
[2026-09-22 00:35:06.615] [info]  - number of realizations: 13344
[2026-09-22 00:35:06.615] [info]  - number of steps taken / attempted: 6138 / 7205
[2026-09-22 00:35:06.615] [info]  - number of projections: 13
[2026-09-22 00:35:06.615] [info]  - number of iterations: 7205
[2026-09-22 00:35:06.616] [info] -------
[2026-09-22 00:35:06.616] [info] Manager
[2026-09-22 00:35:06.616] [info] -------
[2026-09-22 00:35:06.616] [info] Starting integration at initial time 0.80 s...
[2026-09-22 00:35:07.594] [info] Integration complete at final time 0.85 s.
[2026-09-22 00:35:07.594] [info]  - CPU time elapsed: 0.953125 s
[2026-09-22 00:35:07.594] [info]  - real time elapsed: 0.978773 s
[2026-09-22 00:35:07.594] [info]  - ratio sim-to-real time: 0.868
[2026-09-22 00:35:07.594] [info]  - integrator method: SemiExplicitEuler2
[2026-09-22 00:35:07.594] [info]  - number of realizations: 13900
[2026-09-22 00:35:07.594] [info]  - number of steps taken / attempted: 6392 / 7507
[2026-09-22 00:35:07.594] [info]  - number of projections: 14
[2026-09-22 00:35:07.594] [info]  - number of iterations: 7507
[2026-09-22 00:35:07.594] [info] -------
[2026-09-22 00:35:07.594] [info] Manager
[2026-09-22 00:35:07.595] [info] -------
[2026-09-22 00:35:07.595] [info] Starting integration at initial time 0.85 s...
[2026-09-22 00:35:08.509] [info] Integration complete at final time 0.90 s.
[2026-09-22 00:35:08.509] [info]  - CPU time elapsed: 0.906250 s
[2026-09-22 00:35:08.509] [info]  - real time elapsed: 0.914126 s
[2026-09-22 00:35:08.509] [info]  - ratio sim-to-real time: 0.985
[2026-09-22 00:35:08.509] [info]  - integrator method: SemiExplicitEuler2
[2026-09-22 00:35:08.509] [info]  - number of realizations: 14428
[2026-09-22 00:35:08.509] [info]  - number of steps taken / attempted: 6638 / 7789
[2026-09-22 00:35:08.509] [info]  - number of projections: 16
[2026-09-22 00:35:08.509] [info]  - number of iterations: 7789
[2026-09-22 00:35:08.509] [info] -------
[2026-09-22 00:35:08.509] [info] Manager
[2026-09-22 00:35:08.509] [info] -------
[2026-09-22 00:35:08.509] [info] Starting integration at initial time 0.90 s...
[2026-09-22 00:35:09.617] [info] Integration complete at final time 0.95 s.
[2026-09-22 00:35:09.617] [info]  - CPU time elapsed: 1.093750 s
[2026-09-22 00:35:09.617] [info]  - real time elapsed: 1.107817 s
[2026-09-22 00:35:09.617] [info]  - ratio sim-to-real time: 0.858
[2026-09-22 00:35:09.617] [info]  - integrator method: SemiExplicitEuler2
[2026-09-22 00:35:09.617] [info]  - number of realizations: 15097
[2026-09-22 00:35:09.617] [info]  - number of steps taken / attempted: 6942 / 8154
[2026-09-22 00:35:09.617] [info]  - number of projections: 17
[2026-09-22 00:35:09.617] [info]  - number of iterations: 8154
[2026-09-22 00:35:09.617] [info] -------
[2026-09-22 00:35:09.617] [info] Manager
[2026-09-22 00:35:09.617] [info] -------
[2026-09-22 00:35:09.617] [info] Starting integration at initial time 0.95 s...
[2026-09-22 00:35:10.540] [info] Integration complete at final time 1.00 s.
[2026-09-22 00:35:10.540] [info]  - CPU time elapsed: 0.921875 s
[2026-09-22 00:35:10.540] [info]  - real time elapsed: 0.922979 s
[2026-09-22 00:35:10.540] [info]  - ratio sim-to-real time: 1.083
[2026-09-22 00:35:10.540] [info]  - integrator method: SemiExplicitEuler2
[2026-09-22 00:35:10.540] [info]  - number of realizations: 15616
[2026-09-22 00:35:10.540] [info]  - number of steps taken / attempted: 7173 / 8442
[2026-09-22 00:35:10.540] [info]  - number of projections: 18
[2026-09-22 00:35:10.540] [info]  - number of iterations: 8442
[2026-09-22 00:35:10.540] [info] -------
[2026-09-22 00:35:10.540] [info] Manager
[2026-09-22 00:35:10.540] [info] -------
[2026-09-22 00:35:10.540] [info] Starting integration at initial time 1.00 s...
[2026-09-22 00:35:11.354] [info] Integration complete at final time 1.05 s.
[2026-09-22 00:35:11.354] [info]  - CPU time elapsed: 0.812500 s
[2026-09-22 00:35:11.354] [info]  - real time elapsed: 0.814161 s
[2026-09-22 00:35:11.354] [info]  - ratio sim-to-real time: 1.290
[2026-09-22 00:35:11.354] [info]  - integrator method: SemiExplicitEuler2
[2026-09-22 00:35:11.354] [info]  - number of realizations: 16054
[2026-09-22 00:35:11.354] [info]  - number of steps taken / attempted: 7379 / 8674
[2026-09-22 00:35:11.354] [info]  - number of projections: 20
[2026-09-22 00:35:11.354] [info]  - number of iterations: 8674
[2026-09-22 00:35:11.354] [info] -------
[2026-09-22 00:35:11.354] [info] Manager
[2026-09-22 00:35:11.354] [info] -------
[2026-09-22 00:35:11.354] [info] Starting integration at initial time 1.05 s...
[2026-09-22 00:35:12.133] [info] Integration complete at final time 1.10 s.
[2026-09-22 00:35:12.133] [info]  - CPU time elapsed: 0.781250 s
[2026-09-22 00:35:12.133] [info]  - real time elapsed: 0.778201 s
[2026-09-22 00:35:12.133] [info]  - ratio sim-to-real time: 1.414
[2026-09-22 00:35:12.133] [info]  - integrator method: SemiExplicitEuler2
[2026-09-22 00:35:12.133] [info]  - number of realizations: 16486
[2026-09-22 00:35:12.133] [info]  - number of steps taken / attempted: 7576 / 8909
[2026-09-22 00:35:12.133] [info]  - number of projections: 21
[2026-09-22 00:35:12.133] [info]  - number of iterations: 8909
[2026-09-22 00:35:12.133] [info] -------
[2026-09-22 00:35:12.133] [info] Manager
[2026-09-22 00:35:12.133] [info] -------
[2026-09-22 00:35:12.133] [info] Starting integration at initial time 1.10 s...
[2026-09-22 00:35:12.961] [info] Integration complete at final time 1.15 s.
[2026-09-22 00:35:12.961] [info]  - CPU time elapsed: 0.828125 s
[2026-09-22 00:35:12.961] [info]  - real time elapsed: 0.828159 s
[2026-09-22 00:35:12.961] [info]  - ratio sim-to-real time: 1.389
[2026-09-22 00:35:12.961] [info]  - integrator method: SemiExplicitEuler2
[2026-09-22 00:35:12.961] [info]  - number of realizations: 16947
[2026-09-22 00:35:12.961] [info]  - number of steps taken / attempted: 7784 / 9162
[2026-09-22 00:35:12.961] [info]  - number of projections: 22
[2026-09-22 00:35:12.961] [info]  - number of iterations: 9162
[2026-09-22 00:35:12.961] [info] -------
[2026-09-22 00:35:12.961] [info] Manager
[2026-09-22 00:35:12.961] [info] -------
[2026-09-22 00:35:12.961] [info] Starting integration at initial time 1.15 s...
[2026-09-22 00:35:13.667] [info] Integration complete at final time 1.20 s.
[2026-09-22 00:35:13.667] [info]  - CPU time elapsed: 0.703125 s
[2026-09-22 00:35:13.667] [info]  - real time elapsed: 0.705482 s
[2026-09-22 00:35:13.667] [info]  - ratio sim-to-real time: 1.701
[2026-09-22 00:35:13.667] [info]  - integrator method: SemiExplicitEuler2
[2026-09-22 00:35:13.667] [info]  - number of realizations: 17336
[2026-09-22 00:35:13.667] [info]  - number of steps taken / attempted: 7963 / 9372
[2026-09-22 00:35:13.667] [info]  - number of projections: 23
[2026-09-22 00:35:13.667] [info]  - number of iterations: 9372
[2026-09-22 00:35:13.667] [info] -------
[2026-09-22 00:35:13.667] [info] Manager
[2026-09-22 00:35:13.667] [info] -------
[2026-09-22 00:35:13.667] [info] Starting integration at initial time 1.20 s...
[2026-09-22 00:35:14.525] [info] Integration complete at final time 1.25 s.
[2026-09-22 00:35:14.525] [info]  - CPU time elapsed: 0.859375 s
[2026-09-22 00:35:14.525] [info]  - real time elapsed: 0.858316 s
[2026-09-22 00:35:14.525] [info]  - ratio sim-to-real time: 1.456
[2026-09-22 00:35:14.525] [info]  - integrator method: SemiExplicitEuler2
[2026-09-22 00:35:14.525] [info]  - number of realizations: 17806
[2026-09-22 00:35:14.525] [info]  - number of steps taken / attempted: 8175 / 9630
[2026-09-22 00:35:14.525] [info]  - number of projections: 24
[2026-09-22 00:35:14.525] [info]  - number of iterations: 9630
[2026-09-22 00:35:14.525] [info] -------
[2026-09-22 00:35:14.525] [info] Manager
[2026-09-22 00:35:14.525] [info] -------
[2026-09-22 00:35:14.525] [info] Starting integration at initial time 1.25 s...
[2026-09-22 00:35:15.910] [info] Integration complete at final time 1.30 s.
[2026-09-22 00:35:15.910] [info]  - CPU time elapsed: 1.343750 s
[2026-09-22 00:35:15.910] [info]  - real time elapsed: 1.384191 s
[2026-09-22 00:35:15.910] [info]  - ratio sim-to-real time: 0.939
[2026-09-22 00:35:15.910] [info]  - integrator method: SemiExplicitEuler2
[2026-09-22 00:35:15.910] [info]  - number of realizations: 18641
[2026-09-22 00:35:15.910] [info]  - number of steps taken / attempted: 8557 / 10083
[2026-09-22 00:35:15.910] [info]  - number of projections: 24
[2026-09-22 00:35:15.910] [info]  - number of iterations: 10083
[2026-09-22 00:35:15.910] [info] -------
[2026-09-22 00:35:15.910] [info] Manager
[2026-09-22 00:35:15.910] [info] -------
[2026-09-22 00:35:15.910] [info] Starting integration at initial time 1.30 s...
[2026-09-22 00:35:17.532] [info] Integration complete at final time 1.35 s.
[2026-09-22 00:35:17.532] [info]  - CPU time elapsed: 1.578125 s
[2026-09-22 00:35:17.532] [info]  - real time elapsed: 1.622362 s
[2026-09-22 00:35:17.532] [info]  - ratio sim-to-real time: 0.832
[2026-09-22 00:35:17.532] [info]  - integrator method: SemiExplicitEuler2
[2026-09-22 00:35:17.532] [info]  - number of realizations: 19592
[2026-09-22 00:35:17.532] [info]  - number of steps taken / attempted: 8983 / 10608
[2026-09-22 00:35:17.532] [info]  - number of projections: 26
[2026-09-22 00:35:17.532] [info]  - number of iterations: 10608
[2026-09-22 00:35:17.532] [info] -------
[2026-09-22 00:35:17.532] [info] Manager
[2026-09-22 00:35:17.532] [info] -------
[2026-09-22 00:35:17.532] [info] Starting integration at initial time 1.35 s...
[2026-09-22 00:35:18.742] [info] Integration complete at final time 1.40 s.
[2026-09-22 00:35:18.742] [info]  - CPU time elapsed: 1.187500 s
[2026-09-22 00:35:18.742] [info]  - real time elapsed: 1.209977 s
[2026-09-22 00:35:18.742] [info]  - ratio sim-to-real time: 1.157
[2026-09-22 00:35:18.742] [info]  - integrator method: SemiExplicitEuler2
[2026-09-22 00:35:18.742] [info]  - number of realizations: 20317
[2026-09-22 00:35:18.742] [info]  - number of steps taken / attempted: 9315 / 11001
[2026-09-22 00:35:18.742] [info]  - number of projections: 26
[2026-09-22 00:35:18.742] [info]  - number of iterations: 11001
[2026-09-22 00:35:18.742] [info] -------
[2026-09-22 00:35:18.742] [info] Manager
[2026-09-22 00:35:18.742] [info] -------
[2026-09-22 00:35:18.742] [info] Starting integration at initial time 1.40 s...
[2026-09-22 00:35:20.242] [info] Integration complete at final time 1.45 s.
[2026-09-22 00:35:20.242] [info]  - CPU time elapsed: 1.484375 s
[2026-09-22 00:35:20.242] [info]  - real time elapsed: 1.499795 s
[2026-09-22 00:35:20.242] [info]  - ratio sim-to-real time: 0.967
[2026-09-22 00:35:20.242] [info]  - integrator method: SemiExplicitEuler2
[2026-09-22 00:35:20.242] [info]  - number of realizations: 21225
[2026-09-22 00:35:20.242] [info]  - number of steps taken / attempted: 9736 / 11488
[2026-09-22 00:35:20.242] [info]  - number of projections: 27
[2026-09-22 00:35:20.242] [info]  - number of iterations: 11488
[2026-09-22 00:35:20.242] [info] -------
[2026-09-22 00:35:20.242] [info] Manager
[2026-09-22 00:35:20.242] [info] -------
[2026-09-22 00:35:20.242] [info] Starting integration at initial time 1.45 s...
[2026-09-22 00:35:21.377] [info] Integration complete at final time 1.50 s.
[2026-09-22 00:35:21.377] [info]  - CPU time elapsed: 1.125000 s
[2026-09-22 00:35:21.377] [info]  - real time elapsed: 1.134853 s
[2026-09-22 00:35:21.377] [info]  - ratio sim-to-real time: 1.322
[2026-09-22 00:35:21.377] [info]  - integrator method: SemiExplicitEuler2
[2026-09-22 00:35:21.377] [info]  - number of realizations: 21899
[2026-09-22 00:35:21.377] [info]  - number of steps taken / attempted: 10039 / 11859
[2026-09-22 00:35:21.377] [info]  - number of projections: 27
[2026-09-22 00:35:21.377] [info]  - number of iterations: 11859
[2026-09-22 00:35:21.377] [info] -------
[2026-09-22 00:35:21.377] [info] Manager
[2026-09-22 00:35:21.377] [info] -------
[2026-09-22 00:35:21.377] [info] Starting integration at initial time 1.50 s...
[2026-09-22 00:35:22.365] [info] Integration complete at final time 1.55 s.
[2026-09-22 00:35:22.365] [info]  - CPU time elapsed: 0.953125 s
[2026-09-22 00:35:22.365] [info]  - real time elapsed: 0.987748 s
[2026-09-22 00:35:22.365] [info]  - ratio sim-to-real time: 1.569
[2026-09-22 00:35:22.365] [info]  - integrator method: SemiExplicitEuler2
[2026-09-22 00:35:22.365] [info]  - number of realizations: 22457
[2026-09-22 00:35:22.365] [info]  - number of steps taken / attempted: 10287 / 12169
[2026-09-22 00:35:22.365] [info]  - number of projections: 27
[2026-09-22 00:35:22.365] [info]  - number of iterations: 12169
[2026-09-22 00:35:22.365] [info] -------
[2026-09-22 00:35:22.365] [info] Manager
[2026-09-22 00:35:22.365] [info] -------
[2026-09-22 00:35:22.365] [info] Starting integration at initial time 1.55 s...
[2026-09-22 00:35:23.168] [info] Integration complete at final time 1.60 s.
[2026-09-22 00:35:23.168] [info]  - CPU time elapsed: 0.812500 s
[2026-09-22 00:35:23.168] [info]  - real time elapsed: 0.802408 s
[2026-09-22 00:35:23.168] [info]  - ratio sim-to-real time: 1.994
[2026-09-22 00:35:23.168] [info]  - integrator method: SemiExplicitEuler2
[2026-09-22 00:35:23.168] [info]  - number of realizations: 22900
[2026-09-22 00:35:23.168] [info]  - number of steps taken / attempted: 10456 / 12443
[2026-09-22 00:35:23.168] [info]  - number of projections: 27
[2026-09-22 00:35:23.168] [info]  - number of iterations: 12443
[2026-09-22 00:35:23.168] [info] -------
[2026-09-22 00:35:23.168] [info] Manager
[2026-09-22 00:35:23.168] [info] -------
[2026-09-22 00:35:23.168] [info] Starting integration at initial time 1.60 s...
[2026-09-22 00:35:24.160] [info] Integration complete at final time 1.65 s.
[2026-09-22 00:35:24.160] [info]  - CPU time elapsed: 0.984375 s
[2026-09-22 00:35:24.160] [info]  - real time elapsed: 0.992519 s
[2026-09-22 00:35:24.160] [info]  - ratio sim-to-real time: 1.662
[2026-09-22 00:35:24.160] [info]  - integrator method: SemiExplicitEuler2
[2026-09-22 00:35:24.160] [info]  - number of realizations: 23479
[2026-09-22 00:35:24.160] [info]  - number of steps taken / attempted: 10713 / 12765
[2026-09-22 00:35:24.160] [info]  - number of projections: 29
[2026-09-22 00:35:24.160] [info]  - number of iterations: 12765
[2026-09-22 00:35:24.161] [info] -------
[2026-09-22 00:35:24.161] [info] Manager
[2026-09-22 00:35:24.161] [info] -------
[2026-09-22 00:35:24.161] [info] Starting integration at initial time 1.65 s...
[2026-09-22 00:35:24.995] [info] Integration complete at final time 1.70 s.
[2026-09-22 00:35:24.995] [info]  - CPU time elapsed: 0.843750 s
[2026-09-22 00:35:24.995] [info]  - real time elapsed: 0.834406 s
[2026-09-22 00:35:24.995] [info]  - ratio sim-to-real time: 2.037
[2026-09-22 00:35:24.995] [info]  - integrator method: SemiExplicitEuler2
[2026-09-22 00:35:24.995] [info]  - number of realizations: 23941
[2026-09-22 00:35:24.995] [info]  - number of steps taken / attempted: 10928 / 13012
[2026-09-22 00:35:24.995] [info]  - number of projections: 29
[2026-09-22 00:35:24.995] [info]  - number of iterations: 13012
[2026-09-22 00:35:24.995] [info] -------
[2026-09-22 00:35:24.995] [info] Manager
[2026-09-22 00:35:24.995] [info] -------
[2026-09-22 00:35:24.995] [info] Starting integration at initial time 1.70 s...
[2026-09-22 00:35:26.133] [info] Integration complete at final time 1.75 s.
[2026-09-22 00:35:26.133] [info]  - CPU time elapsed: 1.062500 s
[2026-09-22 00:35:26.133] [info]  - real time elapsed: 1.138285 s
[2026-09-22 00:35:26.134] [info]  - ratio sim-to-real time: 1.537
[2026-09-22 00:35:26.134] [info]  - integrator method: SemiExplicitEuler2
[2026-09-22 00:35:26.134] [info]  - number of realizations: 24604
[2026-09-22 00:35:26.134] [info]  - number of steps taken / attempted: 11232 / 13371
[2026-09-22 00:35:26.134] [info]  - number of projections: 30
[2026-09-22 00:35:26.134] [info]  - number of iterations: 13371
[2026-09-22 00:35:26.134] [info] -------
[2026-09-22 00:35:26.134] [info] Manager
[2026-09-22 00:35:26.134] [info] -------
[2026-09-22 00:35:26.134] [info] Starting integration at initial time 1.75 s...
[2026-09-22 00:35:27.408] [info] Integration complete at final time 1.80 s.
[2026-09-22 00:35:27.414] [info]  - CPU time elapsed: 1.250000 s
[2026-09-22 00:35:27.414] [info]  - real time elapsed: 1.273966 s
[2026-09-22 00:35:27.414] [info]  - ratio sim-to-real time: 1.413
[2026-09-22 00:35:27.414] [info]  - integrator method: SemiExplicitEuler2
[2026-09-22 00:35:27.414] [info]  - number of realizations: 25370
[2026-09-22 00:35:27.414] [info]  - number of steps taken / attempted: 11584 / 13785
[2026-09-22 00:35:27.414] [info]  - number of projections: 31
[2026-09-22 00:35:27.414] [info]  - number of iterations: 13785
[2026-09-22 00:35:27.414] [info] -------
[2026-09-22 00:35:27.414] [info] Manager
[2026-09-22 00:35:27.414] [info] -------
[2026-09-22 00:35:27.414] [info] Starting integration at initial time 1.80 s...
[2026-09-22 00:35:28.446] [info] Integration complete at final time 1.85 s.
[2026-09-22 00:35:28.446] [info]  - CPU time elapsed: 1.015625 s
[2026-09-22 00:35:28.446] [info]  - real time elapsed: 1.031082 s
[2026-09-22 00:35:28.446] [info]  - ratio sim-to-real time: 1.794
[2026-09-22 00:35:28.446] [info]  - integrator method: SemiExplicitEuler2
[2026-09-22 00:35:28.446] [info]  - number of realizations: 25961
[2026-09-22 00:35:28.446] [info]  - number of steps taken / attempted: 11858 / 14102
[2026-09-22 00:35:28.446] [info]  - number of projections: 32
[2026-09-22 00:35:28.446] [info]  - number of iterations: 14102
[2026-09-22 00:35:28.446] [info] -------
[2026-09-22 00:35:28.446] [info] Manager
[2026-09-22 00:35:28.446] [info] -------
[2026-09-22 00:35:28.446] [info] Starting integration at initial time 1.85 s...
[2026-09-22 00:35:29.287] [info] Integration complete at final time 1.90 s.
[2026-09-22 00:35:29.287] [info]  - CPU time elapsed: 0.828125 s
[2026-09-22 00:35:29.287] [info]  - real time elapsed: 0.841092 s
[2026-09-22 00:35:29.287] [info]  - ratio sim-to-real time: 2.259
[2026-09-22 00:35:29.287] [info]  - integrator method: SemiExplicitEuler2
[2026-09-22 00:35:29.287] [info]  - number of realizations: 26438
[2026-09-22 00:35:29.287] [info]  - number of steps taken / attempted: 12079 / 14358
[2026-09-22 00:35:29.287] [info]  - number of projections: 33
[2026-09-22 00:35:29.287] [info]  - number of iterations: 14358
[2026-09-22 00:35:29.287] [info] -------
[2026-09-22 00:35:29.287] [info] Manager
[2026-09-22 00:35:29.287] [info] -------
[2026-09-22 00:35:29.287] [info] Starting integration at initial time 1.90 s...
[2026-09-22 00:35:30.456] [info] Integration complete at final time 1.95 s.
[2026-09-22 00:35:30.456] [info]  - CPU time elapsed: 1.171875 s
[2026-09-22 00:35:30.456] [info]  - real time elapsed: 1.169084 s
[2026-09-22 00:35:30.456] [info]  - ratio sim-to-real time: 1.668
[2026-09-22 00:35:30.456] [info]  - integrator method: SemiExplicitEuler2
[2026-09-22 00:35:30.456] [info]  - number of realizations: 27138
[2026-09-22 00:35:30.456] [info]  - number of steps taken / attempted: 12398 / 14739
[2026-09-22 00:35:30.456] [info]  - number of projections: 34
[2026-09-22 00:35:30.456] [info]  - number of iterations: 14739
[2026-09-22 00:35:30.456] [info] -------
[2026-09-22 00:35:30.456] [info] Manager
[2026-09-22 00:35:30.456] [info] -------
[2026-09-22 00:35:30.456] [info] Starting integration at initial time 1.95 s...
[2026-09-22 00:35:31.616] [info] Integration complete at final time 2.00 s.
[2026-09-22 00:35:31.616] [info]  - CPU time elapsed: 1.140625 s
[2026-09-22 00:35:31.616] [info]  - real time elapsed: 1.159418 s
[2026-09-22 00:35:31.616] [info]  - ratio sim-to-real time: 1.725
[2026-09-22 00:35:31.616] [info]  - integrator method: SemiExplicitEuler2
[2026-09-22 00:35:31.616] [info]  - number of realizations: 27821
[2026-09-22 00:35:31.616] [info]  - number of steps taken / attempted: 12711 / 15109
[2026-09-22 00:35:31.616] [info]  - number of projections: 34
[2026-09-22 00:35:31.616] [info]  - number of iterations: 15109
[2026-09-22 00:35:31.616] [info] -------
[2026-09-22 00:35:31.616] [info] Manager
[2026-09-22 00:35:31.616] [info] -------
[2026-09-22 00:35:31.616] [info] Starting integration at initial time 2.00 s...
[2026-09-22 00:35:32.750] [info] Integration complete at final time 2.05 s.
[2026-09-22 00:35:32.750] [info]  - CPU time elapsed: 1.140625 s
[2026-09-22 00:35:32.750] [info]  - real time elapsed: 1.134407 s
[2026-09-22 00:35:32.750] [info]  - ratio sim-to-real time: 1.807
[2026-09-22 00:35:32.750] [info]  - integrator method: SemiExplicitEuler2
[2026-09-22 00:35:32.750] [info]  - number of realizations: 28488
[2026-09-22 00:35:32.750] [info]  - number of steps taken / attempted: 13012 / 15475
[2026-09-22 00:35:32.750] [info]  - number of projections: 35
[2026-09-22 00:35:32.750] [info]  - number of iterations: 15475
[2026-09-22 00:35:32.750] [info] -------
[2026-09-22 00:35:32.750] [info] Manager
[2026-09-22 00:35:32.750] [info] -------
[2026-09-22 00:35:32.750] [info] Starting integration at initial time 2.05 s...
[2026-09-22 00:35:33.812] [info] Integration complete at final time 2.10 s.
[2026-09-22 00:35:33.812] [info]  - CPU time elapsed: 1.046875 s
[2026-09-22 00:35:33.812] [info]  - real time elapsed: 1.061855 s
[2026-09-22 00:35:33.812] [info]  - ratio sim-to-real time: 1.978
[2026-09-22 00:35:33.812] [info]  - integrator method: SemiExplicitEuler2
[2026-09-22 00:35:33.812] [info]  - number of realizations: 29094
[2026-09-22 00:35:33.812] [info]  - number of steps taken / attempted: 13292 / 15801
[2026-09-22 00:35:33.812] [info]  - number of projections: 36
[2026-09-22 00:35:33.812] [info]  - number of iterations: 15801
[2026-09-22 00:35:33.812] [info] -------
[2026-09-22 00:35:33.812] [info] Manager
[2026-09-22 00:35:33.812] [info] -------
[2026-09-22 00:35:33.812] [info] Starting integration at initial time 2.10 s...
[2026-09-22 00:35:34.842] [info] Integration complete at final time 2.15 s.
[2026-09-22 00:35:34.843] [info]  - CPU time elapsed: 1.031250 s
[2026-09-22 00:35:34.843] [info]  - real time elapsed: 1.030025 s
[2026-09-22 00:35:34.843] [info]  - ratio sim-to-real time: 2.087
[2026-09-22 00:35:34.843] [info]  - integrator method: SemiExplicitEuler2
[2026-09-22 00:35:34.843] [info]  - number of realizations: 29675
[2026-09-22 00:35:34.843] [info]  - number of steps taken / attempted: 13557 / 16117
[2026-09-22 00:35:34.843] [info]  - number of projections: 37
[2026-09-22 00:35:34.843] [info]  - number of iterations: 16117
[2026-09-22 00:35:34.843] [info] -------
[2026-09-22 00:35:34.843] [info] Manager
[2026-09-22 00:35:34.843] [info] -------
[2026-09-22 00:35:34.843] [info] Starting integration at initial time 2.15 s...
[2026-09-22 00:35:35.776] [info] Integration complete at final time 2.20 s.
[2026-09-22 00:35:35.776] [info]  - CPU time elapsed: 0.937500 s
[2026-09-22 00:35:35.776] [info]  - real time elapsed: 0.932899 s
[2026-09-22 00:35:35.776] [info]  - ratio sim-to-real time: 2.358
[2026-09-22 00:35:35.776] [info]  - integrator method: SemiExplicitEuler2
[2026-09-22 00:35:35.776] [info]  - number of realizations: 30205
[2026-09-22 00:35:35.776] [info]  - number of steps taken / attempted: 13800 / 16404
[2026-09-22 00:35:35.776] [info]  - number of projections: 38
[2026-09-22 00:35:35.776] [info]  - number of iterations: 16404
[2026-09-22 00:35:35.776] [info] -------
[2026-09-22 00:35:35.776] [info] Manager
[2026-09-22 00:35:35.776] [info] -------
[2026-09-22 00:35:35.776] [info] Starting integration at initial time 2.20 s...
[2026-09-22 00:35:36.960] [info] Integration complete at final time 2.25 s.
[2026-09-22 00:35:36.960] [info]  - CPU time elapsed: 1.171875 s
[2026-09-22 00:35:36.960] [info]  - real time elapsed: 1.183745 s
[2026-09-22 00:35:36.960] [info]  - ratio sim-to-real time: 1.901
[2026-09-22 00:35:36.960] [info]  - integrator method: SemiExplicitEuler2
[2026-09-22 00:35:36.960] [info]  - number of realizations: 30906
[2026-09-22 00:35:36.960] [info]  - number of steps taken / attempted: 14117 / 16788
[2026-09-22 00:35:36.960] [info]  - number of projections: 38
[2026-09-22 00:35:36.960] [info]  - number of iterations: 16788
[2026-09-22 00:35:36.960] [info] -------
[2026-09-22 00:35:36.960] [info] Manager
[2026-09-22 00:35:36.960] [info] -------
[2026-09-22 00:35:36.960] [info] Starting integration at initial time 2.25 s...
[2026-09-22 00:35:37.914] [info] Integration complete at final time 2.30 s.
[2026-09-22 00:35:37.914] [info]  - CPU time elapsed: 0.921875 s
[2026-09-22 00:35:37.914] [info]  - real time elapsed: 0.953778 s
[2026-09-22 00:35:37.914] [info]  - ratio sim-to-real time: 2.411
[2026-09-22 00:35:37.914] [info]  - integrator method: SemiExplicitEuler2
[2026-09-22 00:35:37.914] [info]  - number of realizations: 31431
[2026-09-22 00:35:37.914] [info]  - number of steps taken / attempted: 14358 / 17072
[2026-09-22 00:35:37.914] [info]  - number of projections: 39
[2026-09-22 00:35:37.914] [info]  - number of iterations: 17072
[2026-09-22 00:35:37.914] [info] -------
[2026-09-22 00:35:37.914] [info] Manager
[2026-09-22 00:35:37.914] [info] -------
[2026-09-22 00:35:37.914] [info] Starting integration at initial time 2.30 s...
[2026-09-22 00:35:38.988] [info] Integration complete at final time 2.35 s.
[2026-09-22 00:35:38.988] [info]  - CPU time elapsed: 1.078125 s
[2026-09-22 00:35:38.988] [info]  - real time elapsed: 1.074218 s
[2026-09-22 00:35:38.988] [info]  - ratio sim-to-real time: 2.188
[2026-09-22 00:35:38.988] [info]  - integrator method: SemiExplicitEuler2
[2026-09-22 00:35:38.988] [info]  - number of realizations: 32057
[2026-09-22 00:35:38.988] [info]  - number of steps taken / attempted: 14649 / 17407
[2026-09-22 00:35:38.988] [info]  - number of projections: 39
[2026-09-22 00:35:38.988] [info]  - number of iterations: 17407
[2026-09-22 00:35:38.988] [info] -------
[2026-09-22 00:35:38.988] [info] Manager
[2026-09-22 00:35:38.988] [info] -------
[2026-09-22 00:35:38.988] [info] Starting integration at initial time 2.35 s...
[2026-09-22 00:35:40.160] [info] Integration complete at final time 2.40 s.
[2026-09-22 00:35:40.160] [info]  - CPU time elapsed: 1.171875 s
[2026-09-22 00:35:40.160] [info]  - real time elapsed: 1.171683 s
[2026-09-22 00:35:40.160] [info]  - ratio sim-to-real time: 2.048
[2026-09-22 00:35:40.160] [info]  - integrator method: SemiExplicitEuler2
[2026-09-22 00:35:40.160] [info]  - number of realizations: 32756
[2026-09-22 00:35:40.160] [info]  - number of steps taken / attempted: 14971 / 17784
[2026-09-22 00:35:40.160] [info]  - number of projections: 40
[2026-09-22 00:35:40.160] [info]  - number of iterations: 17784
[2026-09-22 00:35:40.160] [info] -------
[2026-09-22 00:35:40.160] [info] Manager
[2026-09-22 00:35:40.160] [info] -------
[2026-09-22 00:35:40.160] [info] Starting integration at initial time 2.40 s...
[2026-09-22 00:35:41.265] [info] Integration complete at final time 2.45 s.
[2026-09-22 00:35:41.265] [info]  - CPU time elapsed: 1.109375 s
[2026-09-22 00:35:41.265] [info]  - real time elapsed: 1.104807 s
[2026-09-22 00:35:41.265] [info]  - ratio sim-to-real time: 2.218
[2026-09-22 00:35:41.265] [info]  - integrator method: SemiExplicitEuler2
[2026-09-22 00:35:41.265] [info]  - number of realizations: 33388
[2026-09-22 00:35:41.265] [info]  - number of steps taken / attempted: 15260 / 18127
[2026-09-22 00:35:41.265] [info]  - number of projections: 40
[2026-09-22 00:35:41.265] [info]  - number of iterations: 18127
[2026-09-22 00:35:41.265] [info] -------
[2026-09-22 00:35:41.265] [info] Manager
[2026-09-22 00:35:41.265] [info] -------
[2026-09-22 00:35:41.265] [info] Starting integration at initial time 2.45 s...
[2026-09-22 00:35:42.488] [info] Integration complete at final time 2.50 s.
[2026-09-22 00:35:42.488] [info]  - CPU time elapsed: 1.187500 s
[2026-09-22 00:35:42.488] [info]  - real time elapsed: 1.222711 s
[2026-09-22 00:35:42.488] [info]  - ratio sim-to-real time: 2.045
[2026-09-22 00:35:42.488] [info]  - integrator method: SemiExplicitEuler2
[2026-09-22 00:35:42.488] [info]  - number of realizations: 34092
[2026-09-22 00:35:42.488] [info]  - number of steps taken / attempted: 15584 / 18507
[2026-09-22 00:35:42.488] [info]  - number of projections: 41
[2026-09-22 00:35:42.488] [info]  - number of iterations: 18507
[2026-09-22 00:35:42.488] [info] -------
[2026-09-22 00:35:42.488] [info] Manager
[2026-09-22 00:35:42.488] [info] -------
[2026-09-22 00:35:42.488] [info] Starting integration at initial time 2.50 s...
[2026-09-22 00:35:43.483] [info] Integration complete at final time 2.55 s.
[2026-09-22 00:35:43.483] [info]  - CPU time elapsed: 1.000000 s
[2026-09-22 00:35:43.483] [info]  - real time elapsed: 0.994788 s
[2026-09-22 00:35:43.483] [info]  - ratio sim-to-real time: 2.563
[2026-09-22 00:35:43.483] [info]  - integrator method: SemiExplicitEuler2
[2026-09-22 00:35:43.483] [info]  - number of realizations: 34654
[2026-09-22 00:35:43.483] [info]  - number of steps taken / attempted: 15841 / 18812
[2026-09-22 00:35:43.483] [info]  - number of projections: 41
[2026-09-22 00:35:43.483] [info]  - number of iterations: 18812
[2026-09-22 00:35:43.483] [info] -------
[2026-09-22 00:35:43.483] [info] Manager
[2026-09-22 00:35:43.483] [info] -------
[2026-09-22 00:35:43.483] [info] Starting integration at initial time 2.55 s...
[2026-09-22 00:35:44.247] [info] Integration complete at final time 2.60 s.
[2026-09-22 00:35:44.247] [info]  - CPU time elapsed: 0.750000 s
[2026-09-22 00:35:44.247] [info]  - real time elapsed: 0.763722 s
[2026-09-22 00:35:44.247] [info]  - ratio sim-to-real time: 3.404
[2026-09-22 00:35:44.247] [info]  - integrator method: SemiExplicitEuler2
[2026-09-22 00:35:44.247] [info]  - number of realizations: 35058
[2026-09-22 00:35:44.247] [info]  - number of steps taken / attempted: 16027 / 19030
[2026-09-22 00:35:44.247] [info]  - number of projections: 41
[2026-09-22 00:35:44.247] [info]  - number of iterations: 19030
[2026-09-22 00:35:44.247] [info] -------
[2026-09-22 00:35:44.247] [info] Manager
[2026-09-22 00:35:44.247] [info] -------
[2026-09-22 00:35:44.247] [info] Starting integration at initial time 2.60 s...
[2026-09-22 00:35:45.150] [info] Integration complete at final time 2.65 s.
[2026-09-22 00:35:45.150] [info]  - CPU time elapsed: 0.906250 s
[2026-09-22 00:35:45.150] [info]  - real time elapsed: 0.903615 s
[2026-09-22 00:35:45.150] [info]  - ratio sim-to-real time: 2.933
[2026-09-22 00:35:45.150] [info]  - integrator method: SemiExplicitEuler2
[2026-09-22 00:35:45.150] [info]  - number of realizations: 35553
[2026-09-22 00:35:45.150] [info]  - number of steps taken / attempted: 16260 / 19292
[2026-09-22 00:35:45.150] [info]  - number of projections: 41
[2026-09-22 00:35:45.150] [info]  - number of iterations: 19292
[2026-09-22 00:35:45.151] [info] -------
[2026-09-22 00:35:45.151] [info] Manager
[2026-09-22 00:35:45.151] [info] -------
[2026-09-22 00:35:45.151] [info] Starting integration at initial time 2.65 s...
[2026-09-22 00:35:46.037] [info] Integration complete at final time 2.70 s.
[2026-09-22 00:35:46.037] [info]  - CPU time elapsed: 0.828125 s
[2026-09-22 00:35:46.037] [info]  - real time elapsed: 0.886048 s
[2026-09-22 00:35:46.037] [info]  - ratio sim-to-real time: 3.047
[2026-09-22 00:35:46.037] [info]  - integrator method: SemiExplicitEuler2
[2026-09-22 00:35:46.037] [info]  - number of realizations: 36042
[2026-09-22 00:35:46.037] [info]  - number of steps taken / attempted: 16493 / 19548
[2026-09-22 00:35:46.037] [info]  - number of projections: 43
[2026-09-22 00:35:46.037] [info]  - number of iterations: 19548
[2026-09-22 00:35:46.037] [info] -------
[2026-09-22 00:35:46.037] [info] Manager
[2026-09-22 00:35:46.037] [info] -------
[2026-09-22 00:35:46.037] [info] Starting integration at initial time 2.70 s...
[2026-09-22 00:35:46.824] [info] Integration complete at final time 2.75 s.
[2026-09-22 00:35:46.824] [info]  - CPU time elapsed: 0.781250 s
[2026-09-22 00:35:46.824] [info]  - real time elapsed: 0.787574 s
[2026-09-22 00:35:46.824] [info]  - ratio sim-to-real time: 3.492
[2026-09-22 00:35:46.824] [info]  - integrator method: SemiExplicitEuler2
[2026-09-22 00:35:46.824] [info]  - number of realizations: 36473
[2026-09-22 00:35:46.824] [info]  - number of steps taken / attempted: 16698 / 19774
[2026-09-22 00:35:46.824] [info]  - number of projections: 43
[2026-09-22 00:35:46.824] [info]  - number of iterations: 19774
[2026-09-22 00:35:46.825] [info] -------
[2026-09-22 00:35:46.825] [info] Manager
[2026-09-22 00:35:46.825] [info] -------
[2026-09-22 00:35:46.825] [info] Starting integration at initial time 2.75 s...
[2026-09-22 00:35:47.686] [info] Integration complete at final time 2.80 s.
[2026-09-22 00:35:47.686] [info]  - CPU time elapsed: 0.859375 s
[2026-09-22 00:35:47.686] [info]  - real time elapsed: 0.861159 s
[2026-09-22 00:35:47.686] [info]  - ratio sim-to-real time: 3.251
[2026-09-22 00:35:47.686] [info]  - integrator method: SemiExplicitEuler2
[2026-09-22 00:35:47.686] [info]  - number of realizations: 36923
[2026-09-22 00:35:47.686] [info]  - number of steps taken / attempted: 16912 / 20010
[2026-09-22 00:35:47.686] [info]  - number of projections: 44
[2026-09-22 00:35:47.686] [info]  - number of iterations: 20010
[2026-09-22 00:35:47.686] [info] -------
[2026-09-22 00:35:47.686] [info] Manager
[2026-09-22 00:35:47.686] [info] -------
[2026-09-22 00:35:47.686] [info] Starting integration at initial time 2.80 s...
[2026-09-22 00:35:48.599] [info] Integration complete at final time 2.85 s.
[2026-09-22 00:35:48.599] [info]  - CPU time elapsed: 0.875000 s
[2026-09-22 00:35:48.599] [info]  - real time elapsed: 0.913091 s
[2026-09-22 00:35:48.599] [info]  - ratio sim-to-real time: 3.121
[2026-09-22 00:35:48.599] [info]  - integrator method: SemiExplicitEuler2
[2026-09-22 00:35:48.599] [info]  - number of realizations: 37416
[2026-09-22 00:35:48.599] [info]  - number of steps taken / attempted: 17144 / 20271
[2026-09-22 00:35:48.599] [info]  - number of projections: 45
[2026-09-22 00:35:48.599] [info]  - number of iterations: 20271
[2026-09-22 00:35:48.599] [info] -------
[2026-09-22 00:35:48.599] [info] Manager
[2026-09-22 00:35:48.599] [info] -------
[2026-09-22 00:35:48.599] [info] Starting integration at initial time 2.85 s...
[2026-09-22 00:35:49.468] [info] Integration complete at final time 2.90 s.
[2026-09-22 00:35:49.468] [info]  - CPU time elapsed: 0.875000 s
[2026-09-22 00:35:49.468] [info]  - real time elapsed: 0.868791 s
[2026-09-22 00:35:49.468] [info]  - ratio sim-to-real time: 3.338
[2026-09-22 00:35:49.468] [info]  - integrator method: SemiExplicitEuler2
[2026-09-22 00:35:49.468] [info]  - number of realizations: 37891
[2026-09-22 00:35:49.468] [info]  - number of steps taken / attempted: 17372 / 20518
[2026-09-22 00:35:49.468] [info]  - number of projections: 47
[2026-09-22 00:35:49.468] [info]  - number of iterations: 20518
[2026-09-22 00:35:49.468] [info] -------
[2026-09-22 00:35:49.468] [info] Manager
[2026-09-22 00:35:49.468] [info] -------
[2026-09-22 00:35:49.468] [info] Starting integration at initial time 2.90 s...
[2026-09-22 00:35:50.544] [info] Integration complete at final time 2.95 s.
[2026-09-22 00:35:50.544] [info]  - CPU time elapsed: 1.078125 s
[2026-09-22 00:35:50.544] [info]  - real time elapsed: 1.075749 s
[2026-09-22 00:35:50.544] [info]  - ratio sim-to-real time: 2.742
[2026-09-22 00:35:50.544] [info]  - integrator method: SemiExplicitEuler2
[2026-09-22 00:35:50.544] [info]  - number of realizations: 38501
[2026-09-22 00:35:50.544] [info]  - number of steps taken / attempted: 17652 / 20848
[2026-09-22 00:35:50.544] [info]  - number of projections: 48
[2026-09-22 00:35:50.544] [info]  - number of iterations: 20848
[2026-09-22 00:35:50.544] [info] -------
[2026-09-22 00:35:50.544] [info] Manager
[2026-09-22 00:35:50.544] [info] -------
[2026-09-22 00:35:50.544] [info] Starting integration at initial time 2.95 s...
[2026-09-22 00:35:51.573] [info] Integration complete at final time 3.00 s.
[2026-09-22 00:35:51.573] [info]  - CPU time elapsed: 1.031250 s
[2026-09-22 00:35:51.573] [info]  - real time elapsed: 1.029305 s
[2026-09-22 00:35:51.573] [info]  - ratio sim-to-real time: 2.915
[2026-09-22 00:35:51.573] [info]  - integrator method: SemiExplicitEuler2
[2026-09-22 00:35:51.573] [info]  - number of realizations: 39076
[2026-09-22 00:35:51.573] [info]  - number of steps taken / attempted: 17919 / 21156
[2026-09-22 00:35:51.573] [info]  - number of projections: 49
[2026-09-22 00:35:51.573] [info]  - number of iterations: 21156
[2026-09-22 00:35:51.574] [info] -------
[2026-09-22 00:35:51.574] [info] Manager
[2026-09-22 00:35:51.574] [info] -------
[2026-09-22 00:35:51.574] [info] Starting integration at initial time 3.00 s...
[2026-09-22 00:35:52.503] [info] Integration complete at final time 3.05 s.
[2026-09-22 00:35:52.503] [info]  - CPU time elapsed: 0.921875 s
[2026-09-22 00:35:52.503] [info]  - real time elapsed: 0.928961 s
[2026-09-22 00:35:52.503] [info]  - ratio sim-to-real time: 3.283
[2026-09-22 00:35:52.503] [info]  - integrator method: SemiExplicitEuler2
[2026-09-22 00:35:52.503] [info]  - number of realizations: 39573
[2026-09-22 00:35:52.503] [info]  - number of steps taken / attempted: 18148 / 21424
[2026-09-22 00:35:52.503] [info]  - number of projections: 51
[2026-09-22 00:35:52.503] [info]  - number of iterations: 21424
[2026-09-22 00:39:02.845] [info] Loaded library D:\Akademik\PhD_Thesis\OpenSim\HeadNeck_Control_w_Sensors_Opensim4_6\proprioception_plugin\build\Release\osimMillard12EqWithAff.dll
[2026-09-22 00:39:02.851] [info] Loaded library D:\Akademik\PhD_Thesis\OpenSim\HeadNeck_Control_w_Sensors_Opensim4_6\vestibular_plugin\build\Release\osimVestibular.dll
[2026-09-22 00:39:02.857] [info] Loaded library D:\Akademik\PhD_Thesis\OpenSim\HeadNeck_Control_w_Sensors_Opensim4_6\HeadNeckNeuralController_plugin\build\Release\osimHeadNeckNeural.dll
[2026-09-22 00:39:02.863] [info] Loaded library D:\Akademik\PhD_Thesis\OpenSim\HeadNeck_Control_w_Sensors_Opensim4_6\FixationController_plugin\build\Release\osimFixation.dll
[2026-09-22 00:39:02.882] [info] Loaded model HYOID_Scaled from file osim_files/HYOID_HeadNeckNeural_Model_Detailed.osim
[2026-09-22 00:39:03.343] [info] -------
[2026-09-22 00:39:03.343] [info] Manager
[2026-09-22 00:39:03.343] [info] -------
[2026-09-22 00:39:03.343] [info] Starting integration at initial time 0.00 s...
[2026-09-22 00:39:20.244] [info] Loaded library D:\Akademik\PhD_Thesis\OpenSim\HeadNeck_Control_w_Sensors_Opensim4_6\proprioception_plugin\build\Release\osimMillard12EqWithAff.dll
[2026-09-22 00:39:20.250] [info] Loaded library D:\Akademik\PhD_Thesis\OpenSim\HeadNeck_Control_w_Sensors_Opensim4_6\vestibular_plugin\build\Release\osimVestibular.dll
[2026-09-22 00:39:20.257] [info] Loaded library D:\Akademik\PhD_Thesis\OpenSim\HeadNeck_Control_w_Sensors_Opensim4_6\HeadNeckNeuralController_plugin\build\Release\osimHeadNeckNeural.dll
[2026-09-22 00:39:20.263] [info] Loaded library D:\Akademik\PhD_Thesis\OpenSim\HeadNeck_Control_w_Sensors_Opensim4_6\FixationController_plugin\build\Release\osimFixation.dll
[2026-09-22 00:39:20.282] [info] Loaded model HYOID_Scaled from file osim_files/HYOID_HeadNeckNeural_Model_Detailed.osim
[2026-09-22 00:39:20.743] [info] -------
[2026-09-22 00:39:20.743] [info] Manager
[2026-09-22 00:39:20.743] [info] -------
[2026-09-22 00:39:20.743] [info] Starting integration at initial time 0.00 s...
[2026-09-22 00:39:23.973] [info] Integration complete at final time 0.05 s.
[2026-09-22 00:39:23.973] [info]  - CPU time elapsed: 3.187500 s
[2026-09-22 00:39:23.973] [info]  - real time elapsed: 3.229946 s
[2026-09-22 00:39:23.973] [info]  - ratio sim-to-real time: 0.015
[2026-09-22 00:39:23.973] [info]  - integrator method: SemiExplicitEuler2
[2026-09-22 00:39:23.973] [info]  - number of realizations: 2306
[2026-09-22 00:39:23.974] [info]  - number of steps taken / attempted: 1054 / 1251
[2026-09-22 00:39:23.974] [info]  - number of projections: 3
[2026-09-22 00:39:23.974] [info]  - number of iterations: 1251
[2026-09-22 00:39:23.974] [info] -------
[2026-09-22 00:39:23.974] [info] Manager
[2026-09-22 00:39:23.974] [info] -------
[2026-09-22 00:39:23.974] [info] Starting integration at initial time 0.05 s...
[2026-09-22 00:39:25.559] [info] Integration complete at final time 0.10 s.
[2026-09-22 00:39:25.559] [info]  - CPU time elapsed: 1.562500 s
[2026-09-22 00:39:25.559] [info]  - real time elapsed: 1.585154 s
[2026-09-22 00:39:25.559] [info]  - ratio sim-to-real time: 0.063
[2026-09-22 00:39:25.559] [info]  - integrator method: SemiExplicitEuler2
[2026-09-22 00:39:25.559] [info]  - number of realizations: 3345
[2026-09-22 00:39:25.559] [info]  - number of steps taken / attempted: 1522 / 1822
[2026-09-22 00:39:25.559] [info]  - number of projections: 3
[2026-09-22 00:39:25.559] [info]  - number of iterations: 1822
[2026-09-22 00:39:25.559] [info] -------
[2026-09-22 00:39:25.560] [info] Manager
[2026-09-22 00:39:25.560] [info] -------
[2026-09-22 00:39:25.560] [info] Starting integration at initial time 0.10 s...
[2026-09-22 00:39:27.004] [info] Integration complete at final time 0.15 s.
[2026-09-22 00:39:27.004] [info]  - CPU time elapsed: 1.437500 s
[2026-09-22 00:39:27.004] [info]  - real time elapsed: 1.443912 s
[2026-09-22 00:39:27.004] [info]  - ratio sim-to-real time: 0.104
[2026-09-22 00:39:27.004] [info]  - integrator method: SemiExplicitEuler2
[2026-09-22 00:39:27.004] [info]  - number of realizations: 4272
[2026-09-22 00:39:27.004] [info]  - number of steps taken / attempted: 1955 / 2316
[2026-09-22 00:39:27.004] [info]  - number of projections: 4
[2026-09-22 00:39:27.004] [info]  - number of iterations: 2316
[2026-09-22 00:39:27.004] [info] -------
[2026-09-22 00:39:27.004] [info] Manager
[2026-09-22 00:39:27.004] [info] -------
[2026-09-22 00:39:27.004] [info] Starting integration at initial time 0.15 s...
[2026-09-22 00:39:28.274] [info] Integration complete at final time 0.20 s.
[2026-09-22 00:39:28.274] [info]  - CPU time elapsed: 1.281250 s
[2026-09-22 00:39:28.274] [info]  - real time elapsed: 1.269895 s
[2026-09-22 00:39:28.274] [info]  - ratio sim-to-real time: 0.157
[2026-09-22 00:39:28.274] [info]  - integrator method: SemiExplicitEuler2
[2026-09-22 00:39:28.274] [info]  - number of realizations: 5029
[2026-09-22 00:39:28.274] [info]  - number of steps taken / attempted: 2317 / 2711
[2026-09-22 00:39:28.274] [info]  - number of projections: 4
[2026-09-22 00:39:28.274] [info]  - number of iterations: 2711
[2026-09-22 00:39:28.274] [info] -------
[2026-09-22 00:39:28.274] [info] Manager
[2026-09-22 00:39:28.274] [info] -------
[2026-09-22 00:39:28.274] [info] Starting integration at initial time 0.20 s...
[2026-09-22 00:39:30.013] [info] Integration complete at final time 0.25 s.
[2026-09-22 00:39:30.013] [info]  - CPU time elapsed: 1.734375 s
[2026-09-22 00:39:30.013] [info]  - real time elapsed: 1.738775 s
[2026-09-22 00:39:30.013] [info]  - ratio sim-to-real time: 0.144
[2026-09-22 00:39:30.013] [info]  - integrator method: SemiExplicitEuler2
[2026-09-22 00:39:30.014] [info]  - number of realizations: 6145
[2026-09-22 00:39:30.014] [info]  - number of steps taken / attempted: 2838 / 3306
[2026-09-22 00:39:30.014] [info]  - number of projections: 5
[2026-09-22 00:39:30.014] [info]  - number of iterations: 3306
[2026-09-22 00:39:30.014] [info] -------
[2026-09-22 00:39:30.014] [info] Manager
[2026-09-22 00:39:30.014] [info] -------
[2026-09-22 00:39:30.014] [info] Starting integration at initial time 0.25 s...
[2026-09-22 00:39:31.475] [info] Integration complete at final time 0.30 s.
[2026-09-22 00:39:31.475] [info]  - CPU time elapsed: 1.453125 s
[2026-09-22 00:39:31.475] [info]  - real time elapsed: 1.460688 s
[2026-09-22 00:39:31.475] [info]  - ratio sim-to-real time: 0.205
[2026-09-22 00:39:31.475] [info]  - integrator method: SemiExplicitEuler2
[2026-09-22 00:39:31.475] [info]  - number of realizations: 7076
[2026-09-22 00:39:31.475] [info]  - number of steps taken / attempted: 3262 / 3813
[2026-09-22 00:39:31.475] [info]  - number of projections: 5
[2026-09-22 00:39:31.475] [info]  - number of iterations: 3813
[2026-09-22 00:39:31.475] [info] -------
[2026-09-22 00:39:31.475] [info] Manager
[2026-09-22 00:39:31.475] [info] -------
[2026-09-22 00:39:31.475] [info] Starting integration at initial time 0.30 s...
[2026-09-22 00:39:32.842] [info] Integration complete at final time 0.35 s.
[2026-09-22 00:39:32.843] [info]  - CPU time elapsed: 1.359375 s
[2026-09-22 00:39:32.843] [info]  - real time elapsed: 1.366866 s
[2026-09-22 00:39:32.843] [info]  - ratio sim-to-real time: 0.256
[2026-09-22 00:39:32.843] [info]  - integrator method: SemiExplicitEuler2
[2026-09-22 00:39:32.843] [info]  - number of realizations: 7906
[2026-09-22 00:39:32.843] [info]  - number of steps taken / attempted: 3644 / 4261
[2026-09-22 00:39:32.843] [info]  - number of projections: 5
[2026-09-22 00:39:32.843] [info]  - number of iterations: 4261
[2026-09-22 00:39:32.843] [info] -------
[2026-09-22 00:39:32.843] [info] Manager
[2026-09-22 00:39:32.843] [info] -------
[2026-09-22 00:39:32.843] [info] Starting integration at initial time 0.35 s...
[2026-09-22 00:39:34.275] [info] Integration complete at final time 0.40 s.
[2026-09-22 00:39:34.275] [info]  - CPU time elapsed: 1.437500 s
[2026-09-22 00:39:34.275] [info]  - real time elapsed: 1.432036 s
[2026-09-22 00:39:34.275] [info]  - ratio sim-to-real time: 0.279
[2026-09-22 00:39:34.275] [info]  - integrator method: SemiExplicitEuler2
[2026-09-22 00:39:34.275] [info]  - number of realizations: 8808
[2026-09-22 00:39:34.275] [info]  - number of steps taken / attempted: 4057 / 4750
[2026-09-22 00:39:34.276] [info]  - number of projections: 6
[2026-09-22 00:39:34.276] [info]  - number of iterations: 4750
[2026-09-22 00:39:34.276] [info] -------
[2026-09-22 00:39:34.276] [info] Manager
[2026-09-22 00:39:34.276] [info] -------
[2026-09-22 00:39:34.276] [info] Starting integration at initial time 0.40 s...
[2026-09-22 00:39:35.469] [info] Integration complete at final time 0.45 s.
[2026-09-22 00:39:35.469] [info]  - CPU time elapsed: 1.171875 s
[2026-09-22 00:39:35.469] [info]  - real time elapsed: 1.193099 s
[2026-09-22 00:39:35.469] [info]  - ratio sim-to-real time: 0.377
[2026-09-22 00:39:35.469] [info]  - integrator method: SemiExplicitEuler2
[2026-09-22 00:39:35.469] [info]  - number of realizations: 9544
[2026-09-22 00:39:35.469] [info]  - number of steps taken / attempted: 4388 / 5155
[2026-09-22 00:39:35.469] [info]  - number of projections: 6
[2026-09-22 00:39:35.469] [info]  - number of iterations: 5155
[2026-09-22 00:39:35.469] [info] -------
[2026-09-22 00:39:35.469] [info] Manager
[2026-09-22 00:39:35.469] [info] -------
[2026-09-22 00:39:35.469] [info] Starting integration at initial time 0.45 s...
[2026-09-22 00:39:36.921] [info] Integration complete at final time 0.50 s.
[2026-09-22 00:39:36.922] [info]  - CPU time elapsed: 1.437500 s
[2026-09-22 00:39:36.922] [info]  - real time elapsed: 1.452011 s
[2026-09-22 00:39:36.922] [info]  - ratio sim-to-real time: 0.344
[2026-09-22 00:39:36.922] [info]  - integrator method: SemiExplicitEuler2
[2026-09-22 00:39:36.922] [info]  - number of realizations: 10474
[2026-09-22 00:39:36.922] [info]  - number of steps taken / attempted: 4795 / 5678
[2026-09-22 00:39:36.922] [info]  - number of projections: 7
[2026-09-22 00:39:36.922] [info]  - number of iterations: 5678
[2026-09-22 00:39:36.922] [info] -------
[2026-09-22 00:39:36.922] [info] Manager
[2026-09-22 00:39:36.922] [info] -------
[2026-09-22 00:39:36.922] [info] Starting integration at initial time 0.50 s...
[2026-09-22 00:39:37.793] [info] Integration complete at final time 0.55 s.
[2026-09-22 00:39:37.793] [info]  - CPU time elapsed: 0.875000 s
[2026-09-22 00:39:37.793] [info]  - real time elapsed: 0.870977 s
[2026-09-22 00:39:37.793] [info]  - ratio sim-to-real time: 0.631
[2026-09-22 00:39:37.793] [info]  - integrator method: SemiExplicitEuler2
[2026-09-22 00:39:37.794] [info]  - number of realizations: 10985
[2026-09-22 00:39:37.794] [info]  - number of steps taken / attempted: 5028 / 5956
[2026-09-22 00:39:37.794] [info]  - number of projections: 7
[2026-09-22 00:39:37.794] [info]  - number of iterations: 5956
[2026-09-22 00:39:37.794] [info] -------
[2026-09-22 00:39:37.794] [info] Manager
[2026-09-22 00:39:37.794] [info] -------
[2026-09-22 00:39:37.794] [info] Starting integration at initial time 0.55 s...
[2026-09-22 00:39:38.750] [info] Integration complete at final time 0.60 s.
[2026-09-22 00:39:38.750] [info]  - CPU time elapsed: 0.953125 s
[2026-09-22 00:39:38.750] [info]  - real time elapsed: 0.955849 s
[2026-09-22 00:39:38.750] [info]  - ratio sim-to-real time: 0.628
[2026-09-22 00:39:38.750] [info]  - integrator method: SemiExplicitEuler2
[2026-09-22 00:39:38.750] [info]  - number of realizations: 11547
[2026-09-22 00:39:38.750] [info]  - number of steps taken / attempted: 5283 / 6263
[2026-09-22 00:39:38.750] [info]  - number of projections: 7
[2026-09-22 00:39:38.750] [info]  - number of iterations: 6263
[2026-09-22 00:39:38.750] [info] -------
[2026-09-22 00:39:38.750] [info] Manager
[2026-09-22 00:39:38.750] [info] -------
[2026-09-22 00:39:38.750] [info] Starting integration at initial time 0.60 s...
[2026-09-22 00:39:39.764] [info] Integration complete at final time 0.65 s.
[2026-09-22 00:39:39.764] [info]  - CPU time elapsed: 0.984375 s
[2026-09-22 00:39:39.764] [info]  - real time elapsed: 1.013456 s
[2026-09-22 00:39:39.764] [info]  - ratio sim-to-real time: 0.641
[2026-09-22 00:39:39.764] [info]  - integrator method: SemiExplicitEuler2
[2026-09-22 00:39:39.764] [info]  - number of realizations: 12068
[2026-09-22 00:39:39.764] [info]  - number of steps taken / attempted: 5516 / 6551
[2026-09-22 00:39:39.764] [info]  - number of projections: 7
[2026-09-22 00:39:39.764] [info]  - number of iterations: 6551
[2026-09-22 00:39:39.764] [info] -------
[2026-09-22 00:39:39.764] [info] Manager
[2026-09-22 00:39:39.764] [info] -------
[2026-09-22 00:39:39.764] [info] Starting integration at initial time 0.65 s...
[2026-09-22 00:39:40.616] [info] Integration complete at final time 0.70 s.
[2026-09-22 00:39:40.616] [info]  - CPU time elapsed: 0.828125 s
[2026-09-22 00:39:40.616] [info]  - real time elapsed: 0.852004 s
[2026-09-22 00:39:40.616] [info]  - ratio sim-to-real time: 0.822
[2026-09-22 00:39:40.616] [info]  - integrator method: SemiExplicitEuler2
[2026-09-22 00:39:40.617] [info]  - number of realizations: 12539
[2026-09-22 00:39:40.617] [info]  - number of steps taken / attempted: 5735 / 6803
[2026-09-22 00:39:40.617] [info]  - number of projections: 9
[2026-09-22 00:39:40.617] [info]  - number of iterations: 6803
[2026-09-22 00:39:40.617] [info] -------
[2026-09-22 00:39:40.617] [info] Manager
[2026-09-22 00:39:40.617] [info] -------
[2026-09-22 00:39:40.617] [info] Starting integration at initial time 0.70 s...
[2026-09-22 00:39:42.177] [info] Integration complete at final time 0.75 s.
[2026-09-22 00:39:42.178] [info]  - CPU time elapsed: 1.500000 s
[2026-09-22 00:39:42.178] [info]  - real time elapsed: 1.560536 s
[2026-09-22 00:39:42.178] [info]  - ratio sim-to-real time: 0.481
[2026-09-22 00:39:42.178] [info]  - integrator method: SemiExplicitEuler2
[2026-09-22 00:39:42.178] [info]  - number of realizations: 12981
[2026-09-22 00:39:42.178] [info]  - number of steps taken / attempted: 5943 / 7037
[2026-09-22 00:39:42.178] [info]  - number of projections: 10
[2026-09-22 00:39:42.178] [info]  - number of iterations: 7037
[2026-09-22 00:39:42.178] [info] -------
[2026-09-22 00:39:42.178] [info] Manager
[2026-09-22 00:39:42.179] [info] -------
[2026-09-22 00:39:42.179] [info] Starting integration at initial time 0.75 s...
[2026-09-22 00:39:43.808] [info] Integration complete at final time 0.80 s.
[2026-09-22 00:39:43.808] [info]  - CPU time elapsed: 1.562500 s
[2026-09-22 00:39:43.808] [info]  - real time elapsed: 1.629056 s
[2026-09-22 00:39:43.808] [info]  - ratio sim-to-real time: 0.491
[2026-09-22 00:39:43.808] [info]  - integrator method: SemiExplicitEuler2
[2026-09-22 00:39:43.809] [info]  - number of realizations: 13446
[2026-09-22 00:39:43.809] [info]  - number of steps taken / attempted: 6161 / 7284
[2026-09-22 00:39:43.809] [info]  - number of projections: 10
[2026-09-22 00:39:43.809] [info]  - number of iterations: 7284
[2026-09-22 00:39:43.809] [info] -------
[2026-09-22 00:39:43.809] [info] Manager
[2026-09-22 00:39:43.809] [info] -------
[2026-09-22 00:39:43.809] [info] Starting integration at initial time 0.80 s...
[2026-09-22 00:39:45.688] [info] Integration complete at final time 0.85 s.
[2026-09-22 00:39:45.688] [info]  - CPU time elapsed: 1.796875 s
[2026-09-22 00:39:45.688] [info]  - real time elapsed: 1.878229 s
[2026-09-22 00:39:45.688] [info]  - ratio sim-to-real time: 0.453
[2026-09-22 00:39:45.688] [info]  - integrator method: SemiExplicitEuler2
[2026-09-22 00:39:45.688] [info]  - number of realizations: 13988
[2026-09-22 00:39:45.688] [info]  - number of steps taken / attempted: 6411 / 7576
[2026-09-22 00:39:45.688] [info]  - number of projections: 11
[2026-09-22 00:39:45.688] [info]  - number of iterations: 7576
[2026-09-22 00:39:45.689] [info] -------
[2026-09-22 00:39:45.689] [info] Manager
[2026-09-22 00:39:45.689] [info] -------
[2026-09-22 00:39:45.689] [info] Starting integration at initial time 0.85 s...
[2026-09-22 00:39:47.501] [info] Integration complete at final time 0.90 s.
[2026-09-22 00:39:47.501] [info]  - CPU time elapsed: 1.765625 s
[2026-09-22 00:39:47.501] [info]  - real time elapsed: 1.811479 s
[2026-09-22 00:39:47.501] [info]  - ratio sim-to-real time: 0.497
[2026-09-22 00:39:47.501] [info]  - integrator method: SemiExplicitEuler2
[2026-09-22 00:39:47.501] [info]  - number of realizations: 14507
[2026-09-22 00:39:47.501] [info]  - number of steps taken / attempted: 6653 / 7853
[2026-09-22 00:39:47.501] [info]  - number of projections: 13
[2026-09-22 00:39:47.501] [info]  - number of iterations: 7853
[2026-09-22 00:39:47.501] [info] -------
[2026-09-22 00:39:47.501] [info] Manager
[2026-09-22 00:39:47.502] [info] -------
[2026-09-22 00:39:47.502] [info] Starting integration at initial time 0.90 s...
[2026-09-22 00:39:49.769] [info] Integration complete at final time 0.95 s.
[2026-09-22 00:39:49.770] [info]  - CPU time elapsed: 2.156250 s
[2026-09-22 00:39:49.770] [info]  - real time elapsed: 2.267841 s
[2026-09-22 00:39:49.770] [info]  - ratio sim-to-real time: 0.419
[2026-09-22 00:39:49.770] [info]  - integrator method: SemiExplicitEuler2
[2026-09-22 00:39:49.770] [info]  - number of realizations: 15151
[2026-09-22 00:39:49.770] [info]  - number of steps taken / attempted: 6949 / 8201
[2026-09-22 00:39:49.770] [info]  - number of projections: 14
[2026-09-22 00:39:49.771] [info]  - number of iterations: 8201
[2026-09-22 00:39:49.771] [info] -------
[2026-09-22 00:39:49.771] [info] Manager
[2026-09-22 00:39:49.771] [info] -------
[2026-09-22 00:39:49.771] [info] Starting integration at initial time 0.95 s...
[2026-09-22 00:39:51.570] [info] Integration complete at final time 1.00 s.
[2026-09-22 00:39:51.571] [info]  - CPU time elapsed: 1.765625 s
[2026-09-22 00:39:51.571] [info]  - real time elapsed: 1.798899 s
[2026-09-22 00:39:51.571] [info]  - ratio sim-to-real time: 0.556
[2026-09-22 00:39:51.571] [info]  - integrator method: SemiExplicitEuler2
[2026-09-22 00:39:51.572] [info]  - number of realizations: 15650
[2026-09-22 00:39:51.572] [info]  - number of steps taken / attempted: 7176 / 8473
[2026-09-22 00:39:51.572] [info]  - number of projections: 15
[2026-09-22 00:39:51.572] [info]  - number of iterations: 8473
[2026-09-22 00:39:51.573] [info] -------
[2026-09-22 00:39:51.573] [info] Manager
[2026-09-22 00:39:51.573] [info] -------
[2026-09-22 00:39:51.573] [info] Starting integration at initial time 1.00 s...
[2026-09-22 00:39:53.191] [info] Integration complete at final time 1.05 s.
[2026-09-22 00:39:53.191] [info]  - CPU time elapsed: 1.578125 s
[2026-09-22 00:39:53.191] [info]  - real time elapsed: 1.617657 s
[2026-09-22 00:39:53.191] [info]  - ratio sim-to-real time: 0.649
[2026-09-22 00:39:53.191] [info]  - integrator method: SemiExplicitEuler2
[2026-09-22 00:39:53.191] [info]  - number of realizations: 16101
[2026-09-22 00:39:53.191] [info]  - number of steps taken / attempted: 7384 / 8716
[2026-09-22 00:39:53.192] [info]  - number of projections: 16
[2026-09-22 00:39:53.192] [info]  - number of iterations: 8716
[2026-09-22 00:39:53.192] [info] -------
[2026-09-22 00:39:53.192] [info] Manager
[2026-09-22 00:39:53.192] [info] -------
[2026-09-22 00:39:53.192] [info] Starting integration at initial time 1.05 s...
[2026-09-22 00:39:54.804] [info] Integration complete at final time 1.10 s.
[2026-09-22 00:39:54.805] [info]  - CPU time elapsed: 1.562500 s
[2026-09-22 00:39:54.805] [info]  - real time elapsed: 1.611970 s
[2026-09-22 00:39:54.805] [info]  - ratio sim-to-real time: 0.682
[2026-09-22 00:39:54.805] [info]  - integrator method: SemiExplicitEuler2
[2026-09-22 00:39:54.805] [info]  - number of realizations: 16531
[2026-09-22 00:39:54.805] [info]  - number of steps taken / attempted: 7583 / 8947
[2026-09-22 00:39:54.805] [info]  - number of projections: 17
[2026-09-22 00:39:54.805] [info]  - number of iterations: 8947
[2026-09-22 00:39:54.805] [info] -------
[2026-09-22 00:39:54.806] [info] Manager
[2026-09-22 00:39:54.806] [info] -------
[2026-09-22 00:39:54.806] [info] Starting integration at initial time 1.10 s...
[2026-09-22 00:39:56.535] [info] Integration complete at final time 1.15 s.
[2026-09-22 00:39:56.536] [info]  - CPU time elapsed: 1.640625 s
[2026-09-22 00:39:56.536] [info]  - real time elapsed: 1.729360 s
[2026-09-22 00:39:56.536] [info]  - ratio sim-to-real time: 0.665
[2026-09-22 00:39:56.536] [info]  - integrator method: SemiExplicitEuler2
[2026-09-22 00:39:56.536] [info]  - number of realizations: 16997
[2026-09-22 00:39:56.536] [info]  - number of steps taken / attempted: 7793 / 9203
[2026-09-22 00:39:56.536] [info]  - number of projections: 18
[2026-09-22 00:39:56.537] [info]  - number of iterations: 9203
[2026-09-22 00:39:56.537] [info] -------
[2026-09-22 00:39:56.537] [info] Manager
[2026-09-22 00:39:56.537] [info] -------
[2026-09-22 00:39:56.537] [info] Starting integration at initial time 1.15 s...
[2026-09-22 00:39:57.931] [info] Integration complete at final time 1.20 s.
[2026-09-22 00:39:57.931] [info]  - CPU time elapsed: 1.390625 s
[2026-09-22 00:39:57.932] [info]  - real time elapsed: 1.393862 s
[2026-09-22 00:39:57.932] [info]  - ratio sim-to-real time: 0.861
[2026-09-22 00:39:57.932] [info]  - integrator method: SemiExplicitEuler2
[2026-09-22 00:39:57.932] [info]  - number of realizations: 17375
[2026-09-22 00:39:57.932] [info]  - number of steps taken / attempted: 7968 / 9406
[2026-09-22 00:39:57.932] [info]  - number of projections: 19
[2026-09-22 00:39:57.933] [info]  - number of iterations: 9406
[2026-09-22 00:39:57.933] [info] -------
[2026-09-22 00:39:57.933] [info] Manager
[2026-09-22 00:39:57.933] [info] -------
[2026-09-22 00:39:57.933] [info] Starting integration at initial time 1.20 s...
[2026-09-22 00:39:59.583] [info] Integration complete at final time 1.25 s.
[2026-09-22 00:39:59.583] [info]  - CPU time elapsed: 1.578125 s
[2026-09-22 00:39:59.584] [info]  - real time elapsed: 1.649831 s
[2026-09-22 00:39:59.584] [info]  - ratio sim-to-real time: 0.758
[2026-09-22 00:39:59.584] [info]  - integrator method: SemiExplicitEuler2
[2026-09-22 00:39:59.584] [info]  - number of realizations: 17832
[2026-09-22 00:39:59.584] [info]  - number of steps taken / attempted: 8178 / 9653
[2026-09-22 00:39:59.584] [info]  - number of projections: 20
[2026-09-22 00:39:59.584] [info]  - number of iterations: 9653
[2026-09-22 00:39:59.584] [info] -------
[2026-09-22 00:39:59.585] [info] Manager
[2026-09-22 00:39:59.585] [info] -------
[2026-09-22 00:39:59.585] [info] Starting integration at initial time 1.25 s...
[2026-09-22 00:40:02.360] [info] Integration complete at final time 1.30 s.
[2026-09-22 00:40:02.360] [info]  - CPU time elapsed: 2.718750 s
[2026-09-22 00:40:02.360] [info]  - real time elapsed: 2.775069 s
[2026-09-22 00:40:02.360] [info]  - ratio sim-to-real time: 0.468
[2026-09-22 00:40:02.360] [info]  - integrator method: SemiExplicitEuler2
[2026-09-22 00:40:02.360] [info]  - number of realizations: 18671
[2026-09-22 00:40:02.361] [info]  - number of steps taken / attempted: 8561 / 10109
[2026-09-22 00:40:02.361] [info]  - number of projections: 22
[2026-09-22 00:40:02.361] [info]  - number of iterations: 10109
[2026-09-22 00:40:02.361] [info] -------
[2026-09-22 00:40:02.362] [info] Manager
[2026-09-22 00:40:02.362] [info] -------
[2026-09-22 00:40:02.362] [info] Starting integration at initial time 1.30 s...
[2026-09-22 00:40:05.274] [info] Integration complete at final time 1.35 s.
[2026-09-22 00:40:05.274] [info]  - CPU time elapsed: 2.890625 s
[2026-09-22 00:40:05.274] [info]  - real time elapsed: 2.911870 s
[2026-09-22 00:40:05.274] [info]  - ratio sim-to-real time: 0.464
[2026-09-22 00:40:05.274] [info]  - integrator method: SemiExplicitEuler2
[2026-09-22 00:40:05.274] [info]  - number of realizations: 19550
[2026-09-22 00:40:05.274] [info]  - number of steps taken / attempted: 8957 / 10592
[2026-09-22 00:40:05.274] [info]  - number of projections: 22
[2026-09-22 00:40:05.275] [info]  - number of iterations: 10592
[2026-09-22 00:40:05.275] [info] -------
[2026-09-22 00:40:05.275] [info] Manager
[2026-09-22 00:40:05.275] [info] -------
[2026-09-22 00:40:05.275] [info] Starting integration at initial time 1.35 s...
[2026-09-22 00:40:07.675] [info] Integration complete at final time 1.40 s.
[2026-09-22 00:40:07.676] [info]  - CPU time elapsed: 2.390625 s
[2026-09-22 00:40:07.676] [info]  - real time elapsed: 2.399861 s
[2026-09-22 00:40:07.676] [info]  - ratio sim-to-real time: 0.583
[2026-09-22 00:40:07.676] [info]  - integrator method: SemiExplicitEuler2
[2026-09-22 00:40:07.677] [info]  - number of realizations: 20275
[2026-09-22 00:40:07.677] [info]  - number of steps taken / attempted: 9290 / 10984
[2026-09-22 00:40:07.677] [info]  - number of projections: 22
[2026-09-22 00:40:07.677] [info]  - number of iterations: 10984
[2026-09-22 00:40:07.677] [info] -------
[2026-09-22 00:40:07.677] [info] Manager
[2026-09-22 00:40:07.677] [info] -------
[2026-09-22 00:40:07.678] [info] Starting integration at initial time 1.40 s...
[2026-09-22 00:40:10.601] [info] Integration complete at final time 1.45 s.
[2026-09-22 00:40:10.602] [info]  - CPU time elapsed: 2.828125 s
[2026-09-22 00:40:10.602] [info]  - real time elapsed: 2.923829 s
[2026-09-22 00:40:10.602] [info]  - ratio sim-to-real time: 0.496
[2026-09-22 00:40:10.602] [info]  - integrator method: SemiExplicitEuler2
[2026-09-22 00:40:10.602] [info]  - number of realizations: 21170
[2026-09-22 00:40:10.602] [info]  - number of steps taken / attempted: 9708 / 11461
[2026-09-22 00:40:10.602] [info]  - number of projections: 23
[2026-09-22 00:40:10.602] [info]  - number of iterations: 11461
[2026-09-22 00:40:10.603] [info] -------
[2026-09-22 00:40:10.603] [info] Manager
[2026-09-22 00:40:10.603] [info] -------
[2026-09-22 00:40:10.603] [info] Starting integration at initial time 1.45 s...
[2026-09-22 00:40:12.847] [info] Integration complete at final time 1.50 s.
[2026-09-22 00:40:12.847] [info]  - CPU time elapsed: 2.156250 s
[2026-09-22 00:40:12.847] [info]  - real time elapsed: 2.243361 s
[2026-09-22 00:40:12.847] [info]  - ratio sim-to-real time: 0.669
[2026-09-22 00:40:12.847] [info]  - integrator method: SemiExplicitEuler2
[2026-09-22 00:40:12.847] [info]  - number of realizations: 21825
[2026-09-22 00:40:12.847] [info]  - number of steps taken / attempted: 10007 / 11817
[2026-09-22 00:40:12.848] [info]  - number of projections: 23
[2026-09-22 00:40:12.848] [info]  - number of iterations: 11817
[2026-09-22 00:40:12.848] [info] -------
[2026-09-22 00:40:12.848] [info] Manager
[2026-09-22 00:40:12.848] [info] -------
[2026-09-22 00:40:12.848] [info] Starting integration at initial time 1.50 s...
[2026-09-22 00:40:14.236] [info] Integration complete at final time 1.55 s.
[2026-09-22 00:40:14.236] [info]  - CPU time elapsed: 1.312500 s
[2026-09-22 00:40:14.236] [info]  - real time elapsed: 1.387785 s
[2026-09-22 00:40:14.236] [info]  - ratio sim-to-real time: 1.117
[2026-09-22 00:40:14.236] [info]  - integrator method: SemiExplicitEuler2
[2026-09-22 00:40:14.236] [info]  - number of realizations: 22364
[2026-09-22 00:40:14.236] [info]  - number of steps taken / attempted: 10249 / 12114
[2026-09-22 00:40:14.236] [info]  - number of projections: 23
[2026-09-22 00:40:14.236] [info]  - number of iterations: 12114
[2026-09-22 00:40:14.237] [info] -------
[2026-09-22 00:40:14.237] [info] Manager
[2026-09-22 00:40:14.237] [info] -------
[2026-09-22 00:40:14.237] [info] Starting integration at initial time 1.55 s...
[2026-09-22 00:40:15.025] [info] Integration complete at final time 1.60 s.
[2026-09-22 00:40:15.025] [info]  - CPU time elapsed: 0.796875 s
[2026-09-22 00:40:15.025] [info]  - real time elapsed: 0.787981 s
[2026-09-22 00:40:15.025] [info]  - ratio sim-to-real time: 2.031
[2026-09-22 00:40:15.025] [info]  - integrator method: SemiExplicitEuler2
[2026-09-22 00:40:15.025] [info]  - number of realizations: 22813
[2026-09-22 00:40:15.025] [info]  - number of steps taken / attempted: 10421 / 12391
[2026-09-22 00:40:15.025] [info]  - number of projections: 23
[2026-09-22 00:40:15.025] [info]  - number of iterations: 12391
[2026-09-22 00:40:15.025] [info] -------
[2026-09-22 00:40:15.025] [info] Manager
[2026-09-22 00:40:15.025] [info] -------
[2026-09-22 00:40:15.025] [info] Starting integration at initial time 1.60 s...
[2026-09-22 00:40:16.006] [info] Integration complete at final time 1.65 s.
[2026-09-22 00:40:16.006] [info]  - CPU time elapsed: 0.968750 s
[2026-09-22 00:40:16.006] [info]  - real time elapsed: 0.981030 s
[2026-09-22 00:40:16.006] [info]  - ratio sim-to-real time: 1.682
[2026-09-22 00:40:16.006] [info]  - integrator method: SemiExplicitEuler2
[2026-09-22 00:40:16.006] [info]  - number of realizations: 23400
[2026-09-22 00:40:16.006] [info]  - number of steps taken / attempted: 10677 / 12722
[2026-09-22 00:40:16.006] [info]  - number of projections: 25
[2026-09-22 00:40:16.006] [info]  - number of iterations: 12722
[2026-09-22 00:40:16.007] [info] -------
[2026-09-22 00:40:16.007] [info] Manager
[2026-09-22 00:40:16.007] [info] -------
[2026-09-22 00:40:16.007] [info] Starting integration at initial time 1.65 s...
[2026-09-22 00:40:16.786] [info] Integration complete at final time 1.70 s.
[2026-09-22 00:40:16.786] [info]  - CPU time elapsed: 0.750000 s
[2026-09-22 00:40:16.786] [info]  - real time elapsed: 0.779738 s
[2026-09-22 00:40:16.786] [info]  - ratio sim-to-real time: 2.180
[2026-09-22 00:40:16.787] [info]  - integrator method: SemiExplicitEuler2
[2026-09-22 00:40:16.787] [info]  - number of realizations: 23853
[2026-09-22 00:40:16.787] [info]  - number of steps taken / attempted: 10891 / 12961
[2026-09-22 00:40:16.787] [info]  - number of projections: 25
[2026-09-22 00:40:16.787] [info]  - number of iterations: 12961
[2026-09-22 00:40:16.787] [info] -------
[2026-09-22 00:40:16.787] [info] Manager
[2026-09-22 00:40:16.787] [info] -------
[2026-09-22 00:40:16.787] [info] Starting integration at initial time 1.70 s...
[2026-09-22 00:40:17.865] [info] Integration complete at final time 1.75 s.
[2026-09-22 00:40:17.865] [info]  - CPU time elapsed: 1.078125 s
[2026-09-22 00:40:17.865] [info]  - real time elapsed: 1.077971 s
[2026-09-22 00:40:17.865] [info]  - ratio sim-to-real time: 1.623
[2026-09-22 00:40:17.865] [info]  - integrator method: SemiExplicitEuler2
[2026-09-22 00:40:17.865] [info]  - number of realizations: 24513
[2026-09-22 00:40:17.865] [info]  - number of steps taken / attempted: 11194 / 13318
[2026-09-22 00:40:17.865] [info]  - number of projections: 26
[2026-09-22 00:40:17.865] [info]  - number of iterations: 13318
[2026-09-22 00:40:17.865] [info] -------
[2026-09-22 00:40:17.865] [info] Manager
[2026-09-22 00:40:17.865] [info] -------
[2026-09-22 00:40:17.865] [info] Starting integration at initial time 1.75 s...
[2026-09-22 00:40:19.100] [info] Integration complete at final time 1.80 s.
[2026-09-22 00:40:19.100] [info]  - CPU time elapsed: 1.218750 s
[2026-09-22 00:40:19.100] [info]  - real time elapsed: 1.234627 s
[2026-09-22 00:40:19.100] [info]  - ratio sim-to-real time: 1.458
[2026-09-22 00:40:19.100] [info]  - integrator method: SemiExplicitEuler2
[2026-09-22 00:40:19.100] [info]  - number of realizations: 25283
[2026-09-22 00:40:19.100] [info]  - number of steps taken / attempted: 11551 / 13731
[2026-09-22 00:40:19.100] [info]  - number of projections: 27
[2026-09-22 00:40:19.100] [info]  - number of iterations: 13731
[2026-09-22 00:40:19.100] [info] -------
[2026-09-22 00:40:19.100] [info] Manager
[2026-09-22 00:40:19.100] [info] -------
[2026-09-22 00:40:19.100] [info] Starting integration at initial time 1.80 s...
[2026-09-22 00:40:20.092] [info] Integration complete at final time 1.85 s.
[2026-09-22 00:40:20.093] [info]  - CPU time elapsed: 0.984375 s
[2026-09-22 00:40:20.093] [info]  - real time elapsed: 0.992089 s
[2026-09-22 00:40:20.093] [info]  - ratio sim-to-real time: 1.865
[2026-09-22 00:40:20.093] [info]  - integrator method: SemiExplicitEuler2
[2026-09-22 00:40:20.093] [info]  - number of realizations: 25880
[2026-09-22 00:40:20.093] [info]  - number of steps taken / attempted: 11827 / 14052
[2026-09-22 00:40:20.093] [info]  - number of projections: 28
[2026-09-22 00:40:20.093] [info]  - number of iterations: 14052
[2026-09-22 00:40:20.093] [info] -------
[2026-09-22 00:40:20.093] [info] Manager
[2026-09-22 00:40:20.093] [info] -------
[2026-09-22 00:40:20.093] [info] Starting integration at initial time 1.85 s...
[2026-09-22 00:40:20.913] [info] Integration complete at final time 1.90 s.
[2026-09-22 00:40:20.913] [info]  - CPU time elapsed: 0.812500 s
[2026-09-22 00:40:20.913] [info]  - real time elapsed: 0.820012 s
[2026-09-22 00:40:20.913] [info]  - ratio sim-to-real time: 2.317
[2026-09-22 00:40:20.913] [info]  - integrator method: SemiExplicitEuler2
[2026-09-22 00:40:20.913] [info]  - number of realizations: 26356
[2026-09-22 00:40:20.913] [info]  - number of steps taken / attempted: 12049 / 14306
[2026-09-22 00:40:20.913] [info]  - number of projections: 29
[2026-09-22 00:40:20.913] [info]  - number of iterations: 14306
[2026-09-22 00:40:20.913] [info] -------
[2026-09-22 00:40:20.913] [info] Manager
[2026-09-22 00:40:20.913] [info] -------
[2026-09-22 00:40:20.914] [info] Starting integration at initial time 1.90 s...
[2026-09-22 00:40:22.054] [info] Integration complete at final time 1.95 s.
[2026-09-22 00:40:22.054] [info]  - CPU time elapsed: 1.109375 s
[2026-09-22 00:40:22.054] [info]  - real time elapsed: 1.140431 s
[2026-09-22 00:40:22.054] [info]  - ratio sim-to-real time: 1.710
[2026-09-22 00:40:22.054] [info]  - integrator method: SemiExplicitEuler2
[2026-09-22 00:40:22.054] [info]  - number of realizations: 27056
[2026-09-22 00:40:22.054] [info]  - number of steps taken / attempted: 12367 / 14688
[2026-09-22 00:40:22.054] [info]  - number of projections: 30
[2026-09-22 00:40:22.054] [info]  - number of iterations: 14688
[2026-09-22 00:40:22.054] [info] -------
[2026-09-22 00:40:22.054] [info] Manager
[2026-09-22 00:40:22.054] [info] -------
[2026-09-22 00:40:22.054] [info] Starting integration at initial time 1.95 s...
[2026-09-22 00:40:23.174] [info] Integration complete at final time 2.00 s.
[2026-09-22 00:40:23.174] [info]  - CPU time elapsed: 1.062500 s
[2026-09-22 00:40:23.174] [info]  - real time elapsed: 1.119231 s
[2026-09-22 00:40:23.174] [info]  - ratio sim-to-real time: 1.787
[2026-09-22 00:40:23.174] [info]  - integrator method: SemiExplicitEuler2
[2026-09-22 00:40:23.174] [info]  - number of realizations: 27748
[2026-09-22 00:40:23.174] [info]  - number of steps taken / attempted: 12682 / 15065
[2026-09-22 00:40:23.174] [info]  - number of projections: 30
[2026-09-22 00:40:23.174] [info]  - number of iterations: 15065
[2026-09-22 00:40:23.174] [info] -------
[2026-09-22 00:40:23.174] [info] Manager
[2026-09-22 00:40:23.174] [info] -------
[2026-09-22 00:40:23.174] [info] Starting integration at initial time 2.00 s...
[2026-09-22 00:40:24.252] [info] Integration complete at final time 2.05 s.
[2026-09-22 00:40:24.252] [info]  - CPU time elapsed: 1.078125 s
[2026-09-22 00:40:24.252] [info]  - real time elapsed: 1.078175 s
[2026-09-22 00:40:24.252] [info]  - ratio sim-to-real time: 1.901
[2026-09-22 00:40:24.252] [info]  - integrator method: SemiExplicitEuler2
[2026-09-22 00:40:24.252] [info]  - number of realizations: 28408
[2026-09-22 00:40:24.252] [info]  - number of steps taken / attempted: 12983 / 15424
[2026-09-22 00:40:24.252] [info]  - number of projections: 32
[2026-09-22 00:40:24.252] [info]  - number of iterations: 15424
[2026-09-22 00:40:24.253] [info] -------
[2026-09-22 00:40:24.253] [info] Manager
[2026-09-22 00:40:24.253] [info] -------
[2026-09-22 00:40:24.253] [info] Starting integration at initial time 2.05 s...
[2026-09-22 00:40:25.327] [info] Integration complete at final time 2.10 s.
[2026-09-22 00:40:25.327] [info]  - CPU time elapsed: 1.062500 s
[2026-09-22 00:40:25.327] [info]  - real time elapsed: 1.074493 s
[2026-09-22 00:40:25.327] [info]  - ratio sim-to-real time: 1.954
[2026-09-22 00:40:25.327] [info]  - integrator method: SemiExplicitEuler2
[2026-09-22 00:40:25.327] [info]  - number of realizations: 29035
[2026-09-22 00:40:25.327] [info]  - number of steps taken / attempted: 13268 / 15766
[2026-09-22 00:40:25.327] [info]  - number of projections: 33
[2026-09-22 00:40:25.327] [info]  - number of iterations: 15766
[2026-09-22 00:40:25.328] [info] -------
[2026-09-22 00:40:25.328] [info] Manager
[2026-09-22 00:40:25.328] [info] -------
[2026-09-22 00:40:25.328] [info] Starting integration at initial time 2.10 s...
[2026-09-22 00:40:26.290] [info] Integration complete at final time 2.15 s.
[2026-09-22 00:40:26.290] [info]  - CPU time elapsed: 0.968750 s
[2026-09-22 00:40:26.290] [info]  - real time elapsed: 0.962424 s
[2026-09-22 00:40:26.290] [info]  - ratio sim-to-real time: 2.234
[2026-09-22 00:40:26.290] [info]  - integrator method: SemiExplicitEuler2
[2026-09-22 00:40:26.290] [info]  - number of realizations: 29607
[2026-09-22 00:40:26.290] [info]  - number of steps taken / attempted: 13532 / 16074
[2026-09-22 00:40:26.290] [info]  - number of projections: 34
[2026-09-22 00:40:26.290] [info]  - number of iterations: 16074
[2026-09-22 00:40:26.290] [info] -------
[2026-09-22 00:40:26.290] [info] Manager
[2026-09-22 00:40:26.290] [info] -------
[2026-09-22 00:40:26.290] [info] Starting integration at initial time 2.15 s...
[2026-09-22 00:40:27.197] [info] Integration complete at final time 2.20 s.
[2026-09-22 00:40:27.197] [info]  - CPU time elapsed: 0.859375 s
[2026-09-22 00:40:27.197] [info]  - real time elapsed: 0.906152 s
[2026-09-22 00:40:27.197] [info]  - ratio sim-to-real time: 2.428
[2026-09-22 00:40:27.197] [info]  - integrator method: SemiExplicitEuler2
[2026-09-22 00:40:27.197] [info]  - number of realizations: 30124
[2026-09-22 00:40:27.197] [info]  - number of steps taken / attempted: 13771 / 16352
[2026-09-22 00:40:27.197] [info]  - number of projections: 35
[2026-09-22 00:40:27.197] [info]  - number of iterations: 16352
[2026-09-22 00:40:27.197] [info] -------
[2026-09-22 00:40:27.197] [info] Manager
[2026-09-22 00:40:27.197] [info] -------
[2026-09-22 00:40:27.197] [info] Starting integration at initial time 2.20 s...
[2026-09-22 00:40:28.314] [info] Integration complete at final time 2.25 s.
[2026-09-22 00:40:28.314] [info]  - CPU time elapsed: 1.093750 s
[2026-09-22 00:40:28.314] [info]  - real time elapsed: 1.117223 s
[2026-09-22 00:40:28.314] [info]  - ratio sim-to-real time: 2.014
[2026-09-22 00:40:28.314] [info]  - integrator method: SemiExplicitEuler2
[2026-09-22 00:40:28.314] [info]  - number of realizations: 30797
[2026-09-22 00:40:28.314] [info]  - number of steps taken / attempted: 14078 / 16718
[2026-09-22 00:40:28.314] [info]  - number of projections: 35
[2026-09-22 00:40:28.314] [info]  - number of iterations: 16718
[2026-09-22 00:40:28.315] [info] -------
[2026-09-22 00:40:28.315] [info] Manager
[2026-09-22 00:40:28.315] [info] -------
[2026-09-22 00:40:28.315] [info] Starting integration at initial time 2.25 s...
[2026-09-22 00:40:29.202] [info] Integration complete at final time 2.30 s.
[2026-09-22 00:40:29.202] [info]  - CPU time elapsed: 0.890625 s
[2026-09-22 00:40:29.202] [info]  - real time elapsed: 0.887262 s
[2026-09-22 00:40:29.202] [info]  - ratio sim-to-real time: 2.592
[2026-09-22 00:40:29.202] [info]  - integrator method: SemiExplicitEuler2
[2026-09-22 00:40:29.202] [info]  - number of realizations: 31313
[2026-09-22 00:40:29.202] [info]  - number of steps taken / attempted: 14315 / 16997
[2026-09-22 00:40:29.202] [info]  - number of projections: 36
[2026-09-22 00:40:29.202] [info]  - number of iterations: 16997
[2026-09-22 00:40:29.202] [info] -------
[2026-09-22 00:40:29.202] [info] Manager
[2026-09-22 00:40:29.202] [info] -------
[2026-09-22 00:40:29.202] [info] Starting integration at initial time 2.30 s...
[2026-09-22 00:40:30.257] [info] Integration complete at final time 2.35 s.
[2026-09-22 00:40:30.257] [info]  - CPU time elapsed: 1.062500 s
[2026-09-22 00:40:30.257] [info]  - real time elapsed: 1.054682 s
[2026-09-22 00:40:30.257] [info]  - ratio sim-to-real time: 2.228
[2026-09-22 00:40:30.257] [info]  - integrator method: SemiExplicitEuler2
[2026-09-22 00:40:30.258] [info]  - number of realizations: 31939
[2026-09-22 00:40:30.258] [info]  - number of steps taken / attempted: 14606 / 17332
[2026-09-22 00:40:30.258] [info]  - number of projections: 36
[2026-09-22 00:40:30.258] [info]  - number of iterations: 17332
[2026-09-22 00:40:30.258] [info] -------
[2026-09-22 00:40:30.258] [info] Manager
[2026-09-22 00:40:30.258] [info] -------
[2026-09-22 00:40:30.258] [info] Starting integration at initial time 2.35 s...
[2026-09-22 00:40:31.432] [info] Integration complete at final time 2.40 s.
[2026-09-22 00:40:31.432] [info]  - CPU time elapsed: 1.140625 s
[2026-09-22 00:40:31.432] [info]  - real time elapsed: 1.174191 s
[2026-09-22 00:40:31.432] [info]  - ratio sim-to-real time: 2.044
[2026-09-22 00:40:31.432] [info]  - integrator method: SemiExplicitEuler2
[2026-09-22 00:40:31.432] [info]  - number of realizations: 32641
[2026-09-22 00:40:31.432] [info]  - number of steps taken / attempted: 14928 / 17712
[2026-09-22 00:40:31.432] [info]  - number of projections: 37
[2026-09-22 00:40:31.433] [info]  - number of iterations: 17712
[2026-09-22 00:40:31.433] [info] -------
[2026-09-22 00:40:31.433] [info] Manager
[2026-09-22 00:40:31.433] [info] -------
[2026-09-22 00:40:31.433] [info] Starting integration at initial time 2.40 s...
[2026-09-22 00:40:32.521] [info] Integration complete at final time 2.45 s.
[2026-09-22 00:40:32.521] [info]  - CPU time elapsed: 1.078125 s
[2026-09-22 00:40:32.521] [info]  - real time elapsed: 1.088081 s
[2026-09-22 00:40:32.521] [info]  - ratio sim-to-real time: 2.252
[2026-09-22 00:40:32.521] [info]  - integrator method: SemiExplicitEuler2
[2026-09-22 00:40:32.521] [info]  - number of realizations: 33300
[2026-09-22 00:40:32.521] [info]  - number of steps taken / attempted: 15227 / 18072
[2026-09-22 00:40:32.521] [info]  - number of projections: 37
[2026-09-22 00:40:32.521] [info]  - number of iterations: 18072
[2026-09-22 00:40:32.521] [info] -------
[2026-09-22 00:40:32.521] [info] Manager
[2026-09-22 00:40:32.521] [info] -------
[2026-09-22 00:40:32.521] [info] Starting integration at initial time 2.45 s...
[2026-09-22 00:40:33.653] [info] Integration complete at final time 2.50 s.
[2026-09-22 00:40:33.653] [info]  - CPU time elapsed: 1.140625 s
[2026-09-22 00:40:33.653] [info]  - real time elapsed: 1.131779 s
[2026-09-22 00:40:33.654] [info]  - ratio sim-to-real time: 2.209
[2026-09-22 00:40:33.654] [info]  - integrator method: SemiExplicitEuler2
[2026-09-22 00:40:33.654] [info]  - number of realizations: 33992
[2026-09-22 00:40:33.654] [info]  - number of steps taken / attempted: 15548 / 18443
[2026-09-22 00:40:33.654] [info]  - number of projections: 38
[2026-09-22 00:40:33.654] [info]  - number of iterations: 18443
[2026-09-22 00:40:33.654] [info] -------
[2026-09-22 00:40:33.654] [info] Manager
[2026-09-22 00:40:33.654] [info] -------
[2026-09-22 00:40:33.654] [info] Starting integration at initial time 2.50 s...
[2026-09-22 00:40:34.596] [info] Integration complete at final time 2.55 s.
[2026-09-22 00:40:34.596] [info]  - CPU time elapsed: 0.921875 s
[2026-09-22 00:40:34.596] [info]  - real time elapsed: 0.941914 s
[2026-09-22 00:40:34.596] [info]  - ratio sim-to-real time: 2.707
[2026-09-22 00:40:34.596] [info]  - integrator method: SemiExplicitEuler2
[2026-09-22 00:40:34.596] [info]  - number of realizations: 34537
[2026-09-22 00:40:34.596] [info]  - number of steps taken / attempted: 15799 / 18737
[2026-09-22 00:40:34.596] [info]  - number of projections: 38
[2026-09-22 00:40:34.596] [info]  - number of iterations: 18737
[2026-09-22 00:40:34.596] [info] -------
[2026-09-22 00:40:34.596] [info] Manager
[2026-09-22 00:40:34.596] [info] -------
[2026-09-22 00:40:34.596] [info] Starting integration at initial time 2.55 s...
[2026-09-22 00:40:35.323] [info] Integration complete at final time 2.60 s.
[2026-09-22 00:40:35.323] [info]  - CPU time elapsed: 0.734375 s
[2026-09-22 00:40:35.323] [info]  - real time elapsed: 0.726408 s
[2026-09-22 00:40:35.323] [info]  - ratio sim-to-real time: 3.579
[2026-09-22 00:40:35.323] [info]  - integrator method: SemiExplicitEuler2
[2026-09-22 00:40:35.323] [info]  - number of realizations: 34933
[2026-09-22 00:40:35.323] [info]  - number of steps taken / attempted: 15983 / 18949
[2026-09-22 00:40:35.323] [info]  - number of projections: 38
[2026-09-22 00:40:35.323] [info]  - number of iterations: 18949
[2026-09-22 00:40:35.324] [info] -------
[2026-09-22 00:40:35.324] [info] Manager
[2026-09-22 00:40:35.324] [info] -------
[2026-09-22 00:40:35.324] [info] Starting integration at initial time 2.60 s...
[2026-09-22 00:40:36.189] [info] Integration complete at final time 2.65 s.
[2026-09-22 00:40:36.189] [info]  - CPU time elapsed: 0.859375 s
[2026-09-22 00:40:36.189] [info]  - real time elapsed: 0.864999 s
[2026-09-22 00:40:36.189] [info]  - ratio sim-to-real time: 3.064
[2026-09-22 00:40:36.189] [info]  - integrator method: SemiExplicitEuler2
[2026-09-22 00:40:36.189] [info]  - number of realizations: 35432
[2026-09-22 00:40:36.189] [info]  - number of steps taken / attempted: 16217 / 19214
[2026-09-22 00:40:36.189] [info]  - number of projections: 38
[2026-09-22 00:40:36.189] [info]  - number of iterations: 19214
[2026-09-22 00:40:36.189] [info] -------
[2026-09-22 00:40:36.189] [info] Manager
[2026-09-22 00:40:36.189] [info] -------
[2026-09-22 00:40:36.189] [info] Starting integration at initial time 2.65 s...
[2026-09-22 00:40:37.060] [info] Integration complete at final time 2.70 s.
[2026-09-22 00:40:37.060] [info]  - CPU time elapsed: 0.875000 s
[2026-09-22 00:40:37.060] [info]  - real time elapsed: 0.870433 s
[2026-09-22 00:40:37.060] [info]  - ratio sim-to-real time: 3.102
[2026-09-22 00:40:37.060] [info]  - integrator method: SemiExplicitEuler2
[2026-09-22 00:40:37.060] [info]  - number of realizations: 35919
[2026-09-22 00:40:37.060] [info]  - number of steps taken / attempted: 16444 / 19474
[2026-09-22 00:40:37.060] [info]  - number of projections: 40
[2026-09-22 00:40:37.060] [info]  - number of iterations: 19474
[2026-09-22 00:40:37.060] [info] -------
[2026-09-22 00:40:37.060] [info] Manager
[2026-09-22 00:40:37.060] [info] -------
[2026-09-22 00:40:37.060] [info] Starting integration at initial time 2.70 s...
[2026-09-22 00:40:37.858] [info] Integration complete at final time 2.75 s.
[2026-09-22 00:40:37.858] [info]  - CPU time elapsed: 0.796875 s
[2026-09-22 00:40:37.858] [info]  - real time elapsed: 0.797841 s
[2026-09-22 00:40:37.858] [info]  - ratio sim-to-real time: 3.447
[2026-09-22 00:40:37.858] [info]  - integrator method: SemiExplicitEuler2
[2026-09-22 00:40:37.858] [info]  - number of realizations: 36353
[2026-09-22 00:40:37.858] [info]  - number of steps taken / attempted: 16648 / 19704
[2026-09-22 00:40:37.858] [info]  - number of projections: 40
[2026-09-22 00:40:37.858] [info]  - number of iterations: 19704
[2026-09-22 00:40:37.858] [info] -------
[2026-09-22 00:40:37.858] [info] Manager
[2026-09-22 00:40:37.858] [info] -------
[2026-09-22 00:40:37.858] [info] Starting integration at initial time 2.75 s...
[2026-09-22 00:40:38.661] [info] Integration complete at final time 2.80 s.
[2026-09-22 00:40:38.661] [info]  - CPU time elapsed: 0.796875 s
[2026-09-22 00:40:38.661] [info]  - real time elapsed: 0.802675 s
[2026-09-22 00:40:38.661] [info]  - ratio sim-to-real time: 3.488
[2026-09-22 00:40:38.661] [info]  - integrator method: SemiExplicitEuler2
[2026-09-22 00:40:38.661] [info]  - number of realizations: 36794
[2026-09-22 00:40:38.661] [info]  - number of steps taken / attempted: 16857 / 19936
[2026-09-22 00:40:38.661] [info]  - number of projections: 41
[2026-09-22 00:40:38.661] [info]  - number of iterations: 19936
[2026-09-22 00:40:38.661] [info] -------
[2026-09-22 00:40:38.661] [info] Manager
[2026-09-22 00:40:38.661] [info] -------
[2026-09-22 00:40:38.661] [info] Starting integration at initial time 2.80 s...
[2026-09-22 00:40:39.531] [info] Integration complete at final time 2.85 s.
[2026-09-22 00:40:39.531] [info]  - CPU time elapsed: 0.859375 s
[2026-09-22 00:40:39.531] [info]  - real time elapsed: 0.869578 s
[2026-09-22 00:40:39.531] [info]  - ratio sim-to-real time: 3.277
[2026-09-22 00:40:39.531] [info]  - integrator method: SemiExplicitEuler2
[2026-09-22 00:40:39.531] [info]  - number of realizations: 37289
[2026-09-22 00:40:39.532] [info]  - number of steps taken / attempted: 17089 / 20199
[2026-09-22 00:40:39.532] [info]  - number of projections: 42
[2026-09-22 00:40:39.532] [info]  - number of iterations: 20199
[2026-09-22 00:40:39.532] [info] -------
[2026-09-22 00:40:39.532] [info] Manager
[2026-09-22 00:40:39.532] [info] -------
[2026-09-22 00:40:39.532] [info] Starting integration at initial time 2.85 s...
[2026-09-22 00:40:40.400] [info] Integration complete at final time 2.90 s.
[2026-09-22 00:40:40.400] [info]  - CPU time elapsed: 0.875000 s
[2026-09-22 00:40:40.400] [info]  - real time elapsed: 0.868099 s
[2026-09-22 00:40:40.400] [info]  - ratio sim-to-real time: 3.341
[2026-09-22 00:40:40.400] [info]  - integrator method: SemiExplicitEuler2
[2026-09-22 00:40:40.400] [info]  - number of realizations: 37779
[2026-09-22 00:40:40.400] [info]  - number of steps taken / attempted: 17321 / 20457
[2026-09-22 00:40:40.400] [info]  - number of projections: 44
[2026-09-22 00:40:40.400] [info]  - number of iterations: 20457
[2026-09-22 00:40:40.400] [info] -------
[2026-09-22 00:40:40.400] [info] Manager
[2026-09-22 00:40:40.401] [info] -------
[2026-09-22 00:40:40.401] [info] Starting integration at initial time 2.90 s...
[2026-09-22 00:40:41.470] [info] Integration complete at final time 2.95 s.
[2026-09-22 00:40:41.470] [info]  - CPU time elapsed: 1.062500 s
[2026-09-22 00:40:41.470] [info]  - real time elapsed: 1.069180 s
[2026-09-22 00:40:41.470] [info]  - ratio sim-to-real time: 2.759
[2026-09-22 00:40:41.470] [info]  - integrator method: SemiExplicitEuler2
[2026-09-22 00:40:41.470] [info]  - number of realizations: 38408
[2026-09-22 00:40:41.470] [info]  - number of steps taken / attempted: 17607 / 20800
[2026-09-22 00:40:41.470] [info]  - number of projections: 45
[2026-09-22 00:40:41.470] [info]  - number of iterations: 20800
[2026-09-22 00:40:41.470] [info] -------
[2026-09-22 00:40:41.470] [info] Manager
[2026-09-22 00:40:41.470] [info] -------
[2026-09-22 00:40:41.470] [info] Starting integration at initial time 2.95 s...
[2026-09-22 00:40:42.470] [info] Integration complete at final time 3.00 s.
[2026-09-22 00:40:42.470] [info]  - CPU time elapsed: 0.968750 s
[2026-09-22 00:40:42.470] [info]  - real time elapsed: 0.999710 s
[2026-09-22 00:40:42.470] [info]  - ratio sim-to-real time: 3.001
[2026-09-22 00:40:42.470] [info]  - integrator method: SemiExplicitEuler2
[2026-09-22 00:40:42.470] [info]  - number of realizations: 38979
[2026-09-22 00:40:42.470] [info]  - number of steps taken / attempted: 17872 / 21106
[2026-09-22 00:40:42.470] [info]  - number of projections: 46
[2026-09-22 00:40:42.470] [info]  - number of iterations: 21106
[2026-09-22 00:40:42.470] [info] -------
[2026-09-22 00:40:42.470] [info] Manager
[2026-09-22 00:40:42.470] [info] -------
[2026-09-22 00:40:42.470] [info] Starting integration at initial time 3.00 s...
[2026-09-22 00:40:43.378] [info] Integration complete at final time 3.05 s.
[2026-09-22 00:40:43.378] [info]  - CPU time elapsed: 0.906250 s
[2026-09-22 00:40:43.378] [info]  - real time elapsed: 0.907818 s
[2026-09-22 00:40:43.378] [info]  - ratio sim-to-real time: 3.360
[2026-09-22 00:40:43.378] [info]  - integrator method: SemiExplicitEuler2
[2026-09-22 00:40:43.378] [info]  - number of realizations: 39469
[2026-09-22 00:40:43.378] [info]  - number of steps taken / attempted: 18101 / 21367
[2026-09-22 00:40:43.378] [info]  - number of projections: 47
[2026-09-22 00:40:43.378] [info]  - number of iterations: 21367
