=================================================================
ROUND 3: Step-Input PID Re-Optimization (with tuned reflexes)
Frozen Reflexes: G_ton=16.84, G_sc=3.13, G_phas=6.22
                 kp_prop=0.56, k_gamma_dyn=38.11, k_gamma_stat=87.47
Searching: Kp, Ki, Kd
=================================================================
(3_w,6)-aCMA-ES (mu_w=2.0,w_1=63%) in dimension 3 (seed=662403, Sun Sep 27 21:03:12 2026)

--- Generation 1 ---
Found simbody-visualizer, setting SIMBODY_HOME env var to  C:\Users\User\miniforge3\envs\opensim_env\Lib\opensim
Found simbody-visualizer, setting SIMBODY_HOME env var to  C:\Users\User\miniforge3\envs\opensim_env\Lib\opensimFound simbody-visualizer, setting SIMBODY_HOME env var to  C:\Users\User\miniforge3\envs\opensim_env\Lib\opensimFound simbody-visualizer, setting SIMBODY_HOME env var to  C:\Users\User\miniforge3\envs\opensim_env\Lib\opensimFound simbody-visualizer, setting SIMBODY_HOME env var to  C:\Users\User\miniforge3\envs\opensim_env\Lib\opensim
Found simbody-visualizer, setting SIMBODY_HOME env var to  C:\Users\User\miniforge3\envs\opensim_env\Lib\opensim



[G01-W06] t=0.20s | Des(P,R,Y):   0.0,  0.0,  0.0 | Act(P,R,Y):  -0.8,  1.0, -1.2
[G01-W03] t=0.20s | Des(P,R,Y):   0.0,  0.0,  0.0 | Act(P,R,Y):   0.5,  1.2, -0.4
[G01-W04] t=0.20s | Des(P,R,Y):   0.0,  0.0,  0.0 | Act(P,R,Y):  -0.3,  1.7, -1.0
[G01-W05] t=0.20s | Des(P,R,Y):   0.0,  0.0,  0.0 | Act(P,R,Y):  -0.1,  1.1, -0.9
[G01-W01] t=0.20s | Des(P,R,Y):   0.0,  0.0,  0.0 | Act(P,R,Y):  -0.3,  1.2, -1.0
[G01-W02] t=0.20s | Des(P,R,Y):   0.0,  0.0,  0.0 | Act(P,R,Y):   0.4,  1.2, -0.5
[G01-W03] t=0.40s | Des(P,R,Y):   0.0,  0.0,  0.0 | Act(P,R,Y):  -2.0,  0.1, -1.9
[G01-W02] t=0.40s | Des(P,R,Y):   0.0,  0.0,  0.0 | Act(P,R,Y):  -2.2, -0.0, -2.0
[G01-W01] t=0.40s | Des(P,R,Y):   0.0,  0.0,  0.0 | Act(P,R,Y):  -1.9,  0.1, -2.0
[G01-W04] t=0.40s | Des(P,R,Y):   0.0,  0.0,  0.0 | Act(P,R,Y):  -1.9, -0.2, -2.5
[G01-W06] t=0.40s | Des(P,R,Y):   0.0,  0.0,  0.0 | Act(P,R,Y):  -1.7,  0.1, -1.9
[G01-W05] t=0.40s | Des(P,R,Y):   0.0,  0.0,  0.0 | Act(P,R,Y):  -2.1,  0.0, -2.1
[G01-W06] t=0.60s | Des(P,R,Y):   0.0,  0.0,  0.0 | Act(P,R,Y):  -2.8, -1.2, -2.5
[G01-W01] t=0.60s | Des(P,R,Y):   0.0,  0.0,  0.0 | Act(P,R,Y):  -2.9, -1.0, -2.5
[G01-W03] t=0.60s | Des(P,R,Y):   0.0,  0.0,  0.0 | Act(P,R,Y):  -3.1, -0.7, -2.4
[G01-W04] t=0.60s | Des(P,R,Y):   0.0,  0.0,  0.0 | Act(P,R,Y):  -3.3, -0.9, -2.7
[G01-W05] t=0.60s | Des(P,R,Y):   0.0,  0.0,  0.0 | Act(P,R,Y):  -3.0, -0.8, -2.3
[G01-W02] t=0.60s | Des(P,R,Y):   0.0,  0.0,  0.0 | Act(P,R,Y):  -3.2, -0.8, -2.3
[G01-W06] t=0.80s | Des(P,R,Y):   0.0,  0.0,  0.0 | Act(P,R,Y):  -2.2, -0.6, -2.1
[G01-W03] t=0.80s | Des(P,R,Y):   0.0,  0.0,  0.0 | Act(P,R,Y):  -3.1, -0.9, -2.5
[G01-W04] t=0.80s | Des(P,R,Y):   0.0,  0.0,  0.0 | Act(P,R,Y):  -2.8, -0.9, -2.4
[G01-W01] t=0.80s | Des(P,R,Y):   0.0,  0.0,  0.0 | Act(P,R,Y):  -2.7, -0.9, -2.3
[G01-W05] t=0.80s | Des(P,R,Y):   0.0,  0.0,  0.0 | Act(P,R,Y):  -2.7, -0.9, -2.2
[G01-W02] t=0.80s | Des(P,R,Y):   0.0,  0.0,  0.0 | Act(P,R,Y):  -3.0, -1.0, -2.4
[G01-W06] t=1.00s | Des(P,R,Y):  45.0,  0.0,  0.0 | Act(P,R,Y):   7.2, -0.3, -2.3
[G01-W04] t=1.00s | Des(P,R,Y):  45.0,  0.0,  0.0 | Act(P,R,Y):   5.0, -0.8, -2.8
[G01-W01] t=1.00s | Des(P,R,Y):  45.0,  0.0,  0.0 | Act(P,R,Y):   6.3, -0.4, -2.6
[G01-W03] t=1.00s | Des(P,R,Y):  45.0,  0.0,  0.0 | Act(P,R,Y):   4.1, -0.5, -2.8
[G01-W05] t=1.00s | Des(P,R,Y):  45.0,  0.0,  0.0 | Act(P,R,Y):   5.6, -0.5, -2.4
[G01-W02] t=1.00s | Des(P,R,Y):  45.0,  0.0,  0.0 | Act(P,R,Y):   4.4, -0.6, -2.6
[G01-W06] t=1.20s | Des(P,R,Y):  45.0,  0.0,  0.0 | Act(P,R,Y):  41.3, -0.6, -1.6
[G01-W04] t=1.20s | Des(P,R,Y):  45.0,  0.0,  0.0 | Act(P,R,Y):  42.0, -1.4, -2.1
[G01-W01] t=1.20s | Des(P,R,Y):  45.0,  0.0,  0.0 | Act(P,R,Y):  38.8, -0.6, -2.1
[G01-W03] t=1.20s | Des(P,R,Y):  45.0,  0.0,  0.0 | Act(P,R,Y):  29.5, -1.0, -2.9
[G01-W05] t=1.20s | Des(P,R,Y):  45.0,  0.0,  0.0 | Act(P,R,Y):  36.8, -0.8, -2.2
[G01-W02] t=1.20s | Des(P,R,Y):  45.0,  0.0,  0.0 | Act(P,R,Y):  31.8, -1.0, -2.6
[G01-W06] t=1.40s | Des(P,R,Y):  45.0,  0.0,  0.0 | Act(P,R,Y):  44.0, -1.9, -3.0
[G01-W01] t=1.40s | Des(P,R,Y):  45.0,  0.0,  0.0 | Act(P,R,Y):  43.2, -1.9, -3.0
[G01-W05] t=1.40s | Des(P,R,Y):  45.0,  0.0,  0.0 | Act(P,R,Y):  42.8, -1.8, -2.7
[G01-W04] t=1.40s | Des(P,R,Y):  45.0,  0.0,  0.0 | Act(P,R,Y):  44.2, -2.6, -3.5
[G01-W03] t=1.40s | Des(P,R,Y):  45.0,  0.0,  0.0 | Act(P,R,Y):  40.0, -1.1, -2.9
[G01-W02] t=1.40s | Des(P,R,Y):  45.0,  0.0,  0.0 | Act(P,R,Y):  41.4, -1.3, -2.5
[G01-W06] t=1.60s | Des(P,R,Y):  45.0,  0.0,  0.0 | Act(P,R,Y):  46.8, -1.4, -2.7
[G01-W01] t=1.60s | Des(P,R,Y):  45.0,  0.0,  0.0 | Act(P,R,Y):  46.4, -1.5, -3.0
[G01-W05] t=1.60s | Des(P,R,Y):  45.0,  0.0,  0.0 | Act(P,R,Y):  46.8, -1.5, -2.7
[G01-W06] t=1.80s | Des(P,R,Y):  45.0,  0.0,  0.0 | Act(P,R,Y):  49.1, -0.6, -2.4
[G01-W01] t=1.80s | Des(P,R,Y):  45.0,  0.0,  0.0 | Act(P,R,Y):  48.9, -0.7, -2.6
[G01-W04] t=1.60s | Des(P,R,Y):  45.0,  0.0,  0.0 | Act(P,R,Y):  47.2, -2.0, -3.3
[G01-W05] t=1.80s | Des(P,R,Y):  45.0,  0.0,  0.0 | Act(P,R,Y):  49.5, -0.8, -2.3
[G01-W03] t=1.60s | Des(P,R,Y):  45.0,  0.0,  0.0 | Act(P,R,Y):  44.5, -1.5, -3.2
[G01-W02] t=1.60s | Des(P,R,Y):  45.0,  0.0,  0.0 | Act(P,R,Y):  46.3, -1.8, -2.9
[G01-W06] t=2.00s | Des(P,R,Y):   0.0,  0.0,  0.0 | Act(P,R,Y):  45.9,  0.9, -0.9
[G01-W02] t=1.80s | Des(P,R,Y):  45.0,  0.0,  0.0 | Act(P,R,Y):  49.3, -1.0, -2.5
[G01-W03] t=1.80s | Des(P,R,Y):  45.0,  0.0,  0.0 | Act(P,R,Y):  47.9, -1.0, -2.8
[G01-W01] t=2.00s | Des(P,R,Y):   0.0,  0.0,  0.0 | Act(P,R,Y):  45.9,  0.8, -1.1
[G01-W04] t=1.80s | Des(P,R,Y):  45.0,  0.0,  0.0 | Act(P,R,Y):  49.8, -0.9, -2.6
[G01-W05] t=2.00s | Des(P,R,Y):   0.0,  0.0,  0.0 | Act(P,R,Y):  46.5,  0.8, -0.8
[G01-W02] t=2.00s | Des(P,R,Y):   0.0,  0.0,  0.0 | Act(P,R,Y):  46.9,  0.5, -1.2
[G01-W03] t=2.00s | Des(P,R,Y):   0.0,  0.0,  0.0 | Act(P,R,Y):  45.8,  0.4, -1.7
[G01-W06] t=2.20s | Des(P,R,Y):   0.0,  0.0,  0.0 | Act(P,R,Y):  15.3,  1.8, -0.7
[G01-W01] t=2.20s | Des(P,R,Y):   0.0,  0.0,  0.0 | Act(P,R,Y):  18.2,  1.8, -0.8
[G01-W05] t=2.20s | Des(P,R,Y):   0.0,  0.0,  0.0 | Act(P,R,Y):  21.8,  2.3,  0.1
[G01-W04] t=2.00s | Des(P,R,Y):   0.0,  0.0,  0.0 | Act(P,R,Y):  46.5,  1.0, -1.2
[G01-W03] t=2.20s | Des(P,R,Y):   0.0,  0.0,  0.0 | Act(P,R,Y):  25.7,  1.4, -1.1
[G01-W02] t=2.20s | Des(P,R,Y):   0.0,  0.0,  0.0 | Act(P,R,Y):  26.6,  1.9, -0.1
[G01-W04] t=2.20s | Des(P,R,Y):   0.0,  0.0,  0.0 | Act(P,R,Y):  19.8,  3.5,  0.7
[G01-W05] t=2.40s | Des(P,R,Y):   0.0,  0.0,  0.0 | Act(P,R,Y):   8.5,  0.4, -1.4
[G01-W06] t=2.40s | Des(P,R,Y):   0.0,  0.0,  0.0 | Act(P,R,Y):   6.6,  0.7, -1.9
[G01-W01] t=2.40s | Des(P,R,Y):   0.0,  0.0,  0.0 | Act(P,R,Y):   8.9,  1.2, -1.5
[G01-W02] t=2.40s | Des(P,R,Y):   0.0,  0.0,  0.0 | Act(P,R,Y):  13.9,  1.4, -0.7
[G01-W03] t=2.40s | Des(P,R,Y):   0.0,  0.0,  0.0 | Act(P,R,Y):  14.2,  1.1, -1.4
[G01-W04] t=2.40s | Des(P,R,Y):   0.0,  0.0,  0.0 | Act(P,R,Y):   5.3, -0.3, -2.6
[G01-W06] t=2.60s | Des(P,R,Y):   0.0,  0.0,  0.0 | Act(P,R,Y):   2.5,  0.9, -2.0
[G01-W05] t=2.60s | Des(P,R,Y):   0.0,  0.0,  0.0 | Act(P,R,Y):   3.9,  1.2, -1.2
[G01-W01] t=2.60s | Des(P,R,Y):   0.0,  0.0,  0.0 | Act(P,R,Y):   2.5,  0.5, -2.4
[G01-W03] t=2.60s | Des(P,R,Y):   0.0,  0.0,  0.0 | Act(P,R,Y):   6.0,  0.3, -2.1
[G01-W02] t=2.60s | Des(P,R,Y):   0.0,  0.0,  0.0 | Act(P,R,Y):   5.4,  0.8, -1.2
[G01-W04] t=2.60s | Des(P,R,Y):   0.0,  0.0,  0.0 | Act(P,R,Y):   5.2,  2.3, -0.9
[G01-W05] t=2.80s | Des(P,R,Y):   0.0,  0.0,  0.0 | Act(P,R,Y):   0.7, -0.1, -1.8
[G01-W06] t=2.80s | Des(P,R,Y):   0.0,  0.0,  0.0 | Act(P,R,Y):   1.6,  0.1, -2.0
[G01-W01] t=2.80s | Des(P,R,Y):   0.0,  0.0,  0.0 | Act(P,R,Y):   1.8,  0.2, -2.1
[G01-W04] t=2.80s | Des(P,R,Y):   0.0,  0.0,  0.0 | Act(P,R,Y):  -0.2, -0.6, -2.9
[G01-W03] t=2.80s | Des(P,R,Y):   0.0,  0.0,  0.0 | Act(P,R,Y):   1.4, -0.1, -2.4
[G01-W02] t=2.80s | Des(P,R,Y):   0.0,  0.0,  0.0 | Act(P,R,Y):   0.4,  0.0, -1.6
[G01-W06] t=3.00s | Des(P,R,Y):   0.0, 35.0,  0.0 | Act(P,R,Y):   0.3,  6.6, -2.9
[G01-W01] t=3.00s | Des(P,R,Y):   0.0, 35.0,  0.0 | Act(P,R,Y):   0.2,  6.1, -2.9
[G01-W05] t=3.00s | Des(P,R,Y):   0.0, 35.0,  0.0 | Act(P,R,Y):  -0.5,  5.8, -2.2
[G01-W04] t=3.00s | Des(P,R,Y):   0.0, 35.0,  0.0 | Act(P,R,Y):   0.5,  6.2, -2.5
[G01-W03] t=3.00s | Des(P,R,Y):   0.0, 35.0,  0.0 | Act(P,R,Y):  -0.3,  3.7, -2.8
[G01-W06] t=3.20s | Des(P,R,Y):   0.0, 35.0,  0.0 | Act(P,R,Y):  -1.4, 28.5, -4.1
[G01-W02] t=3.00s | Des(P,R,Y):   0.0, 35.0,  0.0 | Act(P,R,Y):  -1.7,  4.0, -2.1
[G01-W01] t=3.20s | Des(P,R,Y):   0.0, 35.0,  0.0 | Act(P,R,Y):  -1.5, 26.3, -4.2
[G01-W05] t=3.20s | Des(P,R,Y):   0.0, 35.0,  0.0 | Act(P,R,Y):  -2.5, 24.7, -3.4
[G01-W04] t=3.20s | Des(P,R,Y):   0.0, 35.0,  0.0 | Act(P,R,Y):  -2.8, 28.4, -4.4
[G01-W03] t=3.20s | Des(P,R,Y):   0.0, 35.0,  0.0 | Act(P,R,Y):  -2.0, 20.2, -3.9
[G01-W06] t=3.40s | Des(P,R,Y):   0.0, 35.0,  0.0 | Act(P,R,Y):   1.2, 34.9, -3.0
[G01-W02] t=3.20s | Des(P,R,Y):   0.0, 35.0,  0.0 | Act(P,R,Y):  -3.6, 21.4, -3.3
[G01-W01] t=3.40s | Des(P,R,Y):   0.0, 35.0,  0.0 | Act(P,R,Y):   1.3, 34.1, -3.0
[G01-W05] t=3.40s | Des(P,R,Y):   0.0, 35.0,  0.0 | Act(P,R,Y):  -0.5, 33.0, -2.7
[G01-W04] t=3.40s | Des(P,R,Y):   0.0, 35.0,  0.0 | Act(P,R,Y):  -0.1, 34.7, -3.7
[G01-W03] t=3.40s | Des(P,R,Y):   0.0, 35.0,  0.0 | Act(P,R,Y):  -1.2, 29.3, -3.7
[G01-W06] t=3.60s | Des(P,R,Y):   0.0, 35.0,  0.0 | Act(P,R,Y):   3.2, 37.0, -2.0
[G01-W01] t=3.60s | Des(P,R,Y):   0.0, 35.0,  0.0 | Act(P,R,Y):   2.7, 36.3, -2.4
[G01-W02] t=3.40s | Des(P,R,Y):   0.0, 35.0,  0.0 | Act(P,R,Y):  -2.3, 30.7, -2.9
[G01-W05] t=3.60s | Des(P,R,Y):   0.0, 35.0,  0.0 | Act(P,R,Y):   1.7, 36.6, -1.6
[G01-W04] t=3.60s | Des(P,R,Y):   0.0, 35.0,  0.0 | Act(P,R,Y):   3.1, 37.6, -1.8
[G01-W06] t=3.80s | Des(P,R,Y):   0.0, 35.0,  0.0 | Act(P,R,Y):   4.0, 36.9, -2.0
[G01-W03] t=3.60s | Des(P,R,Y):   0.0, 35.0,  0.0 | Act(P,R,Y):   1.2, 34.1, -2.9
[G01-W01] t=3.80s | Des(P,R,Y):   0.0, 35.0,  0.0 | Act(P,R,Y):   3.7, 36.8, -2.3
[G01-W02] t=3.60s | Des(P,R,Y):   0.0, 35.0,  0.0 | Act(P,R,Y):   0.4, 35.6, -1.8
[G01-W05] t=3.80s | Des(P,R,Y):   0.0, 35.0,  0.0 | Act(P,R,Y):   2.8, 37.4, -1.3
[G01-W04] t=3.80s | Des(P,R,Y):   0.0, 35.0,  0.0 | Act(P,R,Y):   4.1, 37.8, -1.8
[G01-W03] t=3.80s | Des(P,R,Y):   0.0, 35.0,  0.0 | Act(P,R,Y):   2.7, 36.0, -2.5
[G01-W06] t=4.00s | Des(P,R,Y):   0.0,  0.0,  0.0 | Act(P,R,Y):   5.9, 30.6, -1.2
[G01-W02] t=3.80s | Des(P,R,Y):   0.0, 35.0,  0.0 | Act(P,R,Y):   1.8, 37.4, -1.4
[G01-W01] t=4.00s | Des(P,R,Y):   0.0,  0.0,  0.0 | Act(P,R,Y):   5.5, 31.0, -1.6
[G01-W05] t=4.00s | Des(P,R,Y):   0.0,  0.0,  0.0 | Act(P,R,Y):   4.4, 32.3, -0.6
[G01-W04] t=4.00s | Des(P,R,Y):   0.0,  0.0,  0.0 | Act(P,R,Y):   6.1, 31.5, -1.0
[G01-W03] t=4.00s | Des(P,R,Y):   0.0,  0.0,  0.0 | Act(P,R,Y):   4.4, 32.5, -1.9
[G01-W06] t=4.20s | Des(P,R,Y):   0.0,  0.0,  0.0 | Act(P,R,Y):   5.6,  9.1, -1.1
[G01-W02] t=4.00s | Des(P,R,Y):   0.0,  0.0,  0.0 | Act(P,R,Y):   3.4, 33.4, -0.7
[G01-W01] t=4.20s | Des(P,R,Y):   0.0,  0.0,  0.0 | Act(P,R,Y):   5.8, 11.1, -1.4
[G01-W05] t=4.20s | Des(P,R,Y):   0.0,  0.0,  0.0 | Act(P,R,Y):   5.1, 13.3, -0.3
[G01-W04] t=4.20s | Des(P,R,Y):   0.0,  0.0,  0.0 | Act(P,R,Y):   7.2, 10.7, -0.3
[G01-W03] t=4.20s | Des(P,R,Y):   0.0,  0.0,  0.0 | Act(P,R,Y):   5.5, 16.6, -1.6
[G01-W02] t=4.20s | Des(P,R,Y):   0.0,  0.0,  0.0 | Act(P,R,Y):   5.0, 16.9, -0.2
[G01-W06] t=4.40s | Des(P,R,Y):   0.0,  0.0,  0.0 | Act(P,R,Y):   3.8,  2.4, -1.5
[G01-W01] t=4.40s | Des(P,R,Y):   0.0,  0.0,  0.0 | Act(P,R,Y):   4.0,  3.1, -1.9
[G01-W05] t=4.40s | Des(P,R,Y):   0.0,  0.0,  0.0 | Act(P,R,Y):   3.0,  4.1, -0.9
[G01-W04] t=4.40s | Des(P,R,Y):   0.0,  0.0,  0.0 | Act(P,R,Y):   4.9,  2.7, -0.9
[G01-W03] t=4.40s | Des(P,R,Y):   0.0,  0.0,  0.0 | Act(P,R,Y):   3.8,  7.4, -2.0
[G01-W02] t=4.40s | Des(P,R,Y):   0.0,  0.0,  0.0 | Act(P,R,Y):   3.1,  7.1, -0.7
[G01-W01] t=4.60s | Des(P,R,Y):   0.0,  0.0,  0.0 | Act(P,R,Y):   0.5, -0.3, -2.9
[G01-W06] t=4.60s | Des(P,R,Y):   0.0,  0.0,  0.0 | Act(P,R,Y):   0.4, -0.8, -2.9
[G01-W05] t=4.60s | Des(P,R,Y):   0.0,  0.0,  0.0 | Act(P,R,Y):   0.7,  0.9, -1.3
[G01-W04] t=4.60s | Des(P,R,Y):   0.0,  0.0,  0.0 | Act(P,R,Y):  -0.1, -0.5, -2.2
[G01-W03] t=4.60s | Des(P,R,Y):   0.0,  0.0,  0.0 | Act(P,R,Y):   2.2,  3.1, -2.2
[G01-W02] t=4.60s | Des(P,R,Y):   0.0,  0.0,  0.0 | Act(P,R,Y):   1.0,  2.5, -1.1
[G01-W01] t=4.80s | Des(P,R,Y):   0.0,  0.0,  0.0 | Act(P,R,Y):  -0.3, -0.5, -2.9
[G01-W06] t=4.80s | Des(P,R,Y):   0.0,  0.0,  0.0 | Act(P,R,Y):  -0.6, -0.9, -2.9
[G01-W05] t=4.80s | Des(P,R,Y):   0.0,  0.0,  0.0 | Act(P,R,Y):  -1.1, -0.5, -1.7
[G01-W04] t=4.80s | Des(P,R,Y):   0.0,  0.0,  0.0 | Act(P,R,Y):  -1.6, -1.5, -2.5
[G01-W03] t=4.80s | Des(P,R,Y):   0.0,  0.0,  0.0 | Act(P,R,Y):   0.4,  0.8, -2.6
[G01-W02] t=4.80s | Des(P,R,Y):   0.0,  0.0,  0.0 | Act(P,R,Y):  -0.8,  0.2, -1.4
[G01-W01] t=5.00s | Des(P,R,Y):   0.0,  0.0, 50.0 | Act(P,R,Y):  -1.7, -5.4, -2.3
[G01-W06] t=5.00s | Des(P,R,Y):   0.0,  0.0, 50.0 | Act(P,R,Y):  -1.9, -5.4, -2.2
[G01-W05] t=5.00s | Des(P,R,Y):   0.0,  0.0, 50.0 | Act(P,R,Y):  -3.1, -5.4, -1.0
[G01-W04] t=5.00s | Des(P,R,Y):   0.0,  0.0, 50.0 | Act(P,R,Y):  -3.6, -6.1, -2.2
[G01-W03] t=5.00s | Des(P,R,Y):   0.0,  0.0, 50.0 | Act(P,R,Y):  -1.8, -4.3, -2.0
[G01-W02] t=5.00s | Des(P,R,Y):   0.0,  0.0, 50.0 | Act(P,R,Y):  -2.9, -5.0, -0.8
[G01-W01] t=5.20s | Des(P,R,Y):   0.0,  0.0, 50.0 | Act(P,R,Y):  -4.4,-12.4, 23.3
[G01-W06] t=5.20s | Des(P,R,Y):   0.0,  0.0, 50.0 | Act(P,R,Y):  -8.3,-16.6, 23.6
[G01-W05] t=5.20s | Des(P,R,Y):   0.0,  0.0, 50.0 | Act(P,R,Y):  -4.9,-11.1, 23.1
[G01-W04] t=5.20s | Des(P,R,Y):   0.0,  0.0, 50.0 | Act(P,R,Y): -13.9,-21.6, 23.6
[G01-W03] t=5.20s | Des(P,R,Y):   0.0,  0.0, 50.0 | Act(P,R,Y):  -0.4, -5.4, 22.6
[G01-W02] t=5.20s | Des(P,R,Y):   0.0,  0.0, 50.0 | Act(P,R,Y):  -3.0, -7.8, 22.8
[G01-W01] t=5.40s | Des(P,R,Y):   0.0,  0.0, 50.0 | Act(P,R,Y):  -5.9,-14.3, 10.9
[G01-W06] t=5.40s | Des(P,R,Y):   0.0,  0.0, 50.0 | Act(P,R,Y):  -4.9,-12.7, 10.7
[G01-W04] t=5.40s | Des(P,R,Y):   0.0,  0.0, 50.0 | Act(P,R,Y):  -7.3,-18.9, 10.7
[G01-W05] t=5.40s | Des(P,R,Y):   0.0,  0.0, 50.0 | Act(P,R,Y):  -7.2,-13.4, 10.9
[G01-W03] t=5.40s | Des(P,R,Y):   0.0,  0.0, 50.0 | Act(P,R,Y):  -7.3,-14.5, 10.9
[G01-W02] t=5.40s | Des(P,R,Y):   0.0,  0.0, 50.0 | Act(P,R,Y):  -7.8,-14.5, 10.9
[G01-W06] t=5.60s | Des(P,R,Y):   0.0,  0.0, 50.0 | Act(P,R,Y):  -2.3,-12.1, 10.6
[G01-W01] t=5.60s | Des(P,R,Y):   0.0,  0.0, 50.0 | Act(P,R,Y):  -3.5,-14.2, 10.6
[G01-W04] t=5.60s | Des(P,R,Y):   0.0,  0.0, 50.0 | Act(P,R,Y):  -6.4,-16.9, 10.7
[G01-W05] t=5.60s | Des(P,R,Y):   0.0,  0.0, 50.0 | Act(P,R,Y):  -4.7, -9.9, 10.8
[G01-W03] t=5.60s | Des(P,R,Y):   0.0,  0.0, 50.0 | Act(P,R,Y):  -5.6,-15.9, 10.6
[G01-W02] t=5.60s | Des(P,R,Y):   0.0,  0.0, 50.0 | Act(P,R,Y):  -6.1,-11.7, 10.8
[G01-W01] t=5.80s | Des(P,R,Y):   0.0,  0.0, 50.0 | Act(P,R,Y):   0.8,-23.0, 21.0
[G01-W06] t=5.80s | Des(P,R,Y):   0.0,  0.0, 50.0 | Act(P,R,Y):  -0.8,-19.9, 20.9
[G01-W04] t=5.80s | Des(P,R,Y):   0.0,  0.0, 50.0 | Act(P,R,Y):  -0.1,-20.6, 20.8
[G01-W03] t=5.80s | Des(P,R,Y):   0.0,  0.0, 50.0 | Act(P,R,Y):  -1.7,-25.4, 20.9
[G01-W05] t=5.80s | Des(P,R,Y):   0.0,  0.0, 50.0 | Act(P,R,Y):  -2.0,-15.2, 20.8
[G01-W02] t=5.80s | Des(P,R,Y):   0.0,  0.0, 50.0 | Act(P,R,Y):  -3.2,-15.2, 20.8
[G01-W06] t=6.00s | Des(P,R,Y):   0.0,  0.0,  0.0 | Act(P,R,Y):  10.0,-19.4, 35.9
[Fixation Controller] Initialized 3-DOF Virtual Work tracking for Eyes.
Eval SUCCESS: G01-W06 | Kp=140.06, Ki=0.54, Kd=19.66 => Score=37.7
[G01-W01] t=6.00s | Des(P,R,Y):   0.0,  0.0,  0.0 | Act(P,R,Y):   8.4,-21.8, 35.9
[Fixation Controller] Initialized 3-DOF Virtual Work tracking for Eyes.
Eval SUCCESS: G01-W01 | Kp=129.95, Ki=0.88, Kd=21.41 => Score=39.2
[G01-W04] t=6.00s | Des(P,R,Y):   0.0,  0.0,  0.0 | Act(P,R,Y):   8.7,-19.7, 36.1
[Fixation Controller] Initialized 3-DOF Virtual Work tracking for Eyes.
Eval SUCCESS: G01-W04 | Kp=109.88, Ki=11.13, Kd=15.55 => Score=42.0
[G01-W03] t=6.00s | Des(P,R,Y):   0.0,  0.0,  0.0 | Act(P,R,Y):   6.7,-20.3, 35.7
[Fixation Controller] Initialized 3-DOF Virtual Work tracking for Eyes.
Eval SUCCESS: G01-W03 | Kp=110.26, Ki=5.88, Kd=28.85 => Score=42.4
[G01-W05] t=6.00s | Des(P,R,Y):   0.0,  0.0,  0.0 | Act(P,R,Y):   8.2,-16.6, 36.1
[Fixation Controller] Initialized 3-DOF Virtual Work tracking for Eyes.
Eval SUCCESS: G01-W05 | Kp=125.81, Ki=22.39, Kd=23.66 => Score=38.3
[G01-W02] t=6.00s | Des(P,R,Y):   0.0,  0.0,  0.0 | Act(P,R,Y):   7.0,-16.1, 36.0
[Fixation Controller] Initialized 3-DOF Virtual Work tracking for Eyes.
Eval SUCCESS: G01-W02 | Kp=112.59, Ki=26.61, Kd=27.22 => Score=40.6
Iterat #Fevals   function value  axis ratio  sigma  min&max std  t[m:s]
    1      6 3.774278183632155e+01 1.0e+00 1.50e+01  1e+01  2e+01 3:20.4  
Gen 1: Best Error = 37.74 | Kp=140.06, Ki=0.54, Kd=19.66

--- Generation 2 ---
Found simbody-visualizer, setting SIMBODY_HOME env var to  C:\Users\User\miniforge3\envs\opensim_env\Lib\opensim
Found simbody-visualizer, setting SIMBODY_HOME env var to  C:\Users\User\miniforge3\envs\opensim_env\Lib\opensim
Found simbody-visualizer, setting SIMBODY_HOME env var to  C:\Users\User\miniforge3\envs\opensim_env\Lib\opensim
Found simbody-visualizer, setting SIMBODY_HOME env var to  C:\Users\User\miniforge3\envs\opensim_env\Lib\opensim
Found simbody-visualizer, setting SIMBODY_HOME env var to  C:\Users\User\miniforge3\envs\opensim_env\Lib\opensim
Found simbody-visualizer, setting SIMBODY_HOME env var to  C:\Users\User\miniforge3\envs\opensim_env\Lib\opensim
[G02-W04] t=0.20s | Des(P,R,Y):   0.0,  0.0,  0.0 | Act(P,R,Y):   0.3,  1.0, -0.5
[G02-W02] t=0.20s | Des(P,R,Y):   0.0,  0.0,  0.0 | Act(P,R,Y):   0.4,  1.0, -0.3
[G02-W05] t=0.20s | Des(P,R,Y):   0.0,  0.0,  0.0 | Act(P,R,Y):   0.3,  1.4, -0.7
[G02-W06] t=0.20s | Des(P,R,Y):   0.0,  0.0,  0.0 | Act(P,R,Y):   0.1,  0.8, -0.6
[G02-W01] t=0.20s | Des(P,R,Y):   0.0,  0.0,  0.0 | Act(P,R,Y):  -0.1,  0.9, -0.7
[G02-W03] t=0.20s | Des(P,R,Y):   0.0,  0.0,  0.0 | Act(P,R,Y):   0.8,  1.1,  0.2
[G02-W02] t=0.40s | Des(P,R,Y):   0.0,  0.0,  0.0 | Act(P,R,Y):  -1.6,  0.1, -1.6
[G02-W06] t=0.40s | Des(P,R,Y):   0.0,  0.0,  0.0 | Act(P,R,Y):  -1.8,  0.0, -1.7
[G02-W04] t=0.40s | Des(P,R,Y):   0.0,  0.0,  0.0 | Act(P,R,Y):  -1.9,  0.1, -1.9
[G02-W01] t=0.40s | Des(P,R,Y):   0.0,  0.0,  0.0 | Act(P,R,Y):  -2.1, -0.1, -1.9
[G02-W05] t=0.40s | Des(P,R,Y):   0.0,  0.0,  0.0 | Act(P,R,Y):  -2.1,  0.2, -2.2
[G02-W03] t=0.40s | Des(P,R,Y):   0.0,  0.0,  0.0 | Act(P,R,Y):  -1.4, -0.0, -1.2
[G02-W06] t=0.60s | Des(P,R,Y):   0.0,  0.0,  0.0 | Act(P,R,Y):  -2.8, -0.8, -2.1
[G02-W02] t=0.60s | Des(P,R,Y):   0.0,  0.0,  0.0 | Act(P,R,Y):  -2.6, -0.7, -2.0
[G02-W01] t=0.60s | Des(P,R,Y):   0.0,  0.0,  0.0 | Act(P,R,Y):  -2.9, -0.8, -2.1
[G02-W05] t=0.60s | Des(P,R,Y):   0.0,  0.0,  0.0 | Act(P,R,Y):  -3.3, -0.8, -2.7
[G02-W04] t=0.60s | Des(P,R,Y):   0.0,  0.0,  0.0 | Act(P,R,Y):  -3.0, -0.8, -2.3
[G02-W03] t=0.60s | Des(P,R,Y):   0.0,  0.0,  0.0 | Act(P,R,Y):  -1.9, -0.2, -1.4
[G02-W06] t=0.80s | Des(P,R,Y):   0.0,  0.0,  0.0 | Act(P,R,Y):  -2.5, -0.7, -2.1
[G02-W02] t=0.80s | Des(P,R,Y):   0.0,  0.0,  0.0 | Act(P,R,Y):  -2.6, -0.8, -2.1
[G02-W01] t=0.80s | Des(P,R,Y):   0.0,  0.0,  0.0 | Act(P,R,Y):  -2.5, -0.8, -2.1
[G02-W05] t=0.80s | Des(P,R,Y):   0.0,  0.0,  0.0 | Act(P,R,Y):  -3.3, -1.0, -2.7
[G02-W04] t=0.80s | Des(P,R,Y):   0.0,  0.0,  0.0 | Act(P,R,Y):  -2.9, -0.8, -2.3
[G02-W03] t=0.80s | Des(P,R,Y):   0.0,  0.0,  0.0 | Act(P,R,Y):  -2.2, -0.6, -1.7
[G02-W06] t=1.00s | Des(P,R,Y):  45.0,  0.0,  0.0 | Act(P,R,Y):   5.5, -0.4, -2.3
[G02-W01] t=1.00s | Des(P,R,Y):  45.0,  0.0,  0.0 | Act(P,R,Y):   5.8, -0.4, -2.3
[G02-W05] t=1.00s | Des(P,R,Y):  45.0,  0.0,  0.0 | Act(P,R,Y):   4.8, -0.5, -3.0
[G02-W02] t=1.00s | Des(P,R,Y):  45.0,  0.0,  0.0 | Act(P,R,Y):   4.4, -0.5, -2.3
[G02-W04] t=1.00s | Des(P,R,Y):  45.0,  0.0,  0.0 | Act(P,R,Y):   4.7, -0.5, -2.6
[G02-W03] t=1.00s | Des(P,R,Y):  45.0,  0.0,  0.0 | Act(P,R,Y):   3.9, -0.5, -2.0
[G02-W01] t=1.20s | Des(P,R,Y):  45.0,  0.0,  0.0 | Act(P,R,Y):  35.4, -0.8, -2.0
[G02-W02] t=1.20s | Des(P,R,Y):  45.0,  0.0,  0.0 | Act(P,R,Y):  30.3, -0.8, -2.2
[G02-W06] t=1.20s | Des(P,R,Y):  45.0,  0.0,  0.0 | Act(P,R,Y):  32.9, -0.9, -2.3
[G02-W05] t=1.20s | Des(P,R,Y):  45.0,  0.0,  0.0 | Act(P,R,Y):  34.5, -0.9, -2.9
[G02-W04] t=1.20s | Des(P,R,Y):  45.0,  0.0,  0.0 | Act(P,R,Y):  31.1, -0.9, -2.7
[G02-W03] t=1.20s | Des(P,R,Y):  45.0,  0.0,  0.0 | Act(P,R,Y):  26.5, -0.8, -2.1
[G02-W01] t=1.40s | Des(P,R,Y):  45.0,  0.0,  0.0 | Act(P,R,Y):  41.9, -1.6, -2.4
[G02-W05] t=1.40s | Des(P,R,Y):  45.0,  0.0,  0.0 | Act(P,R,Y):  41.0, -1.8, -3.2
[G02-W02] t=1.40s | Des(P,R,Y):  45.0,  0.0,  0.0 | Act(P,R,Y):  40.1, -1.2, -2.4
[G02-W06] t=1.40s | Des(P,R,Y):  45.0,  0.0,  0.0 | Act(P,R,Y):  41.7, -1.2, -2.4
[G02-W04] t=1.40s | Des(P,R,Y):  45.0,  0.0,  0.0 | Act(P,R,Y):  40.8, -1.1, -2.8
[G02-W01] t=1.60s | Des(P,R,Y):  45.0,  0.0,  0.0 | Act(P,R,Y):  46.1, -1.5, -2.6
[G02-W05] t=1.60s | Des(P,R,Y):  45.0,  0.0,  0.0 | Act(P,R,Y):  45.6, -1.9, -3.5
[G02-W03] t=1.40s | Des(P,R,Y):  45.0,  0.0,  0.0 | Act(P,R,Y):  36.6, -1.1, -2.3
[G02-W06] t=1.60s | Des(P,R,Y):  45.0,  0.0,  0.0 | Act(P,R,Y):  45.3, -1.3, -2.7
[G02-W04] t=1.60s | Des(P,R,Y):  45.0,  0.0,  0.0 | Act(P,R,Y):  44.8, -1.4, -3.0
[G02-W01] t=1.80s | Des(P,R,Y):  45.0,  0.0,  0.0 | Act(P,R,Y):  48.9, -0.7, -2.1
[G02-W02] t=1.60s | Des(P,R,Y):  45.0,  0.0,  0.0 | Act(P,R,Y):  45.1, -1.4, -2.6
[G02-W05] t=1.80s | Des(P,R,Y):  45.0,  0.0,  0.0 | Act(P,R,Y):  48.7, -1.0, -2.9
[G02-W06] t=1.80s | Des(P,R,Y):  45.0,  0.0,  0.0 | Act(P,R,Y):  48.0, -0.7, -2.3
[G02-W04] t=1.80s | Des(P,R,Y):  45.0,  0.0,  0.0 | Act(P,R,Y):  48.0, -0.8, -2.7
[G02-W02] t=1.80s | Des(P,R,Y):  45.0,  0.0,  0.0 | Act(P,R,Y):  48.3, -0.7, -2.2
[G02-W01] t=2.00s | Des(P,R,Y):   0.0,  0.0,  0.0 | Act(P,R,Y):  46.1,  0.8, -0.8
[G02-W03] t=1.60s | Des(P,R,Y):  45.0,  0.0,  0.0 | Act(P,R,Y):  42.9, -0.8, -2.3
[G02-W05] t=2.00s | Des(P,R,Y):   0.0,  0.0,  0.0 | Act(P,R,Y):  46.1,  0.7, -1.6
[G02-W04] t=2.00s | Des(P,R,Y):   0.0,  0.0,  0.0 | Act(P,R,Y):  45.7,  0.6, -1.4
[G02-W06] t=2.00s | Des(P,R,Y):   0.0,  0.0,  0.0 | Act(P,R,Y):  45.3,  0.7, -1.1
[G02-W01] t=2.20s | Des(P,R,Y):   0.0,  0.0,  0.0 | Act(P,R,Y):  21.0,  1.5, -0.4
[G02-W02] t=2.00s | Des(P,R,Y):   0.0,  0.0,  0.0 | Act(P,R,Y):  46.1,  0.5, -1.0
[G02-W04] t=2.20s | Des(P,R,Y):   0.0,  0.0,  0.0 | Act(P,R,Y):  23.5,  1.3, -1.1
[G02-W05] t=2.20s | Des(P,R,Y):   0.0,  0.0,  0.0 | Act(P,R,Y):  23.5,  2.1, -0.7
[G02-W06] t=2.20s | Des(P,R,Y):   0.0,  0.0,  0.0 | Act(P,R,Y):  20.6,  0.9, -1.0
[G02-W02] t=2.20s | Des(P,R,Y):   0.0,  0.0,  0.0 | Act(P,R,Y):  24.9,  1.3, -0.5
[G02-W03] t=1.80s | Des(P,R,Y):  45.0,  0.0,  0.0 | Act(P,R,Y):  46.7, -0.3, -1.9
[G02-W01] t=2.40s | Des(P,R,Y):   0.0,  0.0,  0.0 | Act(P,R,Y):   9.8,  0.9, -1.0
[G02-W05] t=2.40s | Des(P,R,Y):   0.0,  0.0,  0.0 | Act(P,R,Y):  10.6,  0.5, -2.0
[G02-W04] t=2.40s | Des(P,R,Y):   0.0,  0.0,  0.0 | Act(P,R,Y):  12.7,  1.3, -1.3
[G02-W06] t=2.40s | Des(P,R,Y):   0.0,  0.0,  0.0 | Act(P,R,Y):  10.9,  1.2, -1.1
[G02-W02] t=2.40s | Des(P,R,Y):   0.0,  0.0,  0.0 | Act(P,R,Y):  13.5,  1.1, -0.8
[G02-W01] t=2.60s | Des(P,R,Y):   0.0,  0.0,  0.0 | Act(P,R,Y):   3.4,  0.6, -1.5
[G02-W03] t=2.00s | Des(P,R,Y):   0.0,  0.0,  0.0 | Act(P,R,Y):  44.7,  0.6, -1.1
[G02-W05] t=2.60s | Des(P,R,Y):   0.0,  0.0,  0.0 | Act(P,R,Y):   4.6,  1.0, -2.1
[G02-W06] t=2.60s | Des(P,R,Y):   0.0,  0.0,  0.0 | Act(P,R,Y):   3.9,  0.2, -2.0
[G02-W04] t=2.60s | Des(P,R,Y):   0.0,  0.0,  0.0 | Act(P,R,Y):   5.4,  0.5, -2.0
[G02-W02] t=2.60s | Des(P,R,Y):   0.0,  0.0,  0.0 | Act(P,R,Y):   5.9,  0.6, -1.2
[G02-W03] t=2.20s | Des(P,R,Y):   0.0,  0.0,  0.0 | Act(P,R,Y):  23.2,  0.1, -1.3
[G02-W01] t=2.80s | Des(P,R,Y):   0.0,  0.0,  0.0 | Act(P,R,Y):   0.9,  0.2, -1.5
[G02-W05] t=2.80s | Des(P,R,Y):   0.0,  0.0,  0.0 | Act(P,R,Y):   1.4, -0.2, -2.5
[G02-W06] t=2.80s | Des(P,R,Y):   0.0,  0.0,  0.0 | Act(P,R,Y):   1.0, -0.0, -2.1
[G02-W04] t=2.80s | Des(P,R,Y):   0.0,  0.0,  0.0 | Act(P,R,Y):   1.1, -0.1, -2.4
[G02-W02] t=2.80s | Des(P,R,Y):   0.0,  0.0,  0.0 | Act(P,R,Y):   1.3,  0.0, -1.6
[G02-W01] t=3.00s | Des(P,R,Y):   0.0, 35.0,  0.0 | Act(P,R,Y):  -0.6,  5.2, -2.1
[G02-W03] t=2.40s | Des(P,R,Y):   0.0,  0.0,  0.0 | Act(P,R,Y):  12.6,  0.2, -1.3
[G02-W05] t=3.00s | Des(P,R,Y):   0.0, 35.0,  0.0 | Act(P,R,Y):  -0.8,  4.8, -3.3
[G02-W06] t=3.00s | Des(P,R,Y):   0.0, 35.0,  0.0 | Act(P,R,Y):   0.2,  4.9, -2.4
[G02-W04] t=3.00s | Des(P,R,Y):   0.0, 35.0,  0.0 | Act(P,R,Y):  -0.2,  4.3, -2.8
[G02-W02] t=3.00s | Des(P,R,Y):   0.0, 35.0,  0.0 | Act(P,R,Y):  -0.7,  4.1, -2.0
[G02-W03] t=2.60s | Des(P,R,Y):   0.0,  0.0,  0.0 | Act(P,R,Y):   6.0, -0.1, -1.6
[G02-W01] t=3.20s | Des(P,R,Y):   0.0, 35.0,  0.0 | Act(P,R,Y):  -2.3, 24.0, -3.2
[G02-W05] t=3.20s | Des(P,R,Y):   0.0, 35.0,  0.0 | Act(P,R,Y):  -2.1, 22.8, -4.5
[G02-W06] t=3.20s | Des(P,R,Y):   0.0, 35.0,  0.0 | Act(P,R,Y):  -1.6, 23.1, -3.5
[G02-W04] t=3.20s | Des(P,R,Y):   0.0, 35.0,  0.0 | Act(P,R,Y):  -1.8, 21.5, -3.7
[G02-W02] t=3.20s | Des(P,R,Y):   0.0, 35.0,  0.0 | Act(P,R,Y):  -2.4, 20.9, -2.9
[G02-W03] t=2.80s | Des(P,R,Y):   0.0,  0.0,  0.0 | Act(P,R,Y):   2.1, -0.3, -1.8
[G02-W01] t=3.40s | Des(P,R,Y):   0.0, 35.0,  0.0 | Act(P,R,Y):  -0.6, 32.5, -2.5
[G02-W05] t=3.40s | Des(P,R,Y):   0.0, 35.0,  0.0 | Act(P,R,Y):  -0.9, 31.2, -4.3
[G02-W06] t=3.40s | Des(P,R,Y):   0.0, 35.0,  0.0 | Act(P,R,Y):  -0.0, 31.6, -2.9
[G02-W04] t=3.40s | Des(P,R,Y):   0.0, 35.0,  0.0 | Act(P,R,Y):  -0.9, 30.1, -3.6
[G02-W02] t=3.40s | Des(P,R,Y):   0.0, 35.0,  0.0 | Act(P,R,Y):  -1.3, 30.3, -2.5
[G02-W01] t=3.60s | Des(P,R,Y):   0.0, 35.0,  0.0 | Act(P,R,Y):   1.5, 36.2, -1.6
[G02-W03] t=3.00s | Des(P,R,Y):   0.0, 35.0,  0.0 | Act(P,R,Y):   0.3,  3.7, -2.2
[G02-W05] t=3.60s | Des(P,R,Y):   0.0, 35.0,  0.0 | Act(P,R,Y):   2.4, 35.7, -2.8
[G02-W06] t=3.60s | Des(P,R,Y):   0.0, 35.0,  0.0 | Act(P,R,Y):   1.8, 35.2, -2.3
[G02-W04] t=3.60s | Des(P,R,Y):   0.0, 35.0,  0.0 | Act(P,R,Y):   1.4, 34.4, -2.8
[G02-W02] t=3.60s | Des(P,R,Y):   0.0, 35.0,  0.0 | Act(P,R,Y):   0.6, 34.9, -1.7
[G02-W01] t=3.80s | Des(P,R,Y):   0.0, 35.0,  0.0 | Act(P,R,Y):   2.6, 37.3, -1.3
[G02-W03] t=3.20s | Des(P,R,Y):   0.0, 35.0,  0.0 | Act(P,R,Y):  -1.2, 19.3, -2.6
[G02-W05] t=3.80s | Des(P,R,Y):   0.0, 35.0,  0.0 | Act(P,R,Y):   3.9, 37.1, -2.4
[G02-W06] t=3.80s | Des(P,R,Y):   0.0, 35.0,  0.0 | Act(P,R,Y):   2.9, 36.3, -2.0
[G02-W04] t=3.80s | Des(P,R,Y):   0.0, 35.0,  0.0 | Act(P,R,Y):   2.8, 36.0, -2.5
[G02-W02] t=3.80s | Des(P,R,Y):   0.0, 35.0,  0.0 | Act(P,R,Y):   1.5, 36.4, -1.5
[G02-W01] t=4.00s | Des(P,R,Y):   0.0,  0.0,  0.0 | Act(P,R,Y):   4.1, 32.2, -0.7
[G02-W05] t=4.00s | Des(P,R,Y):   0.0,  0.0,  0.0 | Act(P,R,Y):   5.6, 32.3, -1.8
[G02-W03] t=3.40s | Des(P,R,Y):   0.0, 35.0,  0.0 | Act(P,R,Y):  -0.6, 27.9, -2.7
[G02-W06] t=4.00s | Des(P,R,Y):   0.0,  0.0,  0.0 | Act(P,R,Y):   4.4, 31.6, -1.5
[G02-W04] t=4.00s | Des(P,R,Y):   0.0,  0.0,  0.0 | Act(P,R,Y):   4.4, 32.0, -1.8
[G02-W02] t=4.00s | Des(P,R,Y):   0.0,  0.0,  0.0 | Act(P,R,Y):   3.2, 32.8, -0.9
[G02-W01] t=4.20s | Des(P,R,Y):   0.0,  0.0,  0.0 | Act(P,R,Y):   4.6, 13.5, -0.5
[G02-W05] t=4.20s | Des(P,R,Y):   0.0,  0.0,  0.0 | Act(P,R,Y):   6.7, 14.6, -1.5
[G02-W06] t=4.20s | Des(P,R,Y):   0.0,  0.0,  0.0 | Act(P,R,Y):   4.8, 13.5, -1.4
[G02-W03] t=3.60s | Des(P,R,Y):   0.0, 35.0,  0.0 | Act(P,R,Y):   0.8, 32.6, -2.3
[G02-W04] t=4.20s | Des(P,R,Y):   0.0,  0.0,  0.0 | Act(P,R,Y):   5.2, 15.0, -1.6
[G02-W02] t=4.20s | Des(P,R,Y):   0.0,  0.0,  0.0 | Act(P,R,Y):   4.3, 16.6, -0.6
[G02-W01] t=4.40s | Des(P,R,Y):   0.0,  0.0,  0.0 | Act(P,R,Y):   2.8,  4.6, -1.0
[G02-W05] t=4.40s | Des(P,R,Y):   0.0,  0.0,  0.0 | Act(P,R,Y):   4.4,  5.0, -2.2
[G02-W03] t=3.80s | Des(P,R,Y):   0.0, 35.0,  0.0 | Act(P,R,Y):   1.7, 34.8, -2.1
[G02-W04] t=4.40s | Des(P,R,Y):   0.0,  0.0,  0.0 | Act(P,R,Y):   3.5,  6.0, -2.1
[G02-W06] t=4.40s | Des(P,R,Y):   0.0,  0.0,  0.0 | Act(P,R,Y):   3.2,  5.0, -1.8
[G02-W02] t=4.40s | Des(P,R,Y):   0.0,  0.0,  0.0 | Act(P,R,Y):   2.9,  7.6, -0.9
[G02-W01] t=4.60s | Des(P,R,Y):   0.0,  0.0,  0.0 | Act(P,R,Y):   1.0,  1.3, -1.3
[G02-W05] t=4.60s | Des(P,R,Y):   0.0,  0.0,  0.0 | Act(P,R,Y):   2.1,  1.6, -2.5
[G02-W03] t=4.00s | Des(P,R,Y):   0.0,  0.0,  0.0 | Act(P,R,Y):   3.1, 31.9, -1.6
[G02-W06] t=4.60s | Des(P,R,Y):   0.0,  0.0,  0.0 | Act(P,R,Y):   1.7,  1.7, -2.1
[G02-W04] t=4.60s | Des(P,R,Y):   0.0,  0.0,  0.0 | Act(P,R,Y):   1.9,  2.3, -2.4
[G02-W02] t=4.60s | Des(P,R,Y):   0.0,  0.0,  0.0 | Act(P,R,Y):   1.3,  3.2, -1.2
[G02-W01] t=4.80s | Des(P,R,Y):   0.0,  0.0,  0.0 | Act(P,R,Y):  -0.7, -0.2, -1.6
[G02-W05] t=4.80s | Des(P,R,Y):   0.0,  0.0,  0.0 | Act(P,R,Y):   0.3, -0.1, -3.0
[G02-W03] t=4.20s | Des(P,R,Y):   0.0,  0.0,  0.0 | Act(P,R,Y):   3.4, 16.9, -1.5
[G02-W06] t=4.80s | Des(P,R,Y):   0.0,  0.0,  0.0 | Act(P,R,Y):   0.3,  0.2, -2.3
[G02-W04] t=4.80s | Des(P,R,Y):   0.0,  0.0,  0.0 | Act(P,R,Y):   0.4,  0.4, -2.7
[G02-W02] t=4.80s | Des(P,R,Y):   0.0,  0.0,  0.0 | Act(P,R,Y):  -0.3,  0.9, -1.4
[G02-W05] t=5.00s | Des(P,R,Y):   0.0,  0.0, 50.0 | Act(P,R,Y):  -2.1, -5.6, -2.5
[G02-W01] t=5.00s | Des(P,R,Y):   0.0,  0.0, 50.0 | Act(P,R,Y):  -2.6, -5.0, -1.0
[G02-W03] t=4.40s | Des(P,R,Y):   0.0,  0.0,  0.0 | Act(P,R,Y):   2.7,  8.8, -1.5
[G02-W04] t=5.00s | Des(P,R,Y):   0.0,  0.0, 50.0 | Act(P,R,Y):  -1.8, -4.6, -2.1
[G02-W06] t=5.00s | Des(P,R,Y):   0.0,  0.0, 50.0 | Act(P,R,Y):  -1.8, -4.4, -1.6
[G02-W02] t=5.00s | Des(P,R,Y):   0.0,  0.0, 50.0 | Act(P,R,Y):  -2.4, -4.1, -0.8
[G02-W05] t=5.20s | Des(P,R,Y):   0.0,  0.0, 50.0 | Act(P,R,Y):  -2.5, -8.4, 23.0
[G02-W01] t=5.20s | Des(P,R,Y):   0.0,  0.0, 50.0 | Act(P,R,Y):  -3.4, -8.9, 22.9
[G02-W03] t=4.60s | Des(P,R,Y):   0.0,  0.0,  0.0 | Act(P,R,Y):   1.5,  4.2, -1.8
[G02-W04] t=5.20s | Des(P,R,Y):   0.0,  0.0, 50.0 | Act(P,R,Y):  -0.8, -6.5, 22.6
[G02-W06] t=5.20s | Des(P,R,Y):   0.0,  0.0, 50.0 | Act(P,R,Y):  -1.1, -6.7, 22.7
[G02-W02] t=5.20s | Des(P,R,Y):   0.0,  0.0, 50.0 | Act(P,R,Y):  -1.7, -6.1, 22.5
[G02-W05] t=5.40s | Des(P,R,Y):   0.0,  0.0, 50.0 | Act(P,R,Y):  -7.7,-16.1, 10.8
[G02-W01] t=5.40s | Des(P,R,Y):   0.0,  0.0, 50.0 | Act(P,R,Y):  -6.2,-12.2, 10.8
[G02-W06] t=5.40s | Des(P,R,Y):   0.0,  0.0, 50.0 | Act(P,R,Y):  -5.9,-12.3, 10.9
[G02-W04] t=5.40s | Des(P,R,Y):   0.0,  0.0, 50.0 | Act(P,R,Y):  -6.4,-13.6, 10.8
[G02-W03] t=4.80s | Des(P,R,Y):   0.0,  0.0,  0.0 | Act(P,R,Y):   0.3,  1.7, -2.0
[G02-W02] t=5.40s | Des(P,R,Y):   0.0,  0.0, 50.0 | Act(P,R,Y):  -6.4,-11.8, 10.9
[G02-W05] t=5.60s | Des(P,R,Y):   0.0,  0.0, 50.0 | Act(P,R,Y):  -5.6,-13.4, 10.7
[G02-W01] t=5.60s | Des(P,R,Y):   0.0,  0.0, 50.0 | Act(P,R,Y):  -4.1,-10.1, 10.7
[G02-W04] t=5.60s | Des(P,R,Y):   0.0,  0.0, 50.0 | Act(P,R,Y):  -4.7,-12.8, 10.6
[G02-W06] t=5.60s | Des(P,R,Y):   0.0,  0.0, 50.0 | Act(P,R,Y):  -3.9, -9.6, 10.7
[G02-W03] t=5.00s | Des(P,R,Y):   0.0,  0.0, 50.0 | Act(P,R,Y):  -1.9, -3.0, -1.2
[G02-W02] t=5.60s | Des(P,R,Y):   0.0,  0.0, 50.0 | Act(P,R,Y):  -5.1,-10.1, 10.8
[G02-W05] t=5.80s | Des(P,R,Y):   0.0,  0.0, 50.0 | Act(P,R,Y):  -2.6,-18.1, 20.8
[G02-W01] t=5.80s | Des(P,R,Y):   0.0,  0.0, 50.0 | Act(P,R,Y):  -2.8,-17.3, 20.8
[G02-W04] t=5.80s | Des(P,R,Y):   0.0,  0.0, 50.0 | Act(P,R,Y):  -0.7,-21.1, 21.0
[G02-W06] t=5.80s | Des(P,R,Y):   0.0,  0.0, 50.0 | Act(P,R,Y):  -2.2,-15.9, 20.8
[G02-W03] t=5.20s | Des(P,R,Y):   0.0,  0.0, 50.0 | Act(P,R,Y):  -1.0, -3.3, 22.4
[G02-W02] t=5.80s | Des(P,R,Y):   0.0,  0.0, 50.0 | Act(P,R,Y):  -2.7,-16.1, 20.8
[G02-W05] t=6.00s | Des(P,R,Y):   0.0,  0.0,  0.0 | Act(P,R,Y):   8.6,-17.7, 36.0
[Fixation Controller] Initialized 3-DOF Virtual Work tracking for Eyes.
Eval SUCCESS: G02-W05 | Kp=106.72, Ki=3.71, Kd=22.00 => Score=41.7
[G02-W01] t=6.00s | Des(P,R,Y):   0.0,  0.0,  0.0 | Act(P,R,Y):   8.2,-17.6, 36.0
[Fixation Controller] Initialized 3-DOF Virtual Work tracking for Eyes.
Eval SUCCESS: G02-W01 | Kp=136.31, Ki=20.38, Kd=27.17 => Score=37.6
[G02-W06] t=6.00s | Des(P,R,Y):   0.0,  0.0,  0.0 | Act(P,R,Y):   8.4,-16.8, 35.8
[G02-W04] t=6.00s | Des(P,R,Y):   0.0,  0.0,  0.0 | Act(P,R,Y):   7.5,-19.3, 35.8
[Fixation Controller] Initialized 3-DOF Virtual Work tracking for Eyes.
Eval SUCCESS: G02-W06 | Kp=141.59, Ki=3.59, Kd=30.23 => Score=37.6
[Fixation Controller] Initialized 3-DOF Virtual Work tracking for Eyes.
Eval SUCCESS: G02-W04 | Kp=122.34, Ki=2.58, Kd=28.91 => Score=40.3
[G02-W03] t=5.40s | Des(P,R,Y):   0.0,  0.0, 50.0 | Act(P,R,Y):  -5.2,-10.0, 10.8
[G02-W02] t=6.00s | Des(P,R,Y):   0.0,  0.0,  0.0 | Act(P,R,Y):   6.9,-17.2, 35.8
[Fixation Controller] Initialized 3-DOF Virtual Work tracking for Eyes.
Eval SUCCESS: G02-W02 | Kp=134.31, Ki=23.55, Kd=34.56 => Score=38.9
[G02-W03] t=5.60s | Des(P,R,Y):   0.0,  0.0, 50.0 | Act(P,R,Y):  -4.2,-12.4, 10.6
[G02-W03] t=5.80s | Des(P,R,Y):   0.0,  0.0, 50.0 | Act(P,R,Y):  -2.8,-20.1, 20.9
[G02-W03] t=6.00s | Des(P,R,Y):   0.0,  0.0,  0.0 | Act(P,R,Y):   7.4,-14.8, 35.5
[Fixation Controller] Initialized 3-DOF Virtual Work tracking for Eyes.
Eval SUCCESS: G02-W03 | Kp=149.58, Ki=7.59, Kd=45.02 => Score=39.1
    2     12 3.755851921878520e+01 1.4e+00 1.38e+01  1e+01  1e+01 6:58.9  
Gen 2: Best Error = 37.56 | Kp=141.59, Ki=3.59, Kd=30.23

--- Generation 3 ---
Found simbody-visualizer, setting SIMBODY_HOME env var to  C:\Users\User\miniforge3\envs\opensim_env\Lib\opensim
Found simbody-visualizer, setting SIMBODY_HOME env var to  C:\Users\User\miniforge3\envs\opensim_env\Lib\opensim
Found simbody-visualizer, setting SIMBODY_HOME env var to  C:\Users\User\miniforge3\envs\opensim_env\Lib\opensim
Found simbody-visualizer, setting SIMBODY_HOME env var to  C:\Users\User\miniforge3\envs\opensim_env\Lib\opensim
Found simbody-visualizer, setting SIMBODY_HOME env var to  C:\Users\User\miniforge3\envs\opensim_env\Lib\opensim
Found simbody-visualizer, setting SIMBODY_HOME env var to  C:\Users\User\miniforge3\envs\opensim_env\Lib\opensim
[G03-W01] t=0.20s | Des(P,R,Y):   0.0,  0.0,  0.0 | Act(P,R,Y):  -0.2,  0.8, -0.8
[G03-W04] t=0.20s | Des(P,R,Y):   0.0,  0.0,  0.0 | Act(P,R,Y):   0.3,  0.9, -0.2
[G03-W03] t=0.20s | Des(P,R,Y):   0.0,  0.0,  0.0 | Act(P,R,Y):   0.8,  1.2,  0.1
[G03-W05] t=0.20s | Des(P,R,Y):   0.0,  0.0,  0.0 | Act(P,R,Y):   0.3,  0.9, -0.4
[G03-W02] t=0.20s | Des(P,R,Y):   0.0,  0.0,  0.0 | Act(P,R,Y):   8.5,  9.2,  0.4
[G03-W06] t=0.20s | Des(P,R,Y):   0.0,  0.0,  0.0 | Act(P,R,Y):   0.7,  4.2, -0.5
[G03-W06] t=0.40s | Des(P,R,Y):   0.0,  0.0,  0.0 | Act(P,R,Y):  -4.3, -2.9, -5.8
[G03-W02] t=0.40s | Des(P,R,Y):   0.0,  0.0,  0.0 | Act(P,R,Y):  -8.7, -4.5, -6.6
[G03-W03] t=0.40s | Des(P,R,Y):   0.0,  0.0,  0.0 | Act(P,R,Y):  -1.5, -0.1, -1.6
[G03-W01] t=0.40s | Des(P,R,Y):   0.0,  0.0,  0.0 | Act(P,R,Y):  -2.0, -0.1, -1.8
[G03-W04] t=0.40s | Des(P,R,Y):   0.0,  0.0,  0.0 | Act(P,R,Y):  -1.4,  0.0, -1.4
[G03-W05] t=0.40s | Des(P,R,Y):   0.0,  0.0,  0.0 | Act(P,R,Y):  -1.8,  0.1, -1.6
[G03-W02] t=0.60s | Des(P,R,Y):   0.0,  0.0,  0.0 | Act(P,R,Y):   4.4, -3.5,  4.5
[G03-W06] t=0.60s | Des(P,R,Y):   0.0,  0.0,  0.0 | Act(P,R,Y):   3.1,  1.5,  1.1
[G03-W01] t=0.60s | Des(P,R,Y):   0.0,  0.0,  0.0 | Act(P,R,Y):  -2.7, -0.8, -2.0
[G03-W03] t=0.60s | Des(P,R,Y):   0.0,  0.0,  0.0 | Act(P,R,Y):  -2.1, -0.4, -1.9
[G03-W05] t=0.60s | Des(P,R,Y):   0.0,  0.0,  0.0 | Act(P,R,Y):  -2.7, -0.8, -2.0
[G03-W04] t=0.60s | Des(P,R,Y):   0.0,  0.0,  0.0 | Act(P,R,Y):  -2.1, -0.5, -1.6
[G03-W06] t=0.80s | Des(P,R,Y):   0.0,  0.0,  0.0 | Act(P,R,Y):  -4.5, -2.4, -4.2
[G03-W02] t=0.80s | Des(P,R,Y):   0.0,  0.0,  0.0 | Act(P,R,Y):  11.0,  9.7, -4.3
[G03-W01] t=0.80s | Des(P,R,Y):   0.0,  0.0,  0.0 | Act(P,R,Y):  -2.3, -0.7, -2.0
[G03-W05] t=0.80s | Des(P,R,Y):   0.0,  0.0,  0.0 | Act(P,R,Y):  -2.6, -0.8, -2.1
[G03-W03] t=0.80s | Des(P,R,Y):   0.0,  0.0,  0.0 | Act(P,R,Y):  -2.3, -0.6, -2.1
[G03-W04] t=0.80s | Des(P,R,Y):   0.0,  0.0,  0.0 | Act(P,R,Y):  -2.3, -0.7, -1.8
[G03-W06] t=1.00s | Des(P,R,Y):  45.0,  0.0,  0.0 | Act(P,R,Y):   6.3, -0.7, -2.2
[G03-W02] t=1.00s | Des(P,R,Y):  45.0,  0.0,  0.0 | Act(P,R,Y): -16.7,-10.7,-11.1
[G03-W01] t=1.00s | Des(P,R,Y):  45.0,  0.0,  0.0 | Act(P,R,Y):   6.1, -0.4, -2.2
[G03-W05] t=1.00s | Des(P,R,Y):  45.0,  0.0,  0.0 | Act(P,R,Y):   4.8, -0.5, -2.3
[G03-W03] t=1.00s | Des(P,R,Y):  45.0,  0.0,  0.0 | Act(P,R,Y):   3.9, -0.4, -2.3
[G03-W04] t=1.00s | Des(P,R,Y):  45.0,  0.0,  0.0 | Act(P,R,Y):   4.9, -0.4, -2.0
[G03-W06] t=1.20s | Des(P,R,Y):  45.0,  0.0,  0.0 | Act(P,R,Y):  50.6, -6.2, -6.4
[G03-W02] t=1.20s | Des(P,R,Y):  45.0,  0.0,  0.0 | Act(P,R,Y):  53.1,-13.8,  2.9
[G03-W01] t=1.20s | Des(P,R,Y):  45.0,  0.0,  0.0 | Act(P,R,Y):  36.7, -0.7, -1.9
[G03-W05] t=1.20s | Des(P,R,Y):  45.0,  0.0,  0.0 | Act(P,R,Y):  31.6, -0.8, -2.2
[G03-W03] t=1.20s | Des(P,R,Y):  45.0,  0.0,  0.0 | Act(P,R,Y):  26.3, -0.8, -2.5
[G03-W04] t=1.20s | Des(P,R,Y):  45.0,  0.0,  0.0 | Act(P,R,Y):  30.6, -0.7, -2.0
[G03-W01] t=1.40s | Des(P,R,Y):  45.0,  0.0,  0.0 | Act(P,R,Y):  42.2, -1.6, -2.5
[G03-W06] t=1.40s | Des(P,R,Y):  45.0,  0.0,  0.0 | Act(P,R,Y):  50.6,  0.7, -1.7
[G03-W02] t=1.40s | Des(P,R,Y):  45.0,  0.0,  0.0 | Act(P,R,Y):  52.8,  1.3,-11.5
[G03-W03] t=1.40s | Des(P,R,Y):  45.0,  0.0,  0.0 | Act(P,R,Y):  36.8, -0.9, -2.5
[G03-W01] t=1.60s | Des(P,R,Y):  45.0,  0.0,  0.0 | Act(P,R,Y):  45.7, -1.3, -2.5
[G03-W05] t=1.40s | Des(P,R,Y):  45.0,  0.0,  0.0 | Act(P,R,Y):  40.9, -1.3, -2.4
[G03-W04] t=1.40s | Des(P,R,Y):  45.0,  0.0,  0.0 | Act(P,R,Y):  39.8, -1.2, -2.1
[G03-W06] t=1.60s | Des(P,R,Y):  45.0,  0.0,  0.0 | Act(P,R,Y):  50.8, -0.1, -4.1
[G03-W01] t=1.80s | Des(P,R,Y):  45.0,  0.0,  0.0 | Act(P,R,Y):  48.2, -0.7, -2.2
[G03-W02] t=1.60s | Des(P,R,Y):  45.0,  0.0,  0.0 | Act(P,R,Y):  52.2, -0.1,  2.0
[G03-W03] t=1.60s | Des(P,R,Y):  45.0,  0.0,  0.0 | Act(P,R,Y):  42.6, -1.0, -2.6
[G03-W05] t=1.60s | Des(P,R,Y):  45.0,  0.0,  0.0 | Act(P,R,Y):  45.5, -1.3, -2.5
[G03-W03] t=1.80s | Des(P,R,Y):  45.0,  0.0,  0.0 | Act(P,R,Y):  46.3, -0.8, -2.4
[G03-W06] t=1.80s | Des(P,R,Y):  45.0,  0.0,  0.0 | Act(P,R,Y):  52.3, -0.1, -1.7
[G03-W01] t=2.00s | Des(P,R,Y):   0.0,  0.0,  0.0 | Act(P,R,Y):  45.3,  0.9, -0.9
[G03-W05] t=1.80s | Des(P,R,Y):  45.0,  0.0,  0.0 | Act(P,R,Y):  48.5, -0.7, -2.2
[G03-W04] t=1.60s | Des(P,R,Y):  45.0,  0.0,  0.0 | Act(P,R,Y):  45.1, -0.9, -2.2
[G03-W02] t=1.80s | Des(P,R,Y):  45.0,  0.0,  0.0 | Act(P,R,Y):  53.1,  6.7, -3.9
[G03-W03] t=2.00s | Des(P,R,Y):   0.0,  0.0,  0.0 | Act(P,R,Y):  44.7,  0.3, -1.5
[G03-W01] t=2.20s | Des(P,R,Y):   0.0,  0.0,  0.0 | Act(P,R,Y):  17.4,  1.0, -1.0
[G03-W04] t=1.80s | Des(P,R,Y):  45.0,  0.0,  0.0 | Act(P,R,Y):  47.6, -0.6, -1.9
[G03-W05] t=2.00s | Des(P,R,Y):   0.0,  0.0,  0.0 | Act(P,R,Y):  46.1,  0.6, -1.0
[G03-W06] t=2.00s | Des(P,R,Y):   0.0,  0.0,  0.0 | Act(P,R,Y):  48.3,  4.0,  0.0
[G03-W03] t=2.20s | Des(P,R,Y):   0.0,  0.0,  0.0 | Act(P,R,Y):  25.5,  0.6, -1.3
[G03-W04] t=2.00s | Des(P,R,Y):   0.0,  0.0,  0.0 | Act(P,R,Y):  45.0,  0.5, -0.8
[G03-W05] t=2.20s | Des(P,R,Y):   0.0,  0.0,  0.0 | Act(P,R,Y):  23.7,  1.3, -0.6
[G03-W02] t=2.00s | Des(P,R,Y):   0.0,  0.0,  0.0 | Act(P,R,Y):  45.6, -8.3, -5.0
[G03-W01] t=2.40s | Des(P,R,Y):   0.0,  0.0,  0.0 | Act(P,R,Y):   8.1,  0.6, -1.5
[G03-W06] t=2.20s | Des(P,R,Y):   0.0,  0.0,  0.0 | Act(P,R,Y):  11.3,  7.2,  3.5
[G03-W04] t=2.20s | Des(P,R,Y):   0.0,  0.0,  0.0 | Act(P,R,Y):  21.6,  0.4, -1.0
[G03-W03] t=2.40s | Des(P,R,Y):   0.0,  0.0,  0.0 | Act(P,R,Y):  14.8,  0.6, -1.4
[G03-W05] t=2.40s | Des(P,R,Y):   0.0,  0.0,  0.0 | Act(P,R,Y):  12.5,  1.2, -0.8
[G03-W01] t=2.60s | Des(P,R,Y):   0.0,  0.0,  0.0 | Act(P,R,Y):   2.8,  0.4, -1.9
[G03-W02] t=2.20s | Des(P,R,Y):   0.0,  0.0,  0.0 | Act(P,R,Y):   9.1, 18.7, 17.4
[G03-W06] t=2.40s | Des(P,R,Y):   0.0,  0.0,  0.0 | Act(P,R,Y):   4.9,  1.1, -2.3
[G03-W04] t=2.40s | Des(P,R,Y):   0.0,  0.0,  0.0 | Act(P,R,Y):  11.6,  0.7, -0.9
[G03-W03] t=2.60s | Des(P,R,Y):   0.0,  0.0,  0.0 | Act(P,R,Y):   7.6,  0.3, -1.7
[G03-W05] t=2.60s | Des(P,R,Y):   0.0,  0.0,  0.0 | Act(P,R,Y):   5.3,  0.6, -1.3
[G03-W01] t=2.80s | Des(P,R,Y):   0.0,  0.0,  0.0 | Act(P,R,Y):   1.3,  0.1, -1.8
[G03-W02] t=2.40s | Des(P,R,Y):   0.0,  0.0,  0.0 | Act(P,R,Y):   7.4, 17.5,-12.0
[G03-W06] t=2.60s | Des(P,R,Y):   0.0,  0.0,  0.0 | Act(P,R,Y):   5.0,  2.5, -0.3
[G03-W04] t=2.60s | Des(P,R,Y):   0.0,  0.0,  0.0 | Act(P,R,Y):   4.8,  0.2, -1.4
[G03-W05] t=2.80s | Des(P,R,Y):   0.0,  0.0,  0.0 | Act(P,R,Y):   1.0,  0.0, -1.7
[G03-W03] t=2.80s | Des(P,R,Y):   0.0,  0.0,  0.0 | Act(P,R,Y):   2.9, -0.2, -2.0
[G03-W01] t=3.00s | Des(P,R,Y):   0.0, 35.0,  0.0 | Act(P,R,Y):   0.6,  6.1, -2.3
[G03-W02] t=2.60s | Des(P,R,Y):   0.0,  0.0,  0.0 | Act(P,R,Y): -12.6,-14.9,  0.9
[G03-W06] t=2.80s | Des(P,R,Y):   0.0,  0.0,  0.0 | Act(P,R,Y):  -1.4, -1.4, -3.9
[G03-W04] t=2.80s | Des(P,R,Y):   0.0,  0.0,  0.0 | Act(P,R,Y):   1.4,  0.0, -1.5
[G03-W02] t=2.80s | Des(P,R,Y):   0.0,  0.0,  0.0 | Act(P,R,Y):  33.2, 12.5, -5.7
[G03-W05] t=3.00s | Des(P,R,Y):   0.0, 35.0,  0.0 | Act(P,R,Y):  -0.7,  4.7, -2.1
[G03-W03] t=3.00s | Des(P,R,Y):   0.0, 35.0,  0.0 | Act(P,R,Y):   0.5,  3.5, -2.5
[G03-W01] t=3.20s | Des(P,R,Y):   0.0, 35.0,  0.0 | Act(P,R,Y):  -1.2, 25.3, -3.3
[G03-W06] t=3.00s | Des(P,R,Y):   0.0, 35.0,  0.0 | Act(P,R,Y):  -0.4,  6.5, -2.4
[G03-W04] t=3.00s | Des(P,R,Y):   0.0, 35.0,  0.0 | Act(P,R,Y):   0.1,  4.5, -1.9
[G03-W02] t=3.00s | Des(P,R,Y):   0.0, 35.0,  0.0 | Act(P,R,Y): -17.9,  2.3,-16.4
[G03-W05] t=3.20s | Des(P,R,Y):   0.0, 35.0,  0.0 | Act(P,R,Y):  -2.1, 22.0, -2.8
[G03-W03] t=3.20s | Des(P,R,Y):   0.0, 35.0,  0.0 | Act(P,R,Y):  -1.2, 18.7, -3.1
[G03-W01] t=3.40s | Des(P,R,Y):   0.0, 35.0,  0.0 | Act(P,R,Y):   0.2, 32.5, -3.0
[G03-W06] t=3.20s | Des(P,R,Y):   0.0, 35.0,  0.0 | Act(P,R,Y): -11.5, 35.2, -6.1
[G03-W04] t=3.20s | Des(P,R,Y):   0.0, 35.0,  0.0 | Act(P,R,Y):  -1.6, 21.7, -2.6
[G03-W02] t=3.20s | Des(P,R,Y):   0.0, 35.0,  0.0 | Act(P,R,Y):  -7.9, 36.9, -3.6
[G03-W01] t=3.60s | Des(P,R,Y):   0.0, 35.0,  0.0 | Act(P,R,Y):   2.4, 35.8, -2.0
[G03-W03] t=3.40s | Des(P,R,Y):   0.0, 35.0,  0.0 | Act(P,R,Y):  -0.7, 27.6, -3.0
[G03-W05] t=3.40s | Des(P,R,Y):   0.0, 35.0,  0.0 | Act(P,R,Y):  -1.1, 30.7, -2.6
[G03-W06] t=3.40s | Des(P,R,Y):   0.0, 35.0,  0.0 | Act(P,R,Y):   2.1, 37.5, -2.4
[G03-W04] t=3.40s | Des(P,R,Y):   0.0, 35.0,  0.0 | Act(P,R,Y):  -0.4, 30.8, -2.1
[G03-W02] t=3.40s | Des(P,R,Y):   0.0, 35.0,  0.0 | Act(P,R,Y):  -6.0, 37.4, -0.3
[G03-W06] t=3.60s | Des(P,R,Y):   0.0, 35.0,  0.0 | Act(P,R,Y):   4.3, 39.1, -1.5
[G03-W01] t=3.80s | Des(P,R,Y):   0.0, 35.0,  0.0 | Act(P,R,Y):   3.3, 36.5, -1.9
[G03-W05] t=3.60s | Des(P,R,Y):   0.0, 35.0,  0.0 | Act(P,R,Y):   0.9, 35.1, -1.8
[G03-W03] t=3.60s | Des(P,R,Y):   0.0, 35.0,  0.0 | Act(P,R,Y):   0.9, 32.2, -2.6
[G03-W04] t=3.60s | Des(P,R,Y):   0.0, 35.0,  0.0 | Act(P,R,Y):   1.0, 34.6, -1.7
[G03-W02] t=3.60s | Des(P,R,Y):   0.0, 35.0,  0.0 | Act(P,R,Y):  13.6, 36.7,-11.5
[G03-W06] t=3.80s | Des(P,R,Y):   0.0, 35.0,  0.0 | Act(P,R,Y):   2.9, 36.0, -3.5
[G03-W05] t=3.80s | Des(P,R,Y):   0.0, 35.0,  0.0 | Act(P,R,Y):   1.8, 36.4, -1.6
[G03-W01] t=4.00s | Des(P,R,Y):   0.0,  0.0,  0.0 | Act(P,R,Y):   4.7, 31.2, -1.3
[G03-W03] t=3.80s | Des(P,R,Y):   0.0, 35.0,  0.0 | Act(P,R,Y):   2.0, 34.6, -2.4
[G03-W02] t=3.80s | Des(P,R,Y):   0.0, 35.0,  0.0 | Act(P,R,Y): -21.3, 32.6,  2.2
[G03-W04] t=3.80s | Des(P,R,Y):   0.0, 35.0,  0.0 | Act(P,R,Y):   2.0, 36.2, -1.5
[G03-W06] t=4.00s | Des(P,R,Y):   0.0,  0.0,  0.0 | Act(P,R,Y):   7.4, 28.7,  0.7
[G03-W05] t=4.00s | Des(P,R,Y):   0.0,  0.0,  0.0 | Act(P,R,Y):   3.4, 32.4, -1.0
[G03-W01] t=4.20s | Des(P,R,Y):   0.0,  0.0,  0.0 | Act(P,R,Y):   4.6, 11.2, -1.3
[G03-W03] t=4.00s | Des(P,R,Y):   0.0,  0.0,  0.0 | Act(P,R,Y):   3.5, 31.9, -1.8
[G03-W02] t=4.00s | Des(P,R,Y):   0.0,  0.0,  0.0 | Act(P,R,Y):  10.2, 27.5, -2.4
[G03-W06] t=4.20s | Des(P,R,Y):   0.0,  0.0,  0.0 | Act(P,R,Y):   5.9,  3.0,  1.6
[G03-W04] t=4.00s | Des(P,R,Y):   0.0,  0.0,  0.0 | Act(P,R,Y):   3.2, 32.1, -1.0
[G03-W05] t=4.20s | Des(P,R,Y):   0.0,  0.0,  0.0 | Act(P,R,Y):   4.5, 15.5, -0.6
[G03-W03] t=4.20s | Des(P,R,Y):   0.0,  0.0,  0.0 | Act(P,R,Y):   3.9, 17.3, -1.8
[G03-W01] t=4.40s | Des(P,R,Y):   0.0,  0.0,  0.0 | Act(P,R,Y):   3.4,  3.5, -1.6
[G03-W02] t=4.20s | Des(P,R,Y):   0.0,  0.0,  0.0 | Act(P,R,Y):  12.3, -7.3, -4.3
[G03-W06] t=4.40s | Des(P,R,Y):   0.0,  0.0,  0.0 | Act(P,R,Y):   3.5, -0.8, -2.3
[G03-W04] t=4.20s | Des(P,R,Y):   0.0,  0.0,  0.0 | Act(P,R,Y):   3.8, 15.3, -0.8
[G03-W03] t=4.40s | Des(P,R,Y):   0.0,  0.0,  0.0 | Act(P,R,Y):   3.5,  9.0, -1.9
[G03-W05] t=4.40s | Des(P,R,Y):   0.0,  0.0,  0.0 | Act(P,R,Y):   3.0,  6.6, -1.0
[G03-W01] t=4.60s | Des(P,R,Y):   0.0,  0.0,  0.0 | Act(P,R,Y):   1.7,  0.7, -2.1
[G03-W02] t=4.40s | Des(P,R,Y):   0.0,  0.0,  0.0 | Act(P,R,Y):  10.1, 13.4, 14.6
[G03-W06] t=4.60s | Des(P,R,Y):   0.0,  0.0,  0.0 | Act(P,R,Y):  -0.4, -0.4, -1.5
[G03-W04] t=4.40s | Des(P,R,Y):   0.0,  0.0,  0.0 | Act(P,R,Y):   2.6,  6.7, -1.1
[G03-W03] t=4.60s | Des(P,R,Y):   0.0,  0.0,  0.0 | Act(P,R,Y):   2.3,  4.6, -2.0
[G03-W01] t=4.80s | Des(P,R,Y):   0.0,  0.0,  0.0 | Act(P,R,Y):   0.1, -0.1, -2.5
[G03-W05] t=4.60s | Des(P,R,Y):   0.0,  0.0,  0.0 | Act(P,R,Y):   1.3,  2.5, -1.3
[G03-W02] t=4.60s | Des(P,R,Y):   0.0,  0.0,  0.0 | Act(P,R,Y):  22.5, 15.4,-10.3
[G03-W06] t=4.80s | Des(P,R,Y):   0.0,  0.0,  0.0 | Act(P,R,Y):  -4.0, -2.0, -2.7
[G03-W04] t=4.60s | Des(P,R,Y):   0.0,  0.0,  0.0 | Act(P,R,Y):   1.1,  2.5, -1.4
[G03-W05] t=4.80s | Des(P,R,Y):   0.0,  0.0,  0.0 | Act(P,R,Y):  -0.2,  0.6, -1.6
[G03-W03] t=4.80s | Des(P,R,Y):   0.0,  0.0,  0.0 | Act(P,R,Y):   0.9,  2.1, -2.2
[G03-W01] t=5.00s | Des(P,R,Y):   0.0,  0.0, 50.0 | Act(P,R,Y):  -1.2, -4.6, -1.6
[G03-W02] t=4.80s | Des(P,R,Y):   0.0,  0.0,  0.0 | Act(P,R,Y): -32.8,-13.0,  0.9
[G03-W06] t=5.00s | Des(P,R,Y):   0.0,  0.0, 50.0 | Act(P,R,Y):  -4.2, -6.7, -2.2
[G03-W04] t=4.80s | Des(P,R,Y):   0.0,  0.0,  0.0 | Act(P,R,Y):  -0.1,  0.7, -1.6
[G03-W02] t=5.00s | Des(P,R,Y):   0.0,  0.0, 50.0 | Act(P,R,Y):  23.1, -4.1, -1.5
[G03-W05] t=5.00s | Des(P,R,Y):   0.0,  0.0, 50.0 | Act(P,R,Y):  -2.2, -4.2, -0.9
[G03-W06] t=5.20s | Des(P,R,Y):   0.0,  0.0, 50.0 | Act(P,R,Y): -22.6,-34.8, 23.8
[G03-W03] t=5.00s | Des(P,R,Y):   0.0,  0.0, 50.0 | Act(P,R,Y):  -1.3, -3.0, -1.5
[G03-W01] t=5.20s | Des(P,R,Y):   0.0,  0.0, 50.0 | Act(P,R,Y):  -2.4, -9.4, 23.1
[G03-W04] t=5.00s | Des(P,R,Y):   0.0,  0.0, 50.0 | Act(P,R,Y):  -2.1, -3.8, -0.8
[G03-W02] t=5.20s | Des(P,R,Y):   0.0,  0.0, 50.0 | Act(P,R,Y): -14.2,-36.7, -2.9
[G03-W06] t=5.40s | Des(P,R,Y):   0.0,  0.0, 50.0 | Act(P,R,Y):  -4.8,-33.0, 10.4
[G03-W05] t=5.20s | Des(P,R,Y):   0.0,  0.0, 50.0 | Act(P,R,Y):  -1.8, -6.7, 22.6
[G03-W01] t=5.40s | Des(P,R,Y):   0.0,  0.0, 50.0 | Act(P,R,Y):  -5.2,-12.6, 10.8
[G03-W03] t=5.20s | Des(P,R,Y):   0.0,  0.0, 50.0 | Act(P,R,Y):  -0.4, -3.1, 22.4
[G03-W04] t=5.20s | Des(P,R,Y):   0.0,  0.0, 50.0 | Act(P,R,Y):  -1.7, -5.3, 22.3
[G03-W02] t=5.40s | Des(P,R,Y):   0.0,  0.0, 50.0 | Act(P,R,Y): -25.2,-36.5, 11.7
[G03-W06] t=5.60s | Des(P,R,Y):   0.0,  0.0, 50.0 | Act(P,R,Y):  -3.8,-32.2, 10.6
[G03-W05] t=5.40s | Des(P,R,Y):   0.0,  0.0, 50.0 | Act(P,R,Y):  -6.1,-12.0, 10.9
[G03-W01] t=5.60s | Des(P,R,Y):   0.0,  0.0, 50.0 | Act(P,R,Y):  -3.0,-15.0, 10.6
[G03-W03] t=5.40s | Des(P,R,Y):   0.0,  0.0, 50.0 | Act(P,R,Y):  -5.8,-11.9, 10.8
[G03-W04] t=5.40s | Des(P,R,Y):   0.0,  0.0, 50.0 | Act(P,R,Y):  -5.5,-10.5, 10.9
[G03-W06] t=5.80s | Des(P,R,Y):   0.0,  0.0, 50.0 | Act(P,R,Y):   0.4,-34.0, 20.7
[G03-W02] t=5.60s | Des(P,R,Y):   0.0,  0.0, 50.0 | Act(P,R,Y):   4.1,-31.7, 10.2
[G03-W01] t=5.80s | Des(P,R,Y):   0.0,  0.0, 50.0 | Act(P,R,Y):  -1.7,-22.0, 20.9
[G03-W03] t=5.60s | Des(P,R,Y):   0.0,  0.0, 50.0 | Act(P,R,Y):  -5.0,-15.2, 10.6
[G03-W05] t=5.60s | Des(P,R,Y):   0.0,  0.0, 50.0 | Act(P,R,Y):  -4.4,-10.8, 10.7
[G03-W06] t=6.00s | Des(P,R,Y):   0.0,  0.0,  0.0 | Act(P,R,Y):  10.1,-26.0, 36.2
[G03-W04] t=5.60s | Des(P,R,Y):   0.0,  0.0, 50.0 | Act(P,R,Y):  -3.7, -9.1, 10.7
[Fixation Controller] Initialized 3-DOF Virtual Work tracking for Eyes.
Eval SUCCESS: G03-W06 | Kp=121.91, Ki=18.96, Kd=6.23 => Score=48.0
[G03-W02] t=5.80s | Des(P,R,Y):   0.0,  0.0, 50.0 | Act(P,R,Y):  -1.6,-30.8, 20.9
[G03-W05] t=5.80s | Des(P,R,Y):   0.0,  0.0, 50.0 | Act(P,R,Y):  -3.2,-18.1, 20.8
[G03-W03] t=5.80s | Des(P,R,Y):   0.0,  0.0, 50.0 | Act(P,R,Y):  -1.6,-23.9, 20.9
[G03-W01] t=6.00s | Des(P,R,Y):   0.0,  0.0,  0.0 | Act(P,R,Y):   9.1,-20.8, 35.8
[Fixation Controller] Initialized 3-DOF Virtual Work tracking for Eyes.
Eval SUCCESS: G03-W01 | Kp=147.62, Ki=2.04, Kd=26.52 => Score=37.4
[G03-W04] t=5.80s | Des(P,R,Y):   0.0,  0.0, 50.0 | Act(P,R,Y):  -2.3,-15.3, 20.8
[G03-W02] t=6.00s | Des(P,R,Y):   0.0,  0.0,  0.0 | Act(P,R,Y):   7.0,-24.8, 36.1
[Fixation Controller] Initialized 3-DOF Virtual Work tracking for Eyes.
Eval SUCCESS: G03-W02 | Kp=122.74, Ki=0.35, Kd=0.00 => Score=81.6
[G03-W05] t=6.00s | Des(P,R,Y):   0.0,  0.0,  0.0 | Act(P,R,Y):   7.4,-17.5, 35.9
[Fixation Controller] Initialized 3-DOF Virtual Work tracking for Eyes.
Eval SUCCESS: G03-W05 | Kp=136.68, Ki=19.74, Kd=32.56 => Score=38.5
[G03-W03] t=6.00s | Des(P,R,Y):   0.0,  0.0,  0.0 | Act(P,R,Y):   6.6,-17.1, 35.4
[Fixation Controller] Initialized 3-DOF Virtual Work tracking for Eyes.
Eval SUCCESS: G03-W03 | Kp=126.12, Ki=5.07, Kd=39.28 => Score=41.4
[G03-W04] t=6.00s | Des(P,R,Y):   0.0,  0.0,  0.0 | Act(P,R,Y):   7.7,-16.8, 35.7
[Fixation Controller] Initialized 3-DOF Virtual Work tracking for Eyes.
Eval SUCCESS: G03-W04 | Kp=158.45, Ki=17.76, Kd=38.89 => Score=36.7
    3     18 3.667756382595264e+01 1.3e+00 1.51e+01  1e+01  2e+01 10:52.9  
Gen 3: Best Error = 36.68 | Kp=158.45, Ki=17.76, Kd=38.89

--- Generation 4 ---
Found simbody-visualizer, setting SIMBODY_HOME env var to  C:\Users\User\miniforge3\envs\opensim_env\Lib\opensimFound simbody-visualizer, setting SIMBODY_HOME env var to  C:\Users\User\miniforge3\envs\opensim_env\Lib\opensim

Found simbody-visualizer, setting SIMBODY_HOME env var to  C:\Users\User\miniforge3\envs\opensim_env\Lib\opensim
Found simbody-visualizer, setting SIMBODY_HOME env var to  C:\Users\User\miniforge3\envs\opensim_env\Lib\opensim
Found simbody-visualizer, setting SIMBODY_HOME env var to  C:\Users\User\miniforge3\envs\opensim_env\Lib\opensim
Found simbody-visualizer, setting SIMBODY_HOME env var to  C:\Users\User\miniforge3\envs\opensim_env\Lib\opensim
[G04-W05] t=0.20s | Des(P,R,Y):   0.0,  0.0,  0.0 | Act(P,R,Y):  -0.1,  0.8, -0.7
[G04-W02] t=0.20s | Des(P,R,Y):   0.0,  0.0,  0.0 | Act(P,R,Y):  -0.2,  0.8, -0.8
[G04-W06] t=0.20s | Des(P,R,Y):   0.0,  0.0,  0.0 | Act(P,R,Y):   0.7,  1.1,  0.1
[G04-W04] t=0.20s | Des(P,R,Y):   0.0,  0.0,  0.0 | Act(P,R,Y):  -0.4,  0.7, -1.0
[G04-W03] t=0.20s | Des(P,R,Y):   0.0,  0.0,  0.0 | Act(P,R,Y):   1.0,  1.3,  0.4
[G04-W01] t=0.20s | Des(P,R,Y):   0.0,  0.0,  0.0 | Act(P,R,Y):   0.9,  1.8,  0.9
[G04-W06] t=0.40s | Des(P,R,Y):   0.0,  0.0,  0.0 | Act(P,R,Y):  -1.4, -0.2, -1.4
[G04-W05] t=0.40s | Des(P,R,Y):   0.0,  0.0,  0.0 | Act(P,R,Y):  -2.0, -0.1, -1.8
[G04-W02] t=0.40s | Des(P,R,Y):   0.0,  0.0,  0.0 | Act(P,R,Y):  -2.1, -0.1, -1.9
[G04-W04] t=0.40s | Des(P,R,Y):   0.0,  0.0,  0.0 | Act(P,R,Y):  -2.0, -0.1, -1.9
[G04-W03] t=0.40s | Des(P,R,Y):   0.0,  0.0,  0.0 | Act(P,R,Y):  -1.2,  0.3, -1.0
[G04-W01] t=0.40s | Des(P,R,Y):   0.0,  0.0,  0.0 | Act(P,R,Y):  -0.9,  0.3, -0.4
[G04-W05] t=0.60s | Des(P,R,Y):   0.0,  0.0,  0.0 | Act(P,R,Y):  -2.8, -0.8, -2.1
[G04-W02] t=0.60s | Des(P,R,Y):   0.0,  0.0,  0.0 | Act(P,R,Y):  -2.8, -0.9, -2.1
[G04-W04] t=0.60s | Des(P,R,Y):   0.0,  0.0,  0.0 | Act(P,R,Y):  -2.7, -0.9, -2.0
[G04-W06] t=0.60s | Des(P,R,Y):   0.0,  0.0,  0.0 | Act(P,R,Y):  -1.8, -0.2, -1.4
[G04-W03] t=0.60s | Des(P,R,Y):   0.0,  0.0,  0.0 | Act(P,R,Y):  -2.1, -0.5, -1.6
[G04-W02] t=0.80s | Des(P,R,Y):   0.0,  0.0,  0.0 | Act(P,R,Y):  -2.4, -0.8, -2.0
[G04-W05] t=0.80s | Des(P,R,Y):   0.0,  0.0,  0.0 | Act(P,R,Y):  -2.4, -0.7, -2.0
[G04-W01] t=0.60s | Des(P,R,Y):   0.0,  0.0,  0.0 | Act(P,R,Y):  -1.6, -0.3, -0.8
[G04-W04] t=0.80s | Des(P,R,Y):   0.0,  0.0,  0.0 | Act(P,R,Y):  -2.2, -0.7, -1.9
[G04-W06] t=0.80s | Des(P,R,Y):   0.0,  0.0,  0.0 | Act(P,R,Y):  -2.1, -0.5, -1.6
[G04-W03] t=0.80s | Des(P,R,Y):   0.0,  0.0,  0.0 | Act(P,R,Y):  -2.5, -0.6, -1.8
[G04-W02] t=1.00s | Des(P,R,Y):  45.0,  0.0,  0.0 | Act(P,R,Y):   6.0, -0.4, -2.2
[G04-W05] t=1.00s | Des(P,R,Y):  45.0,  0.0,  0.0 | Act(P,R,Y):   6.0, -0.4, -2.3
[G04-W04] t=1.00s | Des(P,R,Y):  45.0,  0.0,  0.0 | Act(P,R,Y):   6.4, -0.5, -2.1
[G04-W06] t=1.00s | Des(P,R,Y):  45.0,  0.0,  0.0 | Act(P,R,Y):   4.2, -0.5, -2.0
[G04-W01] t=0.80s | Des(P,R,Y):   0.0,  0.0,  0.0 | Act(P,R,Y):  -2.1, -0.6, -1.1
[G04-W03] t=1.00s | Des(P,R,Y):  45.0,  0.0,  0.0 | Act(P,R,Y):   2.7, -0.7, -2.1
[G04-W02] t=1.20s | Des(P,R,Y):  45.0,  0.0,  0.0 | Act(P,R,Y):  36.7, -0.7, -1.8
[G04-W05] t=1.20s | Des(P,R,Y):  45.0,  0.0,  0.0 | Act(P,R,Y):  35.4, -0.7, -2.0
[G04-W04] t=1.20s | Des(P,R,Y):  45.0,  0.0,  0.0 | Act(P,R,Y):  39.1, -0.6, -1.6
[G04-W06] t=1.20s | Des(P,R,Y):  45.0,  0.0,  0.0 | Act(P,R,Y):  27.1, -0.9, -2.1
[G04-W02] t=1.40s | Des(P,R,Y):  45.0,  0.0,  0.0 | Act(P,R,Y):  42.9, -1.7, -2.4
[G04-W05] t=1.40s | Des(P,R,Y):  45.0,  0.0,  0.0 | Act(P,R,Y):  41.5, -1.4, -2.4
[G04-W04] t=1.40s | Des(P,R,Y):  45.0,  0.0,  0.0 | Act(P,R,Y):  43.8, -1.7, -2.3
[G04-W03] t=1.20s | Des(P,R,Y):  45.0,  0.0,  0.0 | Act(P,R,Y):  22.9, -1.1, -2.5
[G04-W02] t=1.60s | Des(P,R,Y):  45.0,  0.0,  0.0 | Act(P,R,Y):  46.8, -1.4, -2.4
[G04-W01] t=1.00s | Des(P,R,Y):  45.0,  0.0,  0.0 | Act(P,R,Y):   1.9, -1.0, -1.6
[G04-W04] t=1.60s | Des(P,R,Y):  45.0,  0.0,  0.0 | Act(P,R,Y):  47.0, -1.3, -2.4
[G04-W06] t=1.40s | Des(P,R,Y):  45.0,  0.0,  0.0 | Act(P,R,Y):  37.2, -1.0, -2.3
[G04-W02] t=1.80s | Des(P,R,Y):  45.0,  0.0,  0.0 | Act(P,R,Y):  49.4, -0.6, -2.0
[G04-W05] t=1.60s | Des(P,R,Y):  45.0,  0.0,  0.0 | Act(P,R,Y):  45.7, -1.5, -2.5
[G04-W04] t=1.80s | Des(P,R,Y):  45.0,  0.0,  0.0 | Act(P,R,Y):  49.3, -0.5, -1.9
[G04-W03] t=1.40s | Des(P,R,Y):  45.0,  0.0,  0.0 | Act(P,R,Y):  34.9, -1.1, -2.6
[G04-W05] t=1.80s | Des(P,R,Y):  45.0,  0.0,  0.0 | Act(P,R,Y):  48.0, -0.8, -2.2
[G04-W02] t=2.00s | Des(P,R,Y):   0.0,  0.0,  0.0 | Act(P,R,Y):  46.3,  0.9, -0.6
[G04-W01] t=1.20s | Des(P,R,Y):  45.0,  0.0,  0.0 | Act(P,R,Y):  19.9, -1.4, -2.3
[G04-W06] t=1.60s | Des(P,R,Y):  45.0,  0.0,  0.0 | Act(P,R,Y):  43.2, -0.8, -2.3
[G04-W04] t=2.00s | Des(P,R,Y):   0.0,  0.0,  0.0 | Act(P,R,Y):  46.1,  1.1, -0.5
[G04-W05] t=2.00s | Des(P,R,Y):   0.0,  0.0,  0.0 | Act(P,R,Y):  45.2,  0.8, -0.9
[G04-W02] t=2.20s | Des(P,R,Y):   0.0,  0.0,  0.0 | Act(P,R,Y):  20.2,  1.7, -0.1
[G04-W04] t=2.20s | Des(P,R,Y):   0.0,  0.0,  0.0 | Act(P,R,Y):  17.1,  1.5, -0.3
[G04-W03] t=1.60s | Des(P,R,Y):  45.0,  0.0,  0.0 | Act(P,R,Y):  42.7, -0.4, -2.4
[G04-W05] t=2.20s | Des(P,R,Y):   0.0,  0.0,  0.0 | Act(P,R,Y):  18.6,  0.8, -1.0
[G04-W06] t=1.80s | Des(P,R,Y):  45.0,  0.0,  0.0 | Act(P,R,Y):  46.8, -0.3, -1.9
[G04-W01] t=1.40s | Des(P,R,Y):  45.0,  0.0,  0.0 | Act(P,R,Y):  32.2, -0.9, -2.2
[G04-W02] t=2.40s | Des(P,R,Y):   0.0,  0.0,  0.0 | Act(P,R,Y):   8.2,  0.6, -1.1
[G04-W04] t=2.40s | Des(P,R,Y):   0.0,  0.0,  0.0 | Act(P,R,Y):   8.0,  1.3, -0.8
[G04-W03] t=1.80s | Des(P,R,Y):  45.0,  0.0,  0.0 | Act(P,R,Y):  47.1, -0.0, -2.1
[G04-W05] t=2.40s | Des(P,R,Y):   0.0,  0.0,  0.0 | Act(P,R,Y):   9.5,  1.2, -0.9
[G04-W02] t=2.60s | Des(P,R,Y):   0.0,  0.0,  0.0 | Act(P,R,Y):   3.2,  1.0, -1.1
[G04-W06] t=2.00s | Des(P,R,Y):   0.0,  0.0,  0.0 | Act(P,R,Y):  44.6,  0.7, -1.0
[G04-W04] t=2.60s | Des(P,R,Y):   0.0,  0.0,  0.0 | Act(P,R,Y):   1.9,  0.4, -1.5
[G04-W01] t=1.60s | Des(P,R,Y):  45.0,  0.0,  0.0 | Act(P,R,Y):  40.6, -0.2, -1.9
[G04-W05] t=2.60s | Des(P,R,Y):   0.0,  0.0,  0.0 | Act(P,R,Y):   2.9,  0.2, -1.9
[G04-W06] t=2.20s | Des(P,R,Y):   0.0,  0.0,  0.0 | Act(P,R,Y):  22.4,  0.0, -1.4
[G04-W02] t=2.80s | Des(P,R,Y):   0.0,  0.0,  0.0 | Act(P,R,Y):   0.7,  0.1, -1.4
[G04-W03] t=2.00s | Des(P,R,Y):   0.0,  0.0,  0.0 | Act(P,R,Y):  45.7,  0.9, -1.4
[G04-W04] t=2.80s | Des(P,R,Y):   0.0,  0.0,  0.0 | Act(P,R,Y):   0.4,  0.3, -1.4
[G04-W05] t=2.80s | Des(P,R,Y):   0.0,  0.0,  0.0 | Act(P,R,Y):   0.4, -0.1, -2.0
[G04-W01] t=1.80s | Des(P,R,Y):  45.0,  0.0,  0.0 | Act(P,R,Y):  45.6,  0.4, -1.6
[G04-W06] t=2.40s | Des(P,R,Y):   0.0,  0.0,  0.0 | Act(P,R,Y):  12.4,  0.4, -1.2
[G04-W02] t=3.00s | Des(P,R,Y):   0.0, 35.0,  0.0 | Act(P,R,Y):  -0.6,  5.9, -1.9
[G04-W03] t=2.20s | Des(P,R,Y):   0.0,  0.0,  0.0 | Act(P,R,Y):  27.0,  0.5, -1.4
[G04-W04] t=3.00s | Des(P,R,Y):   0.0, 35.0,  0.0 | Act(P,R,Y):  -0.5,  6.0, -2.0
[G04-W05] t=3.00s | Des(P,R,Y):   0.0, 35.0,  0.0 | Act(P,R,Y):  -0.1,  5.4, -2.3
[G04-W06] t=2.60s | Des(P,R,Y):   0.0,  0.0,  0.0 | Act(P,R,Y):   5.6, -0.1, -1.6
[G04-W03] t=2.40s | Des(P,R,Y):   0.0,  0.0,  0.0 | Act(P,R,Y):  16.2,  0.3, -1.5
[G04-W02] t=3.20s | Des(P,R,Y):   0.0, 35.0,  0.0 | Act(P,R,Y):  -2.3, 25.1, -2.9
[G04-W01] t=2.00s | Des(P,R,Y):   0.0,  0.0,  0.0 | Act(P,R,Y):  44.7,  0.9, -1.0
[G04-W04] t=3.20s | Des(P,R,Y):   0.0, 35.0,  0.0 | Act(P,R,Y):  -2.1, 27.4, -3.1
[G04-W06] t=2.80s | Des(P,R,Y):   0.0,  0.0,  0.0 | Act(P,R,Y):   1.9, -0.3, -1.8
[G04-W05] t=3.20s | Des(P,R,Y):   0.0, 35.0,  0.0 | Act(P,R,Y):  -1.5, 24.3, -3.3
[G04-W02] t=3.40s | Des(P,R,Y):   0.0, 35.0,  0.0 | Act(P,R,Y):  -0.6, 33.2, -2.3
[G04-W03] t=2.60s | Des(P,R,Y):   0.0,  0.0,  0.0 | Act(P,R,Y):   8.9,  0.1, -1.7
[G04-W01] t=2.20s | Des(P,R,Y):   0.0,  0.0,  0.0 | Act(P,R,Y):  27.9,  0.6, -1.1
[G04-W04] t=3.40s | Des(P,R,Y):   0.0, 35.0,  0.0 | Act(P,R,Y):   0.3, 34.8, -1.9
[G04-W06] t=3.00s | Des(P,R,Y):   0.0, 35.0,  0.0 | Act(P,R,Y):   0.3,  3.9, -2.1
[G04-W05] t=3.40s | Des(P,R,Y):   0.0, 35.0,  0.0 | Act(P,R,Y):   0.1, 32.2, -2.9
[G04-W02] t=3.60s | Des(P,R,Y):   0.0, 35.0,  0.0 | Act(P,R,Y):   1.4, 36.7, -1.3
[G04-W03] t=2.80s | Des(P,R,Y):   0.0,  0.0,  0.0 | Act(P,R,Y):   4.0, -0.2, -1.9
[G04-W04] t=3.60s | Des(P,R,Y):   0.0, 35.0,  0.0 | Act(P,R,Y):   1.6, 36.9, -1.3
[G04-W01] t=2.40s | Des(P,R,Y):   0.0,  0.0,  0.0 | Act(P,R,Y):  17.3,  0.3, -1.2
[G04-W05] t=3.60s | Des(P,R,Y):   0.0, 35.0,  0.0 | Act(P,R,Y):   2.1, 35.6, -2.0
[G04-W06] t=3.20s | Des(P,R,Y):   0.0, 35.0,  0.0 | Act(P,R,Y):  -1.2, 19.7, -2.7
[G04-W02] t=3.80s | Des(P,R,Y):   0.0, 35.0,  0.0 | Act(P,R,Y):   2.5, 37.6, -1.0
[G04-W03] t=3.00s | Des(P,R,Y):   0.0, 35.0,  0.0 | Act(P,R,Y):   1.2,  3.2, -2.3
[G04-W04] t=3.80s | Des(P,R,Y):   0.0, 35.0,  0.0 | Act(P,R,Y):   2.3, 37.0, -1.3
[G04-W05] t=3.80s | Des(P,R,Y):   0.0, 35.0,  0.0 | Act(P,R,Y):   3.2, 36.6, -1.8
[G04-W01] t=2.60s | Des(P,R,Y):   0.0,  0.0,  0.0 | Act(P,R,Y):  10.2, -0.2, -1.3
[G04-W06] t=3.40s | Des(P,R,Y):   0.0, 35.0,  0.0 | Act(P,R,Y):  -0.4, 28.4, -2.7
[G04-W02] t=4.00s | Des(P,R,Y):   0.0,  0.0,  0.0 | Act(P,R,Y):   3.9, 32.3, -0.4
[G04-W04] t=4.00s | Des(P,R,Y):   0.0,  0.0,  0.0 | Act(P,R,Y):   4.1, 31.2, -0.5
[G04-W03] t=3.20s | Des(P,R,Y):   0.0, 35.0,  0.0 | Act(P,R,Y):  -0.7, 17.6, -2.8
[G04-W05] t=4.00s | Des(P,R,Y):   0.0,  0.0,  0.0 | Act(P,R,Y):   4.6, 31.6, -1.2
[G04-W06] t=3.60s | Des(P,R,Y):   0.0, 35.0,  0.0 | Act(P,R,Y):   0.9, 32.8, -2.2
[G04-W02] t=4.20s | Des(P,R,Y):   0.0,  0.0,  0.0 | Act(P,R,Y):   4.3, 12.8, -0.2
[G04-W04] t=4.20s | Des(P,R,Y):   0.0,  0.0,  0.0 | Act(P,R,Y):   4.1, 10.6, -0.4
[G04-W01] t=2.80s | Des(P,R,Y):   0.0,  0.0,  0.0 | Act(P,R,Y):   5.4, -0.5, -1.4
[G04-W03] t=3.40s | Des(P,R,Y):   0.0, 35.0,  0.0 | Act(P,R,Y):  -0.8, 26.3, -3.0
[G04-W05] t=4.20s | Des(P,R,Y):   0.0,  0.0,  0.0 | Act(P,R,Y):   4.9, 12.5, -1.2
[G04-W06] t=3.80s | Des(P,R,Y):   0.0, 35.0,  0.0 | Act(P,R,Y):   1.9, 35.0, -2.0
[G04-W02] t=4.40s | Des(P,R,Y):   0.0,  0.0,  0.0 | Act(P,R,Y):   2.4,  3.9, -0.8
[G04-W04] t=4.40s | Des(P,R,Y):   0.0,  0.0,  0.0 | Act(P,R,Y):   2.6,  2.9, -0.8
[G04-W03] t=3.60s | Des(P,R,Y):   0.0, 35.0,  0.0 | Act(P,R,Y):   0.5, 31.4, -2.5
[G04-W01] t=3.00s | Des(P,R,Y):   0.0, 35.0,  0.0 | Act(P,R,Y):   2.2,  2.4, -1.8
[G04-W05] t=4.40s | Des(P,R,Y):   0.0,  0.0,  0.0 | Act(P,R,Y):   3.1,  4.1, -1.6
[G04-W06] t=4.00s | Des(P,R,Y):   0.0,  0.0,  0.0 | Act(P,R,Y):   3.1, 31.8, -1.5
[G04-W02] t=4.60s | Des(P,R,Y):   0.0,  0.0,  0.0 | Act(P,R,Y):   0.5,  0.9, -1.0
[G04-W04] t=4.60s | Des(P,R,Y):   0.0,  0.0,  0.0 | Act(P,R,Y):   0.7,  0.4, -1.2
[G04-W03] t=3.80s | Des(P,R,Y):   0.0, 35.0,  0.0 | Act(P,R,Y):   1.6, 34.3, -2.3
[G04-W01] t=3.20s | Des(P,R,Y):   0.0, 35.0,  0.0 | Act(P,R,Y):   0.2, 16.1, -2.1
[G04-W06] t=4.20s | Des(P,R,Y):   0.0,  0.0,  0.0 | Act(P,R,Y):   3.7, 16.6, -1.4
[G04-W05] t=4.60s | Des(P,R,Y):   0.0,  0.0,  0.0 | Act(P,R,Y):   1.5,  1.2, -1.9
[G04-W04] t=4.80s | Des(P,R,Y):   0.0,  0.0,  0.0 | Act(P,R,Y):  -1.0, -0.5, -1.7
[G04-W02] t=4.80s | Des(P,R,Y):   0.0,  0.0,  0.0 | Act(P,R,Y):  -1.2, -0.5, -1.4
[G04-W03] t=4.00s | Des(P,R,Y):   0.0,  0.0,  0.0 | Act(P,R,Y):   2.9, 32.2, -1.7
[G04-W01] t=3.40s | Des(P,R,Y):   0.0, 35.0,  0.0 | Act(P,R,Y):  -0.6, 24.5, -2.6
[G04-W05] t=4.80s | Des(P,R,Y):   0.0,  0.0,  0.0 | Act(P,R,Y):  -0.1, -0.1, -2.2
[G04-W06] t=4.40s | Des(P,R,Y):   0.0,  0.0,  0.0 | Act(P,R,Y):   2.8,  8.3, -1.5
[G04-W02] t=5.00s | Des(P,R,Y):   0.0,  0.0, 50.0 | Act(P,R,Y):  -2.8, -5.2, -0.7
[G04-W04] t=5.00s | Des(P,R,Y):   0.0,  0.0, 50.0 | Act(P,R,Y):  -2.2, -5.1, -0.8
[G04-W03] t=4.20s | Des(P,R,Y):   0.0,  0.0,  0.0 | Act(P,R,Y):   3.3, 18.7, -1.7
[G04-W01] t=3.60s | Des(P,R,Y):   0.0, 35.0,  0.0 | Act(P,R,Y):   0.7, 30.3, -1.9
[G04-W05] t=5.00s | Des(P,R,Y):   0.0,  0.0, 50.0 | Act(P,R,Y):  -2.0, -4.7, -1.6
[G04-W06] t=4.60s | Des(P,R,Y):   0.0,  0.0,  0.0 | Act(P,R,Y):   1.5,  3.8, -1.8
[G04-W02] t=5.20s | Des(P,R,Y):   0.0,  0.0, 50.0 | Act(P,R,Y):  -4.5,-10.5, 23.0
[G04-W04] t=5.20s | Des(P,R,Y):   0.0,  0.0, 50.0 | Act(P,R,Y):  -5.2,-13.3, 23.3
[G04-W03] t=4.40s | Des(P,R,Y):   0.0,  0.0,  0.0 | Act(P,R,Y):   2.9, 10.9, -1.6
[G04-W01] t=3.80s | Des(P,R,Y):   0.0, 35.0,  0.0 | Act(P,R,Y):   1.4, 33.5, -1.7
[G04-W05] t=5.20s | Des(P,R,Y):   0.0,  0.0, 50.0 | Act(P,R,Y):  -2.3, -8.1, 22.9
[G04-W06] t=4.80s | Des(P,R,Y):   0.0,  0.0,  0.0 | Act(P,R,Y):   0.4,  1.5, -2.0
[G04-W02] t=5.40s | Des(P,R,Y):   0.0,  0.0, 50.0 | Act(P,R,Y):  -6.8,-12.2, 10.8
[G04-W04] t=5.40s | Des(P,R,Y):   0.0,  0.0, 50.0 | Act(P,R,Y):  -5.4,-12.4, 10.8
[G04-W03] t=4.60s | Des(P,R,Y):   0.0,  0.0,  0.0 | Act(P,R,Y):   1.7,  5.8, -1.8
[G04-W05] t=5.40s | Des(P,R,Y):   0.0,  0.0, 50.0 | Act(P,R,Y):  -5.7,-12.0, 10.9
[G04-W01] t=4.00s | Des(P,R,Y):   0.0,  0.0,  0.0 | Act(P,R,Y):   2.3, 32.2, -1.2
[G04-W06] t=5.00s | Des(P,R,Y):   0.0,  0.0, 50.0 | Act(P,R,Y):  -1.7, -3.0, -1.3
[G04-W04] t=5.60s | Des(P,R,Y):   0.0,  0.0, 50.0 | Act(P,R,Y):  -2.7,-12.2, 10.6
[G04-W02] t=5.60s | Des(P,R,Y):   0.0,  0.0, 50.0 | Act(P,R,Y):  -4.3, -8.3, 10.8
[G04-W03] t=4.80s | Des(P,R,Y):   0.0,  0.0,  0.0 | Act(P,R,Y):   0.3,  2.7, -2.0
[G04-W05] t=5.60s | Des(P,R,Y):   0.0,  0.0, 50.0 | Act(P,R,Y):  -3.4,-11.0, 10.7
[G04-W01] t=4.20s | Des(P,R,Y):   0.0,  0.0,  0.0 | Act(P,R,Y):   2.4, 19.8, -1.3
[G04-W06] t=5.20s | Des(P,R,Y):   0.0,  0.0, 50.0 | Act(P,R,Y):  -1.0, -3.5, 22.4
[G04-W02] t=5.80s | Des(P,R,Y):   0.0,  0.0, 50.0 | Act(P,R,Y):  -2.3,-12.0, 20.8
[G04-W04] t=5.80s | Des(P,R,Y):   0.0,  0.0, 50.0 | Act(P,R,Y):   0.4,-21.6, 21.0
[G04-W05] t=5.80s | Des(P,R,Y):   0.0,  0.0, 50.0 | Act(P,R,Y):  -2.0,-17.5, 20.8
[G04-W03] t=5.00s | Des(P,R,Y):   0.0,  0.0, 50.0 | Act(P,R,Y):  -2.0, -2.3, -1.3
[G04-W06] t=5.40s | Des(P,R,Y):   0.0,  0.0, 50.0 | Act(P,R,Y):  -5.1,-10.0, 10.9
[G04-W01] t=4.40s | Des(P,R,Y):   0.0,  0.0,  0.0 | Act(P,R,Y):   2.4, 12.8, -0.9
[G04-W02] t=6.00s | Des(P,R,Y):   0.0,  0.0,  0.0 | Act(P,R,Y):   8.0,-13.0, 36.0
[G04-W04] t=6.00s | Des(P,R,Y):   0.0,  0.0,  0.0 | Act(P,R,Y):   8.1,-21.1, 35.9
[Fixation Controller] Initialized 3-DOF Virtual Work tracking for Eyes.
Eval SUCCESS: G04-W02 | Kp=141.00, Ki=28.87, Kd=26.37 => Score=36.4
[Fixation Controller] Initialized 3-DOF Virtual Work tracking for Eyes.
Eval SUCCESS: G04-W04 | Kp=152.78, Ki=23.92, Kd=24.92 => Score=36.5
[G04-W05] t=6.00s | Des(P,R,Y):   0.0,  0.0,  0.0 | Act(P,R,Y):   8.6,-18.0, 35.9
[Fixation Controller] Initialized 3-DOF Virtual Work tracking for Eyes.
Eval SUCCESS: G04-W05 | Kp=143.50, Ki=5.97, Kd=27.86 => Score=37.1
[G04-W06] t=5.60s | Des(P,R,Y):   0.0,  0.0, 50.0 | Act(P,R,Y):  -4.3,-12.5, 10.6
[G04-W03] t=5.20s | Des(P,R,Y):   0.0,  0.0, 50.0 | Act(P,R,Y):  -0.8, -1.9, 22.1
[G04-W01] t=4.60s | Des(P,R,Y):   0.0,  0.0,  0.0 | Act(P,R,Y):   1.6,  7.7, -1.0
[G04-W06] t=5.80s | Des(P,R,Y):   0.0,  0.0, 50.0 | Act(P,R,Y):  -2.2,-20.8, 20.9
[G04-W03] t=5.40s | Des(P,R,Y):   0.0,  0.0, 50.0 | Act(P,R,Y):  -5.7,-10.3, 10.8
[G04-W06] t=6.00s | Des(P,R,Y):   0.0,  0.0,  0.0 | Act(P,R,Y):   7.5,-16.7, 35.5
[Fixation Controller] Initialized 3-DOF Virtual Work tracking for Eyes.
Eval SUCCESS: G04-W06 | Kp=153.05, Ki=6.73, Kd=44.26 => Score=38.7
[G04-W01] t=4.80s | Des(P,R,Y):   0.0,  0.0,  0.0 | Act(P,R,Y):   0.2,  4.0, -1.3
[G04-W03] t=5.60s | Des(P,R,Y):   0.0,  0.0, 50.0 | Act(P,R,Y):  -5.2,-11.6, 10.6
[G04-W03] t=5.80s | Des(P,R,Y):   0.0,  0.0, 50.0 | Act(P,R,Y):  -3.3,-17.8, 20.8
[G04-W01] t=5.00s | Des(P,R,Y):   0.0,  0.0, 50.0 | Act(P,R,Y):  -2.3, -0.6, -0.8
[G04-W03] t=6.00s | Des(P,R,Y):   0.0,  0.0,  0.0 | Act(P,R,Y):   6.4,-11.1, 35.3
[Fixation Controller] Initialized 3-DOF Virtual Work tracking for Eyes.
Eval SUCCESS: G04-W03 | Kp=132.14, Ki=11.84, Kd=46.16 => Score=41.3
[G04-W01] t=5.20s | Des(P,R,Y):   0.0,  0.0, 50.0 | Act(P,R,Y):  -1.6, -1.1, 20.8
[G04-W01] t=5.40s | Des(P,R,Y):   0.0,  0.0, 50.0 | Act(P,R,Y):  -4.4, -6.5, 10.8
[G04-W01] t=5.60s | Des(P,R,Y):   0.0,  0.0, 50.0 | Act(P,R,Y):  -3.9, -6.8, 10.7
[G04-W01] t=5.80s | Des(P,R,Y):   0.0,  0.0, 50.0 | Act(P,R,Y):  -2.1,-10.7, 20.8
[G04-W01] t=6.00s | Des(P,R,Y):   0.0,  0.0,  0.0 | Act(P,R,Y):   5.9, -4.2, 35.0
[Fixation Controller] Initialized 3-DOF Virtual Work tracking for Eyes.
Eval SUCCESS: G04-W01 | Kp=176.36, Ki=23.16, Kd=69.68 => Score=40.2
    4     24 3.638676208197577e+01 1.5e+00 1.56e+01  1e+01  2e+01 15:09.7  
Gen 4: Best Error = 36.39 | Kp=141.00, Ki=28.87, Kd=26.37

--- Generation 5 ---
Found simbody-visualizer, setting SIMBODY_HOME env var to  C:\Users\User\miniforge3\envs\opensim_env\Lib\opensim
Found simbody-visualizer, setting SIMBODY_HOME env var to  C:\Users\User\miniforge3\envs\opensim_env\Lib\opensim
Found simbody-visualizer, setting SIMBODY_HOME env var to  C:\Users\User\miniforge3\envs\opensim_env\Lib\opensim
Found simbody-visualizer, setting SIMBODY_HOME env var to  C:\Users\User\miniforge3\envs\opensim_env\Lib\opensim
Found simbody-visualizer, setting SIMBODY_HOME env var to  C:\Users\User\miniforge3\envs\opensim_env\Lib\opensim
Found simbody-visualizer, setting SIMBODY_HOME env var to  C:\Users\User\miniforge3\envs\opensim_env\Lib\opensim
[G05-W03] t=0.20s | Des(P,R,Y):   0.0,  0.0,  0.0 | Act(P,R,Y):  -1.6,  1.7, -1.4
[G05-W06] t=0.20s | Des(P,R,Y):   0.0,  0.0,  0.0 | Act(P,R,Y):  -0.8,  1.0, -1.2
[G05-W01] t=0.20s | Des(P,R,Y):   0.0,  0.0,  0.0 | Act(P,R,Y):   0.7,  1.1,  0.0
[G05-W05] t=0.20s | Des(P,R,Y):   0.0,  0.0,  0.0 | Act(P,R,Y):   0.4,  1.0, -0.4
[G05-W04] t=0.20s | Des(P,R,Y):   0.0,  0.0,  0.0 | Act(P,R,Y):  -1.1,  3.4, -0.9
[G05-W02] t=0.20s | Des(P,R,Y):   0.0,  0.0,  0.0 | Act(P,R,Y):  -1.9,  1.3, -1.5
[G05-W04] t=0.40s | Des(P,R,Y):   0.0,  0.0,  0.0 | Act(P,R,Y):  -2.5, -2.4, -4.6
[G05-W03] t=0.40s | Des(P,R,Y):   0.0,  0.0,  0.0 | Act(P,R,Y):  -1.6, -0.8, -2.5
[G05-W01] t=0.40s | Des(P,R,Y):   0.0,  0.0,  0.0 | Act(P,R,Y):  -1.5, -0.0, -1.6
[G05-W02] t=0.40s | Des(P,R,Y):   0.0,  0.0,  0.0 | Act(P,R,Y):  -1.0, -0.4, -2.0
[G05-W05] t=0.40s | Des(P,R,Y):   0.0,  0.0,  0.0 | Act(P,R,Y):  -1.8,  0.1, -1.7
[G05-W06] t=0.40s | Des(P,R,Y):   0.0,  0.0,  0.0 | Act(P,R,Y):  -1.8, -0.0, -1.9
[G05-W04] t=0.60s | Des(P,R,Y):   0.0,  0.0,  0.0 | Act(P,R,Y):   0.6,  1.9,  0.9
[G05-W03] t=0.60s | Des(P,R,Y):   0.0,  0.0,  0.0 | Act(P,R,Y):  -2.2, -0.1, -1.7
[G05-W06] t=0.60s | Des(P,R,Y):   0.0,  0.0,  0.0 | Act(P,R,Y):  -2.8, -1.3, -2.4
[G05-W02] t=0.60s | Des(P,R,Y):   0.0,  0.0,  0.0 | Act(P,R,Y):  -2.5, -0.6, -2.1
[G05-W05] t=0.60s | Des(P,R,Y):   0.0,  0.0,  0.0 | Act(P,R,Y):  -2.8, -0.7, -2.1
[G05-W01] t=0.60s | Des(P,R,Y):   0.0,  0.0,  0.0 | Act(P,R,Y):  -2.2, -0.4, -1.7
[G05-W04] t=0.80s | Des(P,R,Y):   0.0,  0.0,  0.0 | Act(P,R,Y):  -4.0, -2.7, -3.2
[G05-W03] t=0.80s | Des(P,R,Y):   0.0,  0.0,  0.0 | Act(P,R,Y):  -1.8, -0.5, -1.9
[G05-W06] t=0.80s | Des(P,R,Y):   0.0,  0.0,  0.0 | Act(P,R,Y):  -2.1, -0.8, -2.0
[G05-W05] t=0.80s | Des(P,R,Y):   0.0,  0.0,  0.0 | Act(P,R,Y):  -2.8, -0.8, -2.2
[G05-W02] t=0.80s | Des(P,R,Y):   0.0,  0.0,  0.0 | Act(P,R,Y):  -1.3, -0.2, -1.6
[G05-W01] t=0.80s | Des(P,R,Y):   0.0,  0.0,  0.0 | Act(P,R,Y):  -2.6, -0.8, -2.0
[G05-W04] t=1.00s | Des(P,R,Y):  45.0,  0.0,  0.0 | Act(P,R,Y):   7.6, -1.0, -2.0
[G05-W03] t=1.00s | Des(P,R,Y):  45.0,  0.0,  0.0 | Act(P,R,Y):   4.9, -1.3, -2.5
[G05-W06] t=1.00s | Des(P,R,Y):  45.0,  0.0,  0.0 | Act(P,R,Y):   7.3, -0.4, -2.2
[G05-W02] t=1.00s | Des(P,R,Y):  45.0,  0.0,  0.0 | Act(P,R,Y):   5.1, -1.0, -2.3
[G05-W05] t=1.00s | Des(P,R,Y):  45.0,  0.0,  0.0 | Act(P,R,Y):   4.4, -0.5, -2.4
[G05-W01] t=1.00s | Des(P,R,Y):  45.0,  0.0,  0.0 | Act(P,R,Y):   3.8, -0.6, -2.2
[G05-W04] t=1.20s | Des(P,R,Y):  45.0,  0.0,  0.0 | Act(P,R,Y):  50.6, -6.6, -6.2
[G05-W06] t=1.20s | Des(P,R,Y):  45.0,  0.0,  0.0 | Act(P,R,Y):  42.2, -0.6, -1.3
[G05-W03] t=1.20s | Des(P,R,Y):  45.0,  0.0,  0.0 | Act(P,R,Y):  46.2, -3.7, -3.4
[G05-W05] t=1.20s | Des(P,R,Y):  45.0,  0.0,  0.0 | Act(P,R,Y):  30.6, -0.8, -2.5
[G05-W01] t=1.20s | Des(P,R,Y):  45.0,  0.0,  0.0 | Act(P,R,Y):  27.3, -1.0, -2.3
[G05-W02] t=1.20s | Des(P,R,Y):  45.0,  0.0,  0.0 | Act(P,R,Y):  45.6, -3.1, -2.9
[G05-W06] t=1.40s | Des(P,R,Y):  45.0,  0.0,  0.0 | Act(P,R,Y):  45.3, -1.8, -2.6
[G05-W04] t=1.40s | Des(P,R,Y):  45.0,  0.0,  0.0 | Act(P,R,Y):  50.6,  2.3, -0.3
[G05-W03] t=1.40s | Des(P,R,Y):  45.0,  0.0,  0.0 | Act(P,R,Y):  47.6, -1.1, -2.0
[G05-W02] t=1.40s | Des(P,R,Y):  45.0,  0.0,  0.0 | Act(P,R,Y):  46.8, -1.4, -2.3
[G05-W01] t=1.40s | Des(P,R,Y):  45.0,  0.0,  0.0 | Act(P,R,Y):  38.8, -0.9, -2.1
[G05-W05] t=1.40s | Des(P,R,Y):  45.0,  0.0,  0.0 | Act(P,R,Y):  40.1, -1.3, -2.6
[G05-W06] t=1.60s | Des(P,R,Y):  45.0,  0.0,  0.0 | Act(P,R,Y):  48.1, -1.4, -2.4
[G05-W03] t=1.60s | Des(P,R,Y):  45.0,  0.0,  0.0 | Act(P,R,Y):  48.3, -1.0, -3.1
[G05-W04] t=1.60s | Des(P,R,Y):  45.0,  0.0,  0.0 | Act(P,R,Y):  49.6, -1.0, -4.6
[G05-W02] t=1.60s | Des(P,R,Y):  45.0,  0.0,  0.0 | Act(P,R,Y):  47.8, -0.9, -2.8
[G05-W06] t=1.80s | Des(P,R,Y):  45.0,  0.0,  0.0 | Act(P,R,Y):  50.3, -0.5, -1.9
[G05-W01] t=1.60s | Des(P,R,Y):  45.0,  0.0,  0.0 | Act(P,R,Y):  44.8, -1.2, -2.3
[G05-W05] t=1.60s | Des(P,R,Y):  45.0,  0.0,  0.0 | Act(P,R,Y):  44.9, -1.3, -2.7
[G05-W03] t=1.80s | Des(P,R,Y):  45.0,  0.0,  0.0 | Act(P,R,Y):  50.6,  0.5, -1.4
[G05-W02] t=1.80s | Des(P,R,Y):  45.0,  0.0,  0.0 | Act(P,R,Y):  50.0,  0.3, -1.6
[G05-W05] t=1.80s | Des(P,R,Y):  45.0,  0.0,  0.0 | Act(P,R,Y):  48.2, -0.8, -2.5
[G05-W01] t=1.80s | Des(P,R,Y):  45.0,  0.0,  0.0 | Act(P,R,Y):  48.5, -0.9, -2.1
[G05-W04] t=1.80s | Des(P,R,Y):  45.0,  0.0,  0.0 | Act(P,R,Y):  52.0,  0.8, -0.4
[G05-W06] t=2.00s | Des(P,R,Y):   0.0,  0.0,  0.0 | Act(P,R,Y):  46.8,  1.2, -0.4
[G05-W03] t=2.00s | Des(P,R,Y):   0.0,  0.0,  0.0 | Act(P,R,Y):  46.8,  1.6, -0.3
[G05-W02] t=2.00s | Des(P,R,Y):   0.0,  0.0,  0.0 | Act(P,R,Y):  46.3,  1.5, -0.5
[G05-W05] t=2.00s | Des(P,R,Y):   0.0,  0.0,  0.0 | Act(P,R,Y):  45.9,  0.5, -1.2
[G05-W01] t=2.00s | Des(P,R,Y):   0.0,  0.0,  0.0 | Act(P,R,Y):  46.9,  0.3, -1.0
[G05-W06] t=2.20s | Des(P,R,Y):   0.0,  0.0,  0.0 | Act(P,R,Y):  17.5,  2.7,  0.6
[G05-W04] t=2.00s | Des(P,R,Y):   0.0,  0.0,  0.0 | Act(P,R,Y):  47.6,  2.8, -0.7
[G05-W05] t=2.20s | Des(P,R,Y):   0.0,  0.0,  0.0 | Act(P,R,Y):  24.6,  1.3, -0.8
[G05-W03] t=2.20s | Des(P,R,Y):   0.0,  0.0,  0.0 | Act(P,R,Y):   9.8,  4.8,  1.5
[G05-W02] t=2.20s | Des(P,R,Y):   0.0,  0.0,  0.0 | Act(P,R,Y):   8.6,  4.2,  0.7
[G05-W01] t=2.20s | Des(P,R,Y):   0.0,  0.0,  0.0 | Act(P,R,Y):  28.4,  1.1, -0.3
[G05-W06] t=2.40s | Des(P,R,Y):   0.0,  0.0,  0.0 | Act(P,R,Y):   6.1,  0.8, -1.2
[G05-W04] t=2.20s | Des(P,R,Y):   0.0,  0.0,  0.0 | Act(P,R,Y):   6.0,  7.0,  4.1
[G05-W05] t=2.40s | Des(P,R,Y):   0.0,  0.0,  0.0 | Act(P,R,Y):  13.5,  1.2, -1.0
[G05-W02] t=2.40s | Des(P,R,Y):   0.0,  0.0,  0.0 | Act(P,R,Y):   2.7,  0.5, -2.9
[G05-W03] t=2.40s | Des(P,R,Y):   0.0,  0.0,  0.0 | Act(P,R,Y):   2.6,  1.1, -2.6
[G05-W06] t=2.60s | Des(P,R,Y):   0.0,  0.0,  0.0 | Act(P,R,Y):   2.1,  1.4, -0.9
[G05-W01] t=2.40s | Des(P,R,Y):   0.0,  0.0,  0.0 | Act(P,R,Y):  16.4,  0.9, -0.5
[G05-W04] t=2.40s | Des(P,R,Y):   0.0,  0.0,  0.0 | Act(P,R,Y):  -0.4, -1.8, -4.2
[G05-W02] t=2.60s | Des(P,R,Y):   0.0,  0.0,  0.0 | Act(P,R,Y):   3.5,  2.0, -0.8
[G05-W05] t=2.60s | Des(P,R,Y):   0.0,  0.0,  0.0 | Act(P,R,Y):   5.9,  0.5, -1.6
[G05-W06] t=2.80s | Des(P,R,Y):   0.0,  0.0,  0.0 | Act(P,R,Y):   0.3, -0.1, -1.6
[G05-W03] t=2.60s | Des(P,R,Y):   0.0,  0.0,  0.0 | Act(P,R,Y):   3.5,  2.5, -0.2
[G05-W01] t=2.60s | Des(P,R,Y):   0.0,  0.0,  0.0 | Act(P,R,Y):   7.8,  0.5, -0.8
[G05-W04] t=2.60s | Des(P,R,Y):   0.0,  0.0,  0.0 | Act(P,R,Y):   7.9,  3.3,  0.6
[G05-W02] t=2.80s | Des(P,R,Y):   0.0,  0.0,  0.0 | Act(P,R,Y):   1.5, -0.1, -2.1
[G05-W05] t=2.80s | Des(P,R,Y):   0.0,  0.0,  0.0 | Act(P,R,Y):   1.4, -0.0, -2.0
[G05-W06] t=3.00s | Des(P,R,Y):   0.0, 35.0,  0.0 | Act(P,R,Y):  -0.6,  6.8, -1.8
[G05-W03] t=2.80s | Des(P,R,Y):   0.0,  0.0,  0.0 | Act(P,R,Y):   1.0, -0.3, -2.0
[G05-W04] t=2.80s | Des(P,R,Y):   0.0,  0.0,  0.0 | Act(P,R,Y):   2.6, -1.5, -4.2
[G05-W01] t=2.80s | Des(P,R,Y):   0.0,  0.0,  0.0 | Act(P,R,Y):   2.5,  0.2, -1.0
[G05-W02] t=3.00s | Des(P,R,Y):   0.0, 35.0,  0.0 | Act(P,R,Y):   0.8,  8.0, -2.5
[G05-W04] t=3.00s | Des(P,R,Y):   0.0, 35.0,  0.0 | Act(P,R,Y):   1.7,  8.5, -1.6
[G05-W05] t=3.00s | Des(P,R,Y):   0.0, 35.0,  0.0 | Act(P,R,Y):  -0.5,  4.3, -2.4
[G05-W03] t=3.00s | Des(P,R,Y):   0.0, 35.0,  0.0 | Act(P,R,Y):  -0.4,  8.2, -2.4
[G05-W06] t=3.20s | Des(P,R,Y):   0.0, 35.0,  0.0 | Act(P,R,Y):  -3.0, 28.2, -3.4
[G05-W01] t=3.00s | Des(P,R,Y):   0.0, 35.0,  0.0 | Act(P,R,Y):  -0.6,  4.0, -1.4
[G05-W02] t=3.20s | Des(P,R,Y):   0.0, 35.0,  0.0 | Act(P,R,Y):  -2.9, 34.1, -4.1
[G05-W04] t=3.20s | Des(P,R,Y):   0.0, 35.0,  0.0 | Act(P,R,Y):  -9.5, 36.0, -5.3
[G05-W03] t=3.20s | Des(P,R,Y):   0.0, 35.0,  0.0 | Act(P,R,Y):  -4.4, 34.1, -4.0
[G05-W05] t=3.20s | Des(P,R,Y):   0.0, 35.0,  0.0 | Act(P,R,Y):  -1.9, 21.2, -3.1
[G05-W06] t=3.40s | Des(P,R,Y):   0.0, 35.0,  0.0 | Act(P,R,Y):  -0.2, 35.6, -2.1
[G05-W01] t=3.20s | Des(P,R,Y):   0.0, 35.0,  0.0 | Act(P,R,Y):  -2.7, 19.7, -2.0
[G05-W04] t=3.40s | Des(P,R,Y):   0.0, 35.0,  0.0 | Act(P,R,Y):   1.4, 37.8, -0.1
[G05-W02] t=3.40s | Des(P,R,Y):   0.0, 35.0,  0.0 | Act(P,R,Y):   2.3, 36.6, -2.2
[G05-W03] t=3.40s | Des(P,R,Y):   0.0, 35.0,  0.0 | Act(P,R,Y):   1.6, 37.2, -1.8
[G05-W05] t=3.40s | Des(P,R,Y):   0.0, 35.0,  0.0 | Act(P,R,Y):  -1.2, 30.1, -3.0
[G05-W06] t=3.60s | Des(P,R,Y):   0.0, 35.0,  0.0 | Act(P,R,Y):   1.9, 38.1, -0.8
[G05-W01] t=3.40s | Des(P,R,Y):   0.0, 35.0,  0.0 | Act(P,R,Y):  -2.4, 29.0, -2.0
[G05-W04] t=3.60s | Des(P,R,Y):   0.0, 35.0,  0.0 | Act(P,R,Y):   1.0, 38.6, -1.2
[G05-W02] t=3.60s | Des(P,R,Y):   0.0, 35.0,  0.0 | Act(P,R,Y):   3.2, 37.8, -1.4
[G05-W03] t=3.60s | Des(P,R,Y):   0.0, 35.0,  0.0 | Act(P,R,Y):   2.7, 38.1, -1.0
[G05-W05] t=3.60s | Des(P,R,Y):   0.0, 35.0,  0.0 | Act(P,R,Y):   1.0, 34.5, -2.2
[G05-W06] t=3.80s | Des(P,R,Y):   0.0, 35.0,  0.0 | Act(P,R,Y):   2.5, 37.9, -0.8
[G05-W04] t=3.80s | Des(P,R,Y):   0.0, 35.0,  0.0 | Act(P,R,Y):   3.1, 37.0, -2.0
[G05-W01] t=3.60s | Des(P,R,Y):   0.0, 35.0,  0.0 | Act(P,R,Y):  -0.9, 34.2, -1.5
[G05-W02] t=3.80s | Des(P,R,Y):   0.0, 35.0,  0.0 | Act(P,R,Y):   3.8, 36.8, -1.8
[G05-W03] t=3.80s | Des(P,R,Y):   0.0, 35.0,  0.0 | Act(P,R,Y):   3.2, 37.4, -1.3
[G05-W05] t=3.80s | Des(P,R,Y):   0.0, 35.0,  0.0 | Act(P,R,Y):   2.0, 36.0, -2.0
[G05-W06] t=4.00s | Des(P,R,Y):   0.0,  0.0,  0.0 | Act(P,R,Y):   4.3, 31.5, -0.0
[G05-W04] t=4.00s | Des(P,R,Y):   0.0,  0.0,  0.0 | Act(P,R,Y):   8.1, 29.2, -0.3
[G05-W01] t=3.80s | Des(P,R,Y):   0.0, 35.0,  0.0 | Act(P,R,Y):   0.2, 36.7, -1.1
[G05-W02] t=4.00s | Des(P,R,Y):   0.0,  0.0,  0.0 | Act(P,R,Y):   6.1, 28.4, -0.7
[G05-W03] t=4.00s | Des(P,R,Y):   0.0,  0.0,  0.0 | Act(P,R,Y):   5.5, 29.5, -0.1
[G05-W05] t=4.00s | Des(P,R,Y):   0.0,  0.0,  0.0 | Act(P,R,Y):   3.7, 32.2, -1.4
[G05-W06] t=4.20s | Des(P,R,Y):   0.0,  0.0,  0.0 | Act(P,R,Y):   4.4,  9.8,  0.3
[G05-W04] t=4.20s | Des(P,R,Y):   0.0,  0.0,  0.0 | Act(P,R,Y):   4.9, -0.0,  0.6
[G05-W01] t=4.00s | Des(P,R,Y):   0.0,  0.0,  0.0 | Act(P,R,Y):   1.7, 33.8, -0.5
[G05-W03] t=4.20s | Des(P,R,Y):   0.0,  0.0,  0.0 | Act(P,R,Y):   4.0,  3.5,  0.4
[G05-W02] t=4.20s | Des(P,R,Y):   0.0,  0.0,  0.0 | Act(P,R,Y):   4.5,  3.3, -0.5
[G05-W05] t=4.20s | Des(P,R,Y):   0.0,  0.0,  0.0 | Act(P,R,Y):   4.8, 16.0, -1.0
[G05-W06] t=4.40s | Des(P,R,Y):   0.0,  0.0,  0.0 | Act(P,R,Y):   2.5,  2.2, -0.2
[G05-W04] t=4.40s | Des(P,R,Y):   0.0,  0.0,  0.0 | Act(P,R,Y):   1.0, -1.4, -2.2
[G05-W01] t=4.20s | Des(P,R,Y):   0.0,  0.0,  0.0 | Act(P,R,Y):   3.1, 19.2, -0.1
[G05-W03] t=4.40s | Des(P,R,Y):   0.0,  0.0,  0.0 | Act(P,R,Y):   3.2,  0.0, -0.5
[G05-W05] t=4.40s | Des(P,R,Y):   0.0,  0.0,  0.0 | Act(P,R,Y):   3.3,  7.1, -1.3
[G05-W02] t=4.40s | Des(P,R,Y):   0.0,  0.0,  0.0 | Act(P,R,Y):   3.6,  0.5, -0.9
[G05-W06] t=4.60s | Des(P,R,Y):   0.0,  0.0,  0.0 | Act(P,R,Y):  -1.5, -1.0, -1.6
[G05-W04] t=4.60s | Des(P,R,Y):   0.0,  0.0,  0.0 | Act(P,R,Y):  -2.3, -1.0, -2.7
[G05-W01] t=4.40s | Des(P,R,Y):   0.0,  0.0,  0.0 | Act(P,R,Y):   2.1, 10.1, -0.2
[G05-W03] t=4.60s | Des(P,R,Y):   0.0,  0.0,  0.0 | Act(P,R,Y):  -2.9, -2.3, -2.8
[G05-W02] t=4.60s | Des(P,R,Y):   0.0,  0.0,  0.0 | Act(P,R,Y):  -1.9, -2.3, -3.4
[G05-W05] t=4.60s | Des(P,R,Y):   0.0,  0.0,  0.0 | Act(P,R,Y):   1.6,  2.9, -1.6
[G05-W06] t=4.80s | Des(P,R,Y):   0.0,  0.0,  0.0 | Act(P,R,Y):  -2.1, -1.1, -1.5
[G05-W04] t=4.80s | Des(P,R,Y):   0.0,  0.0,  0.0 | Act(P,R,Y):  -1.8, -1.7, -2.6
[G05-W03] t=4.80s | Des(P,R,Y):   0.0,  0.0,  0.0 | Act(P,R,Y):  -1.8, -0.7, -1.6
[G05-W01] t=4.60s | Des(P,R,Y):   0.0,  0.0,  0.0 | Act(P,R,Y):   0.6,  4.7, -0.5
[G05-W02] t=4.80s | Des(P,R,Y):   0.0,  0.0,  0.0 | Act(P,R,Y):  -0.9, -0.6, -2.1
[G05-W05] t=4.80s | Des(P,R,Y):   0.0,  0.0,  0.0 | Act(P,R,Y):   0.0,  0.7, -1.9
[G05-W06] t=5.00s | Des(P,R,Y):   0.0,  0.0, 50.0 | Act(P,R,Y):  -3.7, -6.2, -0.7
[G05-W04] t=5.00s | Des(P,R,Y):   0.0,  0.0, 50.0 | Act(P,R,Y):  -5.2, -6.5, -2.2
[G05-W03] t=5.00s | Des(P,R,Y):   0.0,  0.0, 50.0 | Act(P,R,Y):  -4.5, -6.5, -1.5
[G05-W02] t=5.00s | Des(P,R,Y):   0.0,  0.0, 50.0 | Act(P,R,Y):  -3.3, -6.3, -1.8
[G05-W01] t=4.80s | Des(P,R,Y):   0.0,  0.0,  0.0 | Act(P,R,Y):  -0.9,  1.5, -0.8
[G05-W05] t=5.00s | Des(P,R,Y):   0.0,  0.0, 50.0 | Act(P,R,Y):  -2.1, -4.2, -1.3
[G05-W06] t=5.20s | Des(P,R,Y):   0.0,  0.0, 50.0 | Act(P,R,Y): -10.5,-18.2, 23.4
[G05-W04] t=5.20s | Des(P,R,Y):   0.0,  0.0, 50.0 | Act(P,R,Y): -18.8,-31.7, 23.8
[G05-W03] t=5.20s | Des(P,R,Y):   0.0,  0.0, 50.0 | Act(P,R,Y): -19.0,-32.8, 23.9
[G05-W02] t=5.20s | Des(P,R,Y):   0.0,  0.0, 50.0 | Act(P,R,Y): -18.1,-31.9, 23.9
[G05-W01] t=5.00s | Des(P,R,Y):   0.0,  0.0, 50.0 | Act(P,R,Y):  -3.3, -3.9, -0.1
[G05-W04] t=5.40s | Des(P,R,Y):   0.0,  0.0, 50.0 | Act(P,R,Y):   0.4,-31.2, 10.4
[G05-W05] t=5.20s | Des(P,R,Y):   0.0,  0.0, 50.0 | Act(P,R,Y):  -1.3, -6.2, 22.5
[G05-W06] t=5.40s | Des(P,R,Y):   0.0,  0.0, 50.0 | Act(P,R,Y):  -5.4,-12.2, 10.7
[G05-W03] t=5.40s | Des(P,R,Y):   0.0,  0.0, 50.0 | Act(P,R,Y):  -2.1,-31.2, 10.1
[G05-W02] t=5.40s | Des(P,R,Y):   0.0,  0.0, 50.0 | Act(P,R,Y):  -0.7,-30.6, 10.1
[G05-W04] t=5.60s | Des(P,R,Y):   0.0,  0.0, 50.0 | Act(P,R,Y):  -3.1,-31.5, 10.7
[G05-W01] t=5.20s | Des(P,R,Y):   0.0,  0.0, 50.0 | Act(P,R,Y):  -2.4, -5.1, 22.4
[G05-W05] t=5.40s | Des(P,R,Y):   0.0,  0.0, 50.0 | Act(P,R,Y):  -6.5,-12.8, 10.9
[G05-W06] t=5.60s | Des(P,R,Y):   0.0,  0.0, 50.0 | Act(P,R,Y):  -3.1, -7.5, 10.8
[G05-W03] t=5.60s | Des(P,R,Y):   0.0,  0.0, 50.0 | Act(P,R,Y):  -4.4,-33.8, 10.7
[G05-W04] t=5.80s | Des(P,R,Y):   0.0,  0.0, 50.0 | Act(P,R,Y):  -0.7,-33.9, 20.7
[G05-W02] t=5.60s | Des(P,R,Y):   0.0,  0.0, 50.0 | Act(P,R,Y):  -4.4,-32.6, 10.7
[G05-W06] t=5.80s | Des(P,R,Y):   0.0,  0.0, 50.0 | Act(P,R,Y):  -1.3,-12.0, 20.8
[G05-W01] t=5.40s | Des(P,R,Y):   0.0,  0.0, 50.0 | Act(P,R,Y):  -7.4,-12.2, 10.8
[G05-W05] t=5.60s | Des(P,R,Y):   0.0,  0.0, 50.0 | Act(P,R,Y):  -5.5,-12.6, 10.6
[G05-W03] t=5.80s | Des(P,R,Y):   0.0,  0.0, 50.0 | Act(P,R,Y):  -1.6,-33.5, 20.8
[G05-W02] t=5.80s | Des(P,R,Y):   0.0,  0.0, 50.0 | Act(P,R,Y):  -0.1,-33.3, 20.8
[G05-W04] t=6.00s | Des(P,R,Y):   0.0,  0.0,  0.0 | Act(P,R,Y):  11.2,-26.7, 35.8
[Fixation Controller] Initialized 3-DOF Virtual Work tracking for Eyes.
Eval SUCCESS: G05-W04 | Kp=151.30, Ki=11.80, Kd=6.84 => Score=45.5
[G05-W05] t=5.80s | Des(P,R,Y):   0.0,  0.0, 50.0 | Act(P,R,Y):  -1.3,-18.7, 20.9
[G05-W06] t=6.00s | Des(P,R,Y):   0.0,  0.0,  0.0 | Act(P,R,Y):   8.6,-13.7, 36.0
[Fixation Controller] Initialized 3-DOF Virtual Work tracking for Eyes.
Eval SUCCESS: G05-W06 | Kp=139.30, Ki=34.12, Kd=19.96 => Score=36.3
[G05-W03] t=6.00s | Des(P,R,Y):   0.0,  0.0,  0.0 | Act(P,R,Y):  10.4,-26.3, 35.8
[Fixation Controller] Initialized 3-DOF Virtual Work tracking for Eyes.
Eval SUCCESS: G05-W03 | Kp=143.53, Ki=24.47, Kd=11.56 => Score=43.2
[G05-W01] t=5.60s | Des(P,R,Y):   0.0,  0.0, 50.0 | Act(P,R,Y):  -6.2,-10.8, 10.8
[G05-W02] t=6.00s | Des(P,R,Y):   0.0,  0.0,  0.0 | Act(P,R,Y):  10.5,-26.6, 35.8
[Fixation Controller] Initialized 3-DOF Virtual Work tracking for Eyes.
Eval SUCCESS: G05-W02 | Kp=156.31, Ki=6.83, Kd=12.79 => Score=42.1
[G05-W05] t=6.00s | Des(P,R,Y):   0.0,  0.0,  0.0 | Act(P,R,Y):   7.1,-18.2, 35.8
[Fixation Controller] Initialized 3-DOF Virtual Work tracking for Eyes.
Eval SUCCESS: G05-W05 | Kp=126.34, Ki=13.08, Kd=31.69 => Score=39.7
[G05-W01] t=5.80s | Des(P,R,Y):   0.0,  0.0, 50.0 | Act(P,R,Y):  -3.4,-17.9, 20.9
[G05-W01] t=6.00s | Des(P,R,Y):   0.0,  0.0,  0.0 | Act(P,R,Y):   5.7,-19.1, 35.8
[Fixation Controller] Initialized 3-DOF Virtual Work tracking for Eyes.
Eval SUCCESS: G05-W01 | Kp=126.79, Ki=43.26, Kd=38.75 => Score=40.2
    5     30 3.631859199303673e+01 1.7e+00 1.53e+01  1e+01  2e+01 19:18.5  
Gen 5: Best Error = 36.32 | Kp=139.30, Ki=34.12, Kd=19.96

--- Generation 6 ---
Found simbody-visualizer, setting SIMBODY_HOME env var to  C:\Users\User\miniforge3\envs\opensim_env\Lib\opensim
Found simbody-visualizer, setting SIMBODY_HOME env var to  C:\Users\User\miniforge3\envs\opensim_env\Lib\opensim
Found simbody-visualizer, setting SIMBODY_HOME env var to  C:\Users\User\miniforge3\envs\opensim_env\Lib\opensim
Found simbody-visualizer, setting SIMBODY_HOME env var to  C:\Users\User\miniforge3\envs\opensim_env\Lib\opensim
Found simbody-visualizer, setting SIMBODY_HOME env var to  C:\Users\User\miniforge3\envs\opensim_env\Lib\opensim
Found simbody-visualizer, setting SIMBODY_HOME env var to  C:\Users\User\miniforge3\envs\opensim_env\Lib\opensim
[G06-W01] t=0.20s | Des(P,R,Y):   0.0,  0.0,  0.0 | Act(P,R,Y):   0.5,  1.0, -0.2
[G06-W03] t=0.20s | Des(P,R,Y):   0.0,  0.0,  0.0 | Act(P,R,Y):   0.0,  0.8, -0.6
[G06-W05] t=0.20s | Des(P,R,Y):   0.0,  0.0,  0.0 | Act(P,R,Y):  -1.2,  2.4, -1.1
[G06-W02] t=0.20s | Des(P,R,Y):   0.0,  0.0,  0.0 | Act(P,R,Y):  -0.3,  1.3, -1.0
[G06-W06] t=0.20s | Des(P,R,Y):   0.0,  0.0,  0.0 | Act(P,R,Y):   0.2,  1.2, -0.7
[G06-W04] t=0.20s | Des(P,R,Y):   0.0,  0.0,  0.0 | Act(P,R,Y):  -0.4,  0.7, -0.9
[G06-W05] t=0.40s | Des(P,R,Y):   0.0,  0.0,  0.0 | Act(P,R,Y):  -2.8, -1.4, -3.5
[G06-W03] t=0.40s | Des(P,R,Y):   0.0,  0.0,  0.0 | Act(P,R,Y):  -1.8,  0.0, -1.7
[G06-W02] t=0.40s | Des(P,R,Y):   0.0,  0.0,  0.0 | Act(P,R,Y):  -2.0, -0.0, -2.2
[G06-W01] t=0.40s | Des(P,R,Y):   0.0,  0.0,  0.0 | Act(P,R,Y):  -1.6,  0.1, -1.5
[G06-W04] t=0.40s | Des(P,R,Y):   0.0,  0.0,  0.0 | Act(P,R,Y):  -2.1, -0.2, -1.8
[G06-W06] t=0.40s | Des(P,R,Y):   0.0,  0.0,  0.0 | Act(P,R,Y):  -2.2,  0.0, -2.2
[G06-W02] t=0.60s | Des(P,R,Y):   0.0,  0.0,  0.0 | Act(P,R,Y):  -3.4, -1.4, -2.8
[G06-W05] t=0.60s | Des(P,R,Y):   0.0,  0.0,  0.0 | Act(P,R,Y):  -1.0,  1.0, -0.8
[G06-W03] t=0.60s | Des(P,R,Y):   0.0,  0.0,  0.0 | Act(P,R,Y):  -2.7, -0.8, -2.1
[G06-W01] t=0.60s | Des(P,R,Y):   0.0,  0.0,  0.0 | Act(P,R,Y):  -2.5, -0.7, -1.9
[G06-W04] t=0.60s | Des(P,R,Y):   0.0,  0.0,  0.0 | Act(P,R,Y):  -2.6, -0.9, -2.0
[G06-W06] t=0.60s | Des(P,R,Y):   0.0,  0.0,  0.0 | Act(P,R,Y):  -3.2, -0.8, -2.4
[G06-W05] t=0.80s | Des(P,R,Y):   0.0,  0.0,  0.0 | Act(P,R,Y):  -2.4, -1.2, -2.4
[G06-W02] t=0.80s | Des(P,R,Y):   0.0,  0.0,  0.0 | Act(P,R,Y):  -2.6, -0.9, -2.4
[G06-W03] t=0.80s | Des(P,R,Y):   0.0,  0.0,  0.0 | Act(P,R,Y):  -2.5, -0.7, -2.0
[G06-W01] t=0.80s | Des(P,R,Y):   0.0,  0.0,  0.0 | Act(P,R,Y):  -2.6, -0.7, -2.1
[G06-W04] t=0.80s | Des(P,R,Y):   0.0,  0.0,  0.0 | Act(P,R,Y):  -2.2, -0.8, -1.8
[G06-W06] t=0.80s | Des(P,R,Y):   0.0,  0.0,  0.0 | Act(P,R,Y):  -3.0, -1.0, -2.4
[G06-W05] t=1.00s | Des(P,R,Y):  45.0,  0.0,  0.0 | Act(P,R,Y):   4.7, -0.5, -2.5
[G06-W02] t=1.00s | Des(P,R,Y):  45.0,  0.0,  0.0 | Act(P,R,Y):   6.4, -0.4, -2.4
[G06-W03] t=1.00s | Des(P,R,Y):  45.0,  0.0,  0.0 | Act(P,R,Y):   5.7, -0.3, -2.3
[G06-W01] t=1.00s | Des(P,R,Y):  45.0,  0.0,  0.0 | Act(P,R,Y):   4.3, -0.5, -2.3
[G06-W04] t=1.00s | Des(P,R,Y):  45.0,  0.0,  0.0 | Act(P,R,Y):   6.6, -0.4, -2.0
[G06-W06] t=1.00s | Des(P,R,Y):  45.0,  0.0,  0.0 | Act(P,R,Y):   4.5, -0.6, -2.6
[G06-W02] t=1.20s | Des(P,R,Y):  45.0,  0.0,  0.0 | Act(P,R,Y):  40.3, -0.9, -1.9
[G06-W05] t=1.20s | Des(P,R,Y):  45.0,  0.0,  0.0 | Act(P,R,Y):  47.2, -4.5, -4.4
[G06-W01] t=1.20s | Des(P,R,Y):  45.0,  0.0,  0.0 | Act(P,R,Y):  29.6, -0.7, -2.3
[G06-W04] t=1.20s | Des(P,R,Y):  45.0,  0.0,  0.0 | Act(P,R,Y):  38.2, -0.7, -1.5
[G06-W03] t=1.20s | Des(P,R,Y):  45.0,  0.0,  0.0 | Act(P,R,Y):  33.5, -0.8, -2.2
[G06-W06] t=1.20s | Des(P,R,Y):  45.0,  0.0,  0.0 | Act(P,R,Y):  34.2, -1.0, -2.5
[G06-W02] t=1.40s | Des(P,R,Y):  45.0,  0.0,  0.0 | Act(P,R,Y):  44.9, -2.3, -2.9
[G06-W04] t=1.40s | Des(P,R,Y):  45.0,  0.0,  0.0 | Act(P,R,Y):  44.0, -1.6, -2.2
[G06-W05] t=1.40s | Des(P,R,Y):  45.0,  0.0,  0.0 | Act(P,R,Y):  48.1, -1.0, -1.9
[G06-W01] t=1.40s | Des(P,R,Y):  45.0,  0.0,  0.0 | Act(P,R,Y):  39.5, -1.2, -2.4
[G06-W06] t=1.40s | Des(P,R,Y):  45.0,  0.0,  0.0 | Act(P,R,Y):  41.7, -1.6, -2.6
[G06-W03] t=1.40s | Des(P,R,Y):  45.0,  0.0,  0.0 | Act(P,R,Y):  41.5, -1.2, -2.4
[G06-W04] t=1.60s | Des(P,R,Y):  45.0,  0.0,  0.0 | Act(P,R,Y):  47.5, -1.3, -2.1
[G06-W02] t=1.60s | Des(P,R,Y):  45.0,  0.0,  0.0 | Act(P,R,Y):  48.2, -1.7, -2.8
[G06-W05] t=1.60s | Des(P,R,Y):  45.0,  0.0,  0.0 | Act(P,R,Y):  48.5, -0.8, -3.6
[G06-W04] t=1.80s | Des(P,R,Y):  45.0,  0.0,  0.0 | Act(P,R,Y):  49.8, -0.5, -1.7
[G06-W03] t=1.60s | Des(P,R,Y):  45.0,  0.0,  0.0 | Act(P,R,Y):  45.2, -1.3, -2.6
[G06-W06] t=1.60s | Des(P,R,Y):  45.0,  0.0,  0.0 | Act(P,R,Y):  46.5, -1.8, -2.8
[G06-W02] t=1.80s | Des(P,R,Y):  45.0,  0.0,  0.0 | Act(P,R,Y):  50.7, -0.7, -2.2
[G06-W01] t=1.60s | Des(P,R,Y):  45.0,  0.0,  0.0 | Act(P,R,Y):  44.6, -1.3, -2.5
[G06-W03] t=1.80s | Des(P,R,Y):  45.0,  0.0,  0.0 | Act(P,R,Y):  47.8, -0.7, -2.3
[G06-W06] t=1.80s | Des(P,R,Y):  45.0,  0.0,  0.0 | Act(P,R,Y):  49.6, -1.0, -2.4
[G06-W05] t=1.80s | Des(P,R,Y):  45.0,  0.0,  0.0 | Act(P,R,Y):  50.8,  0.6, -1.8
[G06-W04] t=2.00s | Des(P,R,Y):   0.0,  0.0,  0.0 | Act(P,R,Y):  46.5,  1.1, -0.3
[G06-W01] t=1.80s | Des(P,R,Y):  45.0,  0.0,  0.0 | Act(P,R,Y):  47.7, -0.8, -2.2
[G06-W02] t=2.00s | Des(P,R,Y):   0.0,  0.0,  0.0 | Act(P,R,Y):  47.3,  1.1, -0.7
[G06-W03] t=2.00s | Des(P,R,Y):   0.0,  0.0,  0.0 | Act(P,R,Y):  45.1,  0.7, -1.1
[G06-W06] t=2.00s | Des(P,R,Y):   0.0,  0.0,  0.0 | Act(P,R,Y):  47.0,  0.7, -1.1
[G06-W04] t=2.20s | Des(P,R,Y):   0.0,  0.0,  0.0 | Act(P,R,Y):  18.8,  1.6,  0.1
[G06-W01] t=2.00s | Des(P,R,Y):   0.0,  0.0,  0.0 | Act(P,R,Y):  45.5,  0.4, -1.1
[G06-W05] t=2.00s | Des(P,R,Y):   0.0,  0.0,  0.0 | Act(P,R,Y):  47.1,  2.3, -0.7
[G06-W02] t=2.20s | Des(P,R,Y):   0.0,  0.0,  0.0 | Act(P,R,Y):  22.9,  3.8,  1.4
[G06-W03] t=2.20s | Des(P,R,Y):   0.0,  0.0,  0.0 | Act(P,R,Y):  19.6,  0.8, -1.2
[G06-W06] t=2.20s | Des(P,R,Y):   0.0,  0.0,  0.0 | Act(P,R,Y):  26.0,  2.4,  0.4
[G06-W01] t=2.20s | Des(P,R,Y):   0.0,  0.0,  0.0 | Act(P,R,Y):  24.3,  0.9, -0.8
[G06-W04] t=2.40s | Des(P,R,Y):   0.0,  0.0,  0.0 | Act(P,R,Y):   8.0,  1.1, -0.5
[G06-W05] t=2.20s | Des(P,R,Y):   0.0,  0.0,  0.0 | Act(P,R,Y):   9.9,  5.0,  1.5
[G06-W02] t=2.40s | Des(P,R,Y):   0.0,  0.0,  0.0 | Act(P,R,Y):   7.3,  0.5, -1.2
[G06-W03] t=2.40s | Des(P,R,Y):   0.0,  0.0,  0.0 | Act(P,R,Y):   8.8,  0.3, -1.8
[G06-W06] t=2.40s | Des(P,R,Y):   0.0,  0.0,  0.0 | Act(P,R,Y):  12.1,  1.1, -0.7
[G06-W01] t=2.40s | Des(P,R,Y):   0.0,  0.0,  0.0 | Act(P,R,Y):  13.3,  1.0, -0.9
[G06-W04] t=2.60s | Des(P,R,Y):   0.0,  0.0,  0.0 | Act(P,R,Y):   1.8,  0.6, -1.1
[G06-W02] t=2.60s | Des(P,R,Y):   0.0,  0.0,  0.0 | Act(P,R,Y):   3.3,  2.0, -0.5
[G06-W05] t=2.40s | Des(P,R,Y):   0.0,  0.0,  0.0 | Act(P,R,Y):   4.9,  1.1, -2.5
[G06-W03] t=2.60s | Des(P,R,Y):   0.0,  0.0,  0.0 | Act(P,R,Y):   4.6,  0.8, -1.5
[G06-W06] t=2.60s | Des(P,R,Y):   0.0,  0.0,  0.0 | Act(P,R,Y):   4.5,  1.0, -1.1
[G06-W01] t=2.60s | Des(P,R,Y):   0.0,  0.0,  0.0 | Act(P,R,Y):   6.0,  0.5, -1.3
[G06-W04] t=2.80s | Des(P,R,Y):   0.0,  0.0,  0.0 | Act(P,R,Y):  -0.0,  0.3, -1.0
[G06-W02] t=2.80s | Des(P,R,Y):   0.0,  0.0,  0.0 | Act(P,R,Y):  -1.0, -0.3, -1.8
[G06-W05] t=2.60s | Des(P,R,Y):   0.0,  0.0,  0.0 | Act(P,R,Y):   3.4,  2.1, -1.1
[G06-W03] t=2.80s | Des(P,R,Y):   0.0,  0.0,  0.0 | Act(P,R,Y):   1.7,  0.0, -2.1
[G06-W06] t=2.80s | Des(P,R,Y):   0.0,  0.0,  0.0 | Act(P,R,Y):  -0.0,  0.1, -1.4
[G06-W01] t=2.80s | Des(P,R,Y):   0.0,  0.0,  0.0 | Act(P,R,Y):   1.4, -0.1, -1.7
[G06-W05] t=2.80s | Des(P,R,Y):   0.0,  0.0,  0.0 | Act(P,R,Y):   0.5, -1.2, -3.6
[G06-W04] t=3.00s | Des(P,R,Y):   0.0, 35.0,  0.0 | Act(P,R,Y):  -1.1,  5.9, -1.5
[G06-W02] t=3.00s | Des(P,R,Y):   0.0, 35.0,  0.0 | Act(P,R,Y):  -1.8,  6.0, -2.0
[G06-W03] t=3.00s | Des(P,R,Y):   0.0, 35.0,  0.0 | Act(P,R,Y):   0.7,  5.6, -2.4
[G06-W06] t=3.00s | Des(P,R,Y):   0.0, 35.0,  0.0 | Act(P,R,Y):  -2.1,  4.3, -2.0
[G06-W05] t=3.00s | Des(P,R,Y):   0.0, 35.0,  0.0 | Act(P,R,Y):   1.0,  8.9, -2.4
[G06-W01] t=3.00s | Des(P,R,Y):   0.0, 35.0,  0.0 | Act(P,R,Y):  -0.4,  3.9, -2.2
[G06-W04] t=3.20s | Des(P,R,Y):   0.0, 35.0,  0.0 | Act(P,R,Y):  -2.9, 26.6, -2.7
[G06-W02] t=3.20s | Des(P,R,Y):   0.0, 35.0,  0.0 | Act(P,R,Y):  -3.9, 27.1, -3.6
[G06-W03] t=3.20s | Des(P,R,Y):   0.0, 35.0,  0.0 | Act(P,R,Y):  -0.8, 23.7, -3.2
[G06-W06] t=3.20s | Des(P,R,Y):   0.0, 35.0,  0.0 | Act(P,R,Y):  -4.0, 22.3, -3.4
[G06-W05] t=3.20s | Des(P,R,Y):   0.0, 35.0,  0.0 | Act(P,R,Y):  -3.9, 34.3, -5.0
[G06-W04] t=3.40s | Des(P,R,Y):   0.0, 35.0,  0.0 | Act(P,R,Y):  -0.5, 34.8, -1.5
[G06-W01] t=3.20s | Des(P,R,Y):   0.0, 35.0,  0.0 | Act(P,R,Y):  -2.1, 20.4, -3.0
[G06-W02] t=3.40s | Des(P,R,Y):   0.0, 35.0,  0.0 | Act(P,R,Y):  -1.2, 35.0, -2.4
[G06-W03] t=3.40s | Des(P,R,Y):   0.0, 35.0,  0.0 | Act(P,R,Y):  -0.0, 31.4, -3.1
[G06-W06] t=3.40s | Des(P,R,Y):   0.0, 35.0,  0.0 | Act(P,R,Y):  -2.1, 31.7, -2.8
[G06-W05] t=3.40s | Des(P,R,Y):   0.0, 35.0,  0.0 | Act(P,R,Y):   3.1, 37.3, -2.3
[G06-W04] t=3.60s | Des(P,R,Y):   0.0, 35.0,  0.0 | Act(P,R,Y):   0.9, 37.4, -0.9
[G06-W01] t=3.40s | Des(P,R,Y):   0.0, 35.0,  0.0 | Act(P,R,Y):  -1.0, 30.0, -2.6
[G06-W02] t=3.60s | Des(P,R,Y):   0.0, 35.0,  0.0 | Act(P,R,Y):   1.2, 38.1, -0.9
[G06-W03] t=3.60s | Des(P,R,Y):   0.0, 35.0,  0.0 | Act(P,R,Y):   2.0, 35.0, -2.3
[G06-W05] t=3.60s | Des(P,R,Y):   0.0, 35.0,  0.0 | Act(P,R,Y):   4.0, 38.1, -1.6
[G06-W06] t=3.60s | Des(P,R,Y):   0.0, 35.0,  0.0 | Act(P,R,Y):   0.7, 36.5, -1.5
[G06-W04] t=3.80s | Des(P,R,Y):   0.0, 35.0,  0.0 | Act(P,R,Y):   1.7, 37.7, -0.7
[G06-W01] t=3.60s | Des(P,R,Y):   0.0, 35.0,  0.0 | Act(P,R,Y):   0.8, 34.4, -2.0
[G06-W02] t=3.80s | Des(P,R,Y):   0.0, 35.0,  0.0 | Act(P,R,Y):   2.2, 38.2, -0.8
[G06-W03] t=3.80s | Des(P,R,Y):   0.0, 35.0,  0.0 | Act(P,R,Y):   3.1, 36.2, -2.1
[G06-W05] t=3.80s | Des(P,R,Y):   0.0, 35.0,  0.0 | Act(P,R,Y):   4.2, 37.1, -2.3
[G06-W06] t=3.80s | Des(P,R,Y):   0.0, 35.0,  0.0 | Act(P,R,Y):   1.9, 37.8, -1.1
[G06-W01] t=3.80s | Des(P,R,Y):   0.0, 35.0,  0.0 | Act(P,R,Y):   1.8, 35.9, -1.8
[G06-W04] t=4.00s | Des(P,R,Y):   0.0,  0.0,  0.0 | Act(P,R,Y):   3.2, 31.9, -0.0
[G06-W02] t=4.00s | Des(P,R,Y):   0.0,  0.0,  0.0 | Act(P,R,Y):   4.1, 32.4,  0.0
[G06-W03] t=4.00s | Des(P,R,Y):   0.0,  0.0,  0.0 | Act(P,R,Y):   4.5, 31.3, -1.5
[G06-W05] t=4.00s | Des(P,R,Y):   0.0,  0.0,  0.0 | Act(P,R,Y):   7.3, 29.3, -0.6
[G06-W06] t=4.00s | Des(P,R,Y):   0.0,  0.0,  0.0 | Act(P,R,Y):   3.7, 33.4, -0.4
[G06-W04] t=4.20s | Des(P,R,Y):   0.0,  0.0,  0.0 | Act(P,R,Y):   3.4, 11.6,  0.0
[G06-W02] t=4.20s | Des(P,R,Y):   0.0,  0.0,  0.0 | Act(P,R,Y):   4.9, 12.4,  0.6
[G06-W01] t=4.00s | Des(P,R,Y):   0.0,  0.0,  0.0 | Act(P,R,Y):   3.3, 32.5, -1.2
[G06-W03] t=4.20s | Des(P,R,Y):   0.0,  0.0,  0.0 | Act(P,R,Y):   4.9, 13.0, -1.4
[G06-W05] t=4.20s | Des(P,R,Y):   0.0,  0.0,  0.0 | Act(P,R,Y):   5.6,  3.3, -0.3
[G06-W06] t=4.20s | Des(P,R,Y):   0.0,  0.0,  0.0 | Act(P,R,Y):   5.4, 16.3,  0.2
[G06-W01] t=4.20s | Des(P,R,Y):   0.0,  0.0,  0.0 | Act(P,R,Y):   4.3, 16.6, -0.9
[G06-W02] t=4.40s | Des(P,R,Y):   0.0,  0.0,  0.0 | Act(P,R,Y):   2.9,  3.2, -0.1
[G06-W04] t=4.40s | Des(P,R,Y):   0.0,  0.0,  0.0 | Act(P,R,Y):   1.8,  3.3, -0.3
[G06-W03] t=4.40s | Des(P,R,Y):   0.0,  0.0,  0.0 | Act(P,R,Y):   3.3,  4.6, -1.9
[G06-W05] t=4.40s | Des(P,R,Y):   0.0,  0.0,  0.0 | Act(P,R,Y):   4.6,  0.3, -1.2
[G06-W06] t=4.40s | Des(P,R,Y):   0.0,  0.0,  0.0 | Act(P,R,Y):   3.2,  6.1, -0.5
[G06-W02] t=4.60s | Des(P,R,Y):   0.0,  0.0,  0.0 | Act(P,R,Y):  -0.7, -0.4, -1.2
[G06-W01] t=4.40s | Des(P,R,Y):   0.0,  0.0,  0.0 | Act(P,R,Y):   3.1,  7.7, -1.2
[G06-W04] t=4.60s | Des(P,R,Y):   0.0,  0.0,  0.0 | Act(P,R,Y):  -0.3,  0.3, -0.8
[G06-W03] t=4.60s | Des(P,R,Y):   0.0,  0.0,  0.0 | Act(P,R,Y):   1.6,  1.5, -2.2
[G06-W05] t=4.60s | Des(P,R,Y):   0.0,  0.0,  0.0 | Act(P,R,Y):  -2.4, -2.1, -3.9
[G06-W06] t=4.60s | Des(P,R,Y):   0.0,  0.0,  0.0 | Act(P,R,Y):   0.7,  1.7, -1.0
[G06-W02] t=4.80s | Des(P,R,Y):   0.0,  0.0,  0.0 | Act(P,R,Y):  -2.0, -0.8, -1.1
[G06-W01] t=4.60s | Des(P,R,Y):   0.0,  0.0,  0.0 | Act(P,R,Y):   1.5,  3.2, -1.5
[G06-W04] t=4.80s | Des(P,R,Y):   0.0,  0.0,  0.0 | Act(P,R,Y):  -1.6, -0.7, -1.1
[G06-W03] t=4.80s | Des(P,R,Y):   0.0,  0.0,  0.0 | Act(P,R,Y):   0.3,  0.1, -2.4
[G06-W05] t=4.80s | Des(P,R,Y):   0.0,  0.0,  0.0 | Act(P,R,Y):  -0.6, -0.5, -2.3
[G06-W06] t=4.80s | Des(P,R,Y):   0.0,  0.0,  0.0 | Act(P,R,Y):  -1.2, -0.3, -1.3
[G06-W02] t=5.00s | Des(P,R,Y):   0.0,  0.0, 50.0 | Act(P,R,Y):  -3.7, -6.3, -0.7
[G06-W01] t=4.80s | Des(P,R,Y):   0.0,  0.0,  0.0 | Act(P,R,Y):  -0.0,  1.0, -1.7
[G06-W04] t=5.00s | Des(P,R,Y):   0.0,  0.0, 50.0 | Act(P,R,Y):  -3.1, -5.3, -0.3
[G06-W03] t=5.00s | Des(P,R,Y):   0.0,  0.0, 50.0 | Act(P,R,Y):  -1.7, -4.5, -1.7
[G06-W05] t=5.00s | Des(P,R,Y):   0.0,  0.0, 50.0 | Act(P,R,Y):  -3.9, -6.0, -2.6
[G06-W06] t=5.00s | Des(P,R,Y):   0.0,  0.0, 50.0 | Act(P,R,Y):  -3.1, -5.5, -0.7
[G06-W02] t=5.20s | Des(P,R,Y):   0.0,  0.0, 50.0 | Act(P,R,Y): -10.9,-17.1, 23.6
[G06-W01] t=5.00s | Des(P,R,Y):   0.0,  0.0, 50.0 | Act(P,R,Y):  -2.1, -3.9, -1.1
[G06-W04] t=5.20s | Des(P,R,Y):   0.0,  0.0, 50.0 | Act(P,R,Y):  -5.2,-12.3, 23.1
[G06-W05] t=5.20s | Des(P,R,Y):   0.0,  0.0, 50.0 | Act(P,R,Y): -20.0,-33.0, 24.0
[G06-W03] t=5.20s | Des(P,R,Y):   0.0,  0.0, 50.0 | Act(P,R,Y):  -1.0, -6.9, 22.7
[G06-W06] t=5.20s | Des(P,R,Y):   0.0,  0.0, 50.0 | Act(P,R,Y):  -5.0, -9.5, 23.0
[G06-W02] t=5.40s | Des(P,R,Y):   0.0,  0.0, 50.0 | Act(P,R,Y):  -8.3,-14.2, 10.8
[G06-W01] t=5.20s | Des(P,R,Y):   0.0,  0.0, 50.0 | Act(P,R,Y):  -1.3, -5.2, 22.5
[G06-W04] t=5.40s | Des(P,R,Y):   0.0,  0.0, 50.0 | Act(P,R,Y):  -6.1,-12.3, 10.8
[G06-W03] t=5.40s | Des(P,R,Y):   0.0,  0.0, 50.0 | Act(P,R,Y):  -5.4,-12.0, 10.9
[G06-W05] t=5.40s | Des(P,R,Y):   0.0,  0.0, 50.0 | Act(P,R,Y):  -2.2,-31.6, 10.2
[G06-W06] t=5.40s | Des(P,R,Y):   0.0,  0.0, 50.0 | Act(P,R,Y):  -8.4,-14.5, 10.8
[G06-W02] t=5.60s | Des(P,R,Y):   0.0,  0.0, 50.0 | Act(P,R,Y):  -6.5,-11.5, 10.7
[G06-W01] t=5.40s | Des(P,R,Y):   0.0,  0.0, 50.0 | Act(P,R,Y):  -6.3,-11.9, 10.8
[G06-W04] t=5.60s | Des(P,R,Y):   0.0,  0.0, 50.0 | Act(P,R,Y):  -3.3,-11.9, 10.7
[G06-W03] t=5.60s | Des(P,R,Y):   0.0,  0.0, 50.0 | Act(P,R,Y):  -3.3,-12.0, 10.6
[G06-W05] t=5.60s | Des(P,R,Y):   0.0,  0.0, 50.0 | Act(P,R,Y):  -5.3,-33.1, 10.7
[G06-W02] t=5.80s | Des(P,R,Y):   0.0,  0.0, 50.0 | Act(P,R,Y):  -0.8,-14.8, 20.8
[G06-W04] t=5.80s | Des(P,R,Y):   0.0,  0.0, 50.0 | Act(P,R,Y):  -0.6,-19.8, 20.9
[G06-W06] t=5.60s | Des(P,R,Y):   0.0,  0.0, 50.0 | Act(P,R,Y):  -5.9,-11.3, 10.8
[G06-W03] t=5.80s | Des(P,R,Y):   0.0,  0.0, 50.0 | Act(P,R,Y):  -0.6,-20.4, 21.0
[G06-W01] t=5.60s | Des(P,R,Y):   0.0,  0.0, 50.0 | Act(P,R,Y):  -4.9,-11.5, 10.7
[G06-W05] t=5.80s | Des(P,R,Y):   0.0,  0.0, 50.0 | Act(P,R,Y):  -0.6,-33.7, 20.7
[G06-W02] t=6.00s | Des(P,R,Y):   0.0,  0.0,  0.0 | Act(P,R,Y):   9.1,-16.5, 36.2
[Fixation Controller] Initialized 3-DOF Virtual Work tracking for Eyes.
Eval SUCCESS: G06-W02 | Kp=115.35, Ki=38.30, Kd=18.95 => Score=39.3
[G06-W01] t=5.80s | Des(P,R,Y):   0.0,  0.0, 50.0 | Act(P,R,Y):  -3.0,-18.9, 20.8
[G06-W04] t=6.00s | Des(P,R,Y):   0.0,  0.0,  0.0 | Act(P,R,Y):   7.7,-19.8, 36.0
[G06-W06] t=5.80s | Des(P,R,Y):   0.0,  0.0, 50.0 | Act(P,R,Y):  -2.9,-16.6, 20.8
[Fixation Controller] Initialized 3-DOF Virtual Work tracking for Eyes.
Eval SUCCESS: G06-W04 | Kp=154.49, Ki=44.78, Kd=27.00 => Score=36.3
[G06-W03] t=6.00s | Des(P,R,Y):   0.0,  0.0,  0.0 | Act(P,R,Y):   7.9,-20.6, 35.7
[Fixation Controller] Initialized 3-DOF Virtual Work tracking for Eyes.
Eval SUCCESS: G06-W03 | Kp=144.59, Ki=0.41, Kd=29.97 => Score=37.7
[G06-W05] t=6.00s | Des(P,R,Y):   0.0,  0.0,  0.0 | Act(P,R,Y):  10.7,-26.8, 35.8
[Fixation Controller] Initialized 3-DOF Virtual Work tracking for Eyes.
Eval SUCCESS: G06-W05 | Kp=135.64, Ki=6.41, Kd=9.93 => Score=44.9
[G06-W01] t=6.00s | Des(P,R,Y):   0.0,  0.0,  0.0 | Act(P,R,Y):   7.4,-18.0, 35.7
[Fixation Controller] Initialized 3-DOF Virtual Work tracking for Eyes.
Eval SUCCESS: G06-W01 | Kp=133.92, Ki=16.72, Kd=35.36 => Score=39.2
[G06-W06] t=6.00s | Des(P,R,Y):   0.0,  0.0,  0.0 | Act(P,R,Y):   7.5,-17.4, 36.1
[Fixation Controller] Initialized 3-DOF Virtual Work tracking for Eyes.
Eval SUCCESS: G06-W06 | Kp=110.79, Ki=31.13, Kd=24.50 => Score=40.5
    6     36 3.628687591389929e+01 2.1e+00 1.84e+01  1e+01  3e+01 23:10.7  
Gen 6: Best Error = 36.29 | Kp=154.49, Ki=44.78, Kd=27.00

--- Generation 7 ---
Found simbody-visualizer, setting SIMBODY_HOME env var to  C:\Users\User\miniforge3\envs\opensim_env\Lib\opensim
Found simbody-visualizer, setting SIMBODY_HOME env var to  C:\Users\User\miniforge3\envs\opensim_env\Lib\opensim
Found simbody-visualizer, setting SIMBODY_HOME env var to  C:\Users\User\miniforge3\envs\opensim_env\Lib\opensim
Found simbody-visualizer, setting SIMBODY_HOME env var to  C:\Users\User\miniforge3\envs\opensim_env\Lib\opensim
Found simbody-visualizer, setting SIMBODY_HOME env var to  C:\Users\User\miniforge3\envs\opensim_env\Lib\opensim
Found simbody-visualizer, setting SIMBODY_HOME env var to  C:\Users\User\miniforge3\envs\opensim_env\Lib\opensim
[G07-W03] t=0.20s | Des(P,R,Y):   0.0,  0.0,  0.0 | Act(P,R,Y):  -0.7,  1.0, -1.2
[G07-W01] t=0.20s | Des(P,R,Y):   0.0,  0.0,  0.0 | Act(P,R,Y):  -0.8,  0.4, -1.2
[G07-W02] t=0.20s | Des(P,R,Y):   0.0,  0.0,  0.0 | Act(P,R,Y):  -0.1,  1.3, -0.9
[G07-W04] t=0.20s | Des(P,R,Y):   0.0,  0.0,  0.0 | Act(P,R,Y):  -1.7,  1.5, -1.5
[G07-W05] t=0.20s | Des(P,R,Y):   0.0,  0.0,  0.0 | Act(P,R,Y):   0.4,  0.9, -0.2
[G07-W06] t=0.20s | Des(P,R,Y):   0.0,  0.0,  0.0 | Act(P,R,Y):  -1.6,  0.6, -1.6
[G07-W04] t=0.40s | Des(P,R,Y):   0.0,  0.0,  0.0 | Act(P,R,Y):  -1.3, -0.6, -2.3
[G07-W02] t=0.40s | Des(P,R,Y):   0.0,  0.0,  0.0 | Act(P,R,Y):  -2.0,  0.1, -2.1
[G07-W01] t=0.40s | Des(P,R,Y):   0.0,  0.0,  0.0 | Act(P,R,Y):  -1.8, -0.1, -1.7
[G07-W06] t=0.40s | Des(P,R,Y):   0.0,  0.0,  0.0 | Act(P,R,Y):  -1.4, -0.1, -1.6
[G07-W05] t=0.40s | Des(P,R,Y):   0.0,  0.0,  0.0 | Act(P,R,Y):  -1.5, -0.0, -1.5
[G07-W03] t=0.40s | Des(P,R,Y):   0.0,  0.0,  0.0 | Act(P,R,Y):  -1.7,  0.1, -2.0
[G07-W03] t=0.60s | Des(P,R,Y):   0.0,  0.0,  0.0 | Act(P,R,Y):  -2.9, -1.2, -2.6
[G07-W06] t=0.60s | Des(P,R,Y):   0.0,  0.0,  0.0 | Act(P,R,Y):  -2.8, -1.5, -2.2
[G07-W02] t=0.60s | Des(P,R,Y):   0.0,  0.0,  0.0 | Act(P,R,Y):  -3.2, -1.1, -2.7
[G07-W04] t=0.60s | Des(P,R,Y):   0.0,  0.0,  0.0 | Act(P,R,Y):  -2.2, -0.1, -1.8
[G07-W01] t=0.60s | Des(P,R,Y):   0.0,  0.0,  0.0 | Act(P,R,Y):  -2.3, -0.8, -1.8
[G07-W05] t=0.60s | Des(P,R,Y):   0.0,  0.0,  0.0 | Act(P,R,Y):  -2.2, -0.6, -1.7
[G07-W06] t=0.80s | Des(P,R,Y):   0.0,  0.0,  0.0 | Act(P,R,Y):  -1.5, -0.8, -1.6
[G07-W03] t=0.80s | Des(P,R,Y):   0.0,  0.0,  0.0 | Act(P,R,Y):  -2.2, -0.7, -2.2
[G07-W02] t=0.80s | Des(P,R,Y):   0.0,  0.0,  0.0 | Act(P,R,Y):  -3.0, -1.0, -2.5
[G07-W04] t=0.80s | Des(P,R,Y):   0.0,  0.0,  0.0 | Act(P,R,Y):  -1.8, -0.4, -1.9
[G07-W01] t=0.80s | Des(P,R,Y):   0.0,  0.0,  0.0 | Act(P,R,Y):  -1.8, -0.6, -1.6
[G07-W05] t=0.80s | Des(P,R,Y):   0.0,  0.0,  0.0 | Act(P,R,Y):  -2.4, -0.8, -1.9
[G07-W03] t=1.00s | Des(P,R,Y):  45.0,  0.0,  0.0 | Act(P,R,Y):   7.1, -0.4, -2.4
[G07-W06] t=1.00s | Des(P,R,Y):  45.0,  0.0,  0.0 | Act(P,R,Y):   7.1, -0.2, -1.8
[G07-W02] t=1.00s | Des(P,R,Y):  45.0,  0.0,  0.0 | Act(P,R,Y):   5.8, -0.4, -2.7
[G07-W04] t=1.00s | Des(P,R,Y):  45.0,  0.0,  0.0 | Act(P,R,Y):   5.0, -1.4, -2.5
[G07-W01] t=1.00s | Des(P,R,Y):  45.0,  0.0,  0.0 | Act(P,R,Y):   7.1, -0.4, -1.9
[G07-W05] t=1.00s | Des(P,R,Y):  45.0,  0.0,  0.0 | Act(P,R,Y):   4.6, -0.5, -2.0
[G07-W03] t=1.20s | Des(P,R,Y):  45.0,  0.0,  0.0 | Act(P,R,Y):  41.1, -0.6, -1.7
[G07-W02] t=1.20s | Des(P,R,Y):  45.0,  0.0,  0.0 | Act(P,R,Y):  37.7, -0.9, -2.4
[G07-W06] t=1.20s | Des(P,R,Y):  45.0,  0.0,  0.0 | Act(P,R,Y):  43.5, -1.4, -0.6
[G07-W01] t=1.20s | Des(P,R,Y):  45.0,  0.0,  0.0 | Act(P,R,Y):  40.7, -0.5, -1.1
[G07-W05] t=1.20s | Des(P,R,Y):  45.0,  0.0,  0.0 | Act(P,R,Y):  30.3, -0.8, -1.9
[G07-W04] t=1.20s | Des(P,R,Y):  45.0,  0.0,  0.0 | Act(P,R,Y):  45.3, -3.2, -3.2
[G07-W03] t=1.40s | Des(P,R,Y):  45.0,  0.0,  0.0 | Act(P,R,Y):  44.3, -1.9, -3.0
[G07-W02] t=1.40s | Des(P,R,Y):  45.0,  0.0,  0.0 | Act(P,R,Y):  43.2, -2.0, -3.0
[G07-W06] t=1.40s | Des(P,R,Y):  45.0,  0.0,  0.0 | Act(P,R,Y):  46.8, -1.8, -2.4
[G07-W01] t=1.40s | Des(P,R,Y):  45.0,  0.0,  0.0 | Act(P,R,Y):  44.3, -1.7, -2.3
[G07-W04] t=1.40s | Des(P,R,Y):  45.0,  0.0,  0.0 | Act(P,R,Y):  46.6, -1.4, -2.3
[G07-W03] t=1.60s | Des(P,R,Y):  45.0,  0.0,  0.0 | Act(P,R,Y):  47.3, -1.4, -2.7
[G07-W06] t=1.60s | Des(P,R,Y):  45.0,  0.0,  0.0 | Act(P,R,Y):  48.7, -0.9, -2.1
[G07-W02] t=1.60s | Des(P,R,Y):  45.0,  0.0,  0.0 | Act(P,R,Y):  46.8, -1.6, -3.1
[G07-W05] t=1.40s | Des(P,R,Y):  45.0,  0.0,  0.0 | Act(P,R,Y):  40.9, -1.3, -2.1
[G07-W01] t=1.60s | Des(P,R,Y):  45.0,  0.0,  0.0 | Act(P,R,Y):  47.0, -1.1, -2.0
[G07-W03] t=1.80s | Des(P,R,Y):  45.0,  0.0,  0.0 | Act(P,R,Y):  49.5, -0.7, -2.4
[G07-W04] t=1.60s | Des(P,R,Y):  45.0,  0.0,  0.0 | Act(P,R,Y):  47.7, -1.1, -3.1
[G07-W06] t=1.80s | Des(P,R,Y):  45.0,  0.0,  0.0 | Act(P,R,Y):  50.5,  0.1, -1.2
[G07-W01] t=1.80s | Des(P,R,Y):  45.0,  0.0,  0.0 | Act(P,R,Y):  49.1, -0.4, -1.6
[G07-W02] t=1.80s | Des(P,R,Y):  45.0,  0.0,  0.0 | Act(P,R,Y):  49.5, -0.8, -2.6
[G07-W05] t=1.60s | Des(P,R,Y):  45.0,  0.0,  0.0 | Act(P,R,Y):  46.6, -1.2, -2.1
[G07-W03] t=2.00s | Des(P,R,Y):   0.0,  0.0,  0.0 | Act(P,R,Y):  46.3,  1.0, -0.8
[G07-W04] t=1.80s | Des(P,R,Y):  45.0,  0.0,  0.0 | Act(P,R,Y):  50.0,  0.2, -1.8
[G07-W06] t=2.00s | Des(P,R,Y):   0.0,  0.0,  0.0 | Act(P,R,Y):  46.7,  1.5,  0.3
[G07-W01] t=2.00s | Des(P,R,Y):   0.0,  0.0,  0.0 | Act(P,R,Y):  45.7,  1.1, -0.2
[G07-W02] t=2.00s | Des(P,R,Y):   0.0,  0.0,  0.0 | Act(P,R,Y):  46.5,  0.8, -1.1
[G07-W05] t=1.80s | Des(P,R,Y):  45.0,  0.0,  0.0 | Act(P,R,Y):  49.5, -0.6, -1.9
[G07-W03] t=2.20s | Des(P,R,Y):   0.0,  0.0,  0.0 | Act(P,R,Y):  17.0,  2.2, -0.2
[G07-W04] t=2.00s | Des(P,R,Y):   0.0,  0.0,  0.0 | Act(P,R,Y):  46.4,  1.4, -0.6
[G07-W01] t=2.20s | Des(P,R,Y):   0.0,  0.0,  0.0 | Act(P,R,Y):  13.3,  1.0, -0.5
[G07-W06] t=2.20s | Des(P,R,Y):   0.0,  0.0,  0.0 | Act(P,R,Y):  10.6,  2.6,  0.8
[G07-W02] t=2.20s | Des(P,R,Y):   0.0,  0.0,  0.0 | Act(P,R,Y):  22.1,  2.6,  0.1
[G07-W05] t=2.00s | Des(P,R,Y):   0.0,  0.0,  0.0 | Act(P,R,Y):  47.1,  0.6, -0.6
[G07-W03] t=2.40s | Des(P,R,Y):   0.0,  0.0,  0.0 | Act(P,R,Y):   7.3,  0.8, -1.6
[G07-W04] t=2.20s | Des(P,R,Y):   0.0,  0.0,  0.0 | Act(P,R,Y):   9.4,  4.4,  0.8
[G07-W02] t=2.40s | Des(P,R,Y):   0.0,  0.0,  0.0 | Act(P,R,Y):   8.3,  0.3, -1.9
[G07-W06] t=2.40s | Des(P,R,Y):   0.0,  0.0,  0.0 | Act(P,R,Y):   3.6,  1.0, -1.0
[G07-W01] t=2.40s | Des(P,R,Y):   0.0,  0.0,  0.0 | Act(P,R,Y):   6.2,  1.2, -0.7
[G07-W05] t=2.20s | Des(P,R,Y):   0.0,  0.0,  0.0 | Act(P,R,Y):  26.4,  1.5,  0.1
[G07-W03] t=2.60s | Des(P,R,Y):   0.0,  0.0,  0.0 | Act(P,R,Y):   2.5,  1.0, -1.7
[G07-W04] t=2.40s | Des(P,R,Y):   0.0,  0.0,  0.0 | Act(P,R,Y):   3.0,  0.7, -3.0
[G07-W01] t=2.60s | Des(P,R,Y):   0.0,  0.0,  0.0 | Act(P,R,Y):   1.4,  0.2, -1.6
[G07-W02] t=2.60s | Des(P,R,Y):   0.0,  0.0,  0.0 | Act(P,R,Y):   4.5,  1.6, -1.3
[G07-W06] t=2.60s | Des(P,R,Y):   0.0,  0.0,  0.0 | Act(P,R,Y):   0.8,  0.7, -1.0
[G07-W05] t=2.40s | Des(P,R,Y):   0.0,  0.0,  0.0 | Act(P,R,Y):  13.5,  1.0, -0.3
[G07-W03] t=2.80s | Des(P,R,Y):   0.0,  0.0,  0.0 | Act(P,R,Y):   1.3, -0.1, -2.0
[G07-W04] t=2.60s | Des(P,R,Y):   0.0,  0.0,  0.0 | Act(P,R,Y):   3.8,  2.2, -0.8
[G07-W02] t=2.80s | Des(P,R,Y):   0.0,  0.0,  0.0 | Act(P,R,Y):   0.5, -0.3, -2.4
[G07-W01] t=2.80s | Des(P,R,Y):   0.0,  0.0,  0.0 | Act(P,R,Y):   0.5,  0.2, -1.3
[G07-W06] t=2.80s | Des(P,R,Y):   0.0,  0.0,  0.0 | Act(P,R,Y):  -0.3,  0.3, -0.9
[G07-W05] t=2.60s | Des(P,R,Y):   0.0,  0.0,  0.0 | Act(P,R,Y):   5.5,  0.6, -0.7
[G07-W03] t=3.00s | Des(P,R,Y):   0.0, 35.0,  0.0 | Act(P,R,Y):   0.1,  6.7, -2.5
[G07-W04] t=2.80s | Des(P,R,Y):   0.0,  0.0,  0.0 | Act(P,R,Y):   1.6, -0.2, -2.4
[G07-W02] t=3.00s | Des(P,R,Y):   0.0, 35.0,  0.0 | Act(P,R,Y):  -0.3,  5.8, -2.7
[G07-W01] t=3.00s | Des(P,R,Y):   0.0, 35.0,  0.0 | Act(P,R,Y):   0.2,  6.8, -1.6
[G07-W06] t=3.00s | Des(P,R,Y):   0.0, 35.0,  0.0 | Act(P,R,Y):  -0.8,  7.2, -1.4
[G07-W05] t=2.80s | Des(P,R,Y):   0.0,  0.0,  0.0 | Act(P,R,Y):   0.6,  0.2, -0.9
[G07-W03] t=3.20s | Des(P,R,Y):   0.0, 35.0,  0.0 | Act(P,R,Y):  -1.9, 28.2, -4.0
[G07-W04] t=3.00s | Des(P,R,Y):   0.0, 35.0,  0.0 | Act(P,R,Y):   0.6,  7.9, -2.7
[G07-W01] t=3.20s | Des(P,R,Y):   0.0, 35.0,  0.0 | Act(P,R,Y):  -1.7, 28.8, -2.8
[G07-W02] t=3.20s | Des(P,R,Y):   0.0, 35.0,  0.0 | Act(P,R,Y):  -2.4, 25.1, -4.0
[G07-W06] t=3.20s | Des(P,R,Y):   0.0, 35.0,  0.0 | Act(P,R,Y):  -3.4, 32.2, -2.8
[G07-W05] t=3.00s | Des(P,R,Y):   0.0, 35.0,  0.0 | Act(P,R,Y):  -1.6,  4.2, -1.4
[G07-W03] t=3.40s | Des(P,R,Y):   0.0, 35.0,  0.0 | Act(P,R,Y):   0.8, 35.0, -2.8
[G07-W04] t=3.20s | Des(P,R,Y):   0.0, 35.0,  0.0 | Act(P,R,Y):  -3.2, 33.7, -4.4
[G07-W01] t=3.40s | Des(P,R,Y):   0.0, 35.0,  0.0 | Act(P,R,Y):   0.6, 34.7, -1.9
[G07-W02] t=3.40s | Des(P,R,Y):   0.0, 35.0,  0.0 | Act(P,R,Y):   0.0, 33.4, -3.1
[G07-W06] t=3.40s | Des(P,R,Y):   0.0, 35.0,  0.0 | Act(P,R,Y):  -0.2, 36.9, -1.4
[G07-W05] t=3.20s | Des(P,R,Y):   0.0, 35.0,  0.0 | Act(P,R,Y):  -3.6, 21.3, -2.2
[G07-W03] t=3.60s | Des(P,R,Y):   0.0, 35.0,  0.0 | Act(P,R,Y):   2.8, 37.2, -1.7
[G07-W04] t=3.40s | Des(P,R,Y):   0.0, 35.0,  0.0 | Act(P,R,Y):   2.1, 36.7, -2.5
[G07-W02] t=3.60s | Des(P,R,Y):   0.0, 35.0,  0.0 | Act(P,R,Y):   2.3, 36.7, -2.0
[G07-W01] t=3.60s | Des(P,R,Y):   0.0, 35.0,  0.0 | Act(P,R,Y):   2.1, 36.8, -1.1
[G07-W06] t=3.60s | Des(P,R,Y):   0.0, 35.0,  0.0 | Act(P,R,Y):   1.4, 38.4, -0.3
[G07-W05] t=3.40s | Des(P,R,Y):   0.0, 35.0,  0.0 | Act(P,R,Y):  -2.4, 31.0, -1.7
[G07-W03] t=3.80s | Des(P,R,Y):   0.0, 35.0,  0.0 | Act(P,R,Y):   3.6, 37.2, -1.7
[G07-W04] t=3.60s | Des(P,R,Y):   0.0, 35.0,  0.0 | Act(P,R,Y):   3.3, 37.7, -1.6
[G07-W02] t=3.80s | Des(P,R,Y):   0.0, 35.0,  0.0 | Act(P,R,Y):   3.4, 37.5, -1.8
[G07-W01] t=3.80s | Des(P,R,Y):   0.0, 35.0,  0.0 | Act(P,R,Y):   2.6, 37.0, -1.0
[G07-W06] t=3.80s | Des(P,R,Y):   0.0, 35.0,  0.0 | Act(P,R,Y):   2.0, 37.8, -0.4
[G07-W05] t=3.60s | Des(P,R,Y):   0.0, 35.0,  0.0 | Act(P,R,Y):  -0.8, 35.8, -1.0
[G07-W04] t=3.80s | Des(P,R,Y):   0.0, 35.0,  0.0 | Act(P,R,Y):   4.0, 37.0, -1.9
[G07-W03] t=4.00s | Des(P,R,Y):   0.0,  0.0,  0.0 | Act(P,R,Y):   5.5, 31.0, -0.9
[G07-W02] t=4.00s | Des(P,R,Y):   0.0,  0.0,  0.0 | Act(P,R,Y):   5.2, 32.1, -1.1
[G07-W01] t=4.00s | Des(P,R,Y):   0.0,  0.0,  0.0 | Act(P,R,Y):   4.2, 30.6, -0.4
[G07-W06] t=4.00s | Des(P,R,Y):   0.0,  0.0,  0.0 | Act(P,R,Y):   3.9, 30.2,  0.5
[G07-W05] t=3.80s | Des(P,R,Y):   0.0, 35.0,  0.0 | Act(P,R,Y):   0.1, 37.4, -0.9
[G07-W03] t=4.20s | Des(P,R,Y):   0.0,  0.0,  0.0 | Act(P,R,Y):   5.4,  9.9, -0.6
[G07-W04] t=4.00s | Des(P,R,Y):   0.0,  0.0,  0.0 | Act(P,R,Y):   6.3, 29.1, -0.8
[G07-W02] t=4.20s | Des(P,R,Y):   0.0,  0.0,  0.0 | Act(P,R,Y):   5.8, 12.8, -0.7
[G07-W06] t=4.20s | Des(P,R,Y):   0.0,  0.0,  0.0 | Act(P,R,Y):   2.4,  5.3,  0.4
[G07-W01] t=4.20s | Des(P,R,Y):   0.0,  0.0,  0.0 | Act(P,R,Y):   3.8,  8.8, -0.3
[G07-W04] t=4.20s | Des(P,R,Y):   0.0,  0.0,  0.0 | Act(P,R,Y):   4.9,  3.6, -0.4
[G07-W05] t=4.00s | Des(P,R,Y):   0.0,  0.0,  0.0 | Act(P,R,Y):   1.7, 33.9, -0.1
[G07-W03] t=4.40s | Des(P,R,Y):   0.0,  0.0,  0.0 | Act(P,R,Y):   3.5,  2.6, -1.0
[G07-W02] t=4.40s | Des(P,R,Y):   0.0,  0.0,  0.0 | Act(P,R,Y):   3.8,  3.9, -1.2
[G07-W06] t=4.40s | Des(P,R,Y):   0.0,  0.0,  0.0 | Act(P,R,Y):   1.3,  0.2,  0.1
[G07-W01] t=4.40s | Des(P,R,Y):   0.0,  0.0,  0.0 | Act(P,R,Y):   2.3,  1.7, -0.8
[G07-W05] t=4.20s | Des(P,R,Y):   0.0,  0.0,  0.0 | Act(P,R,Y):   3.0, 17.6,  0.2
[G07-W03] t=4.60s | Des(P,R,Y):   0.0,  0.0,  0.0 | Act(P,R,Y):  -0.1, -0.7, -2.4
[G07-W04] t=4.40s | Des(P,R,Y):   0.0,  0.0,  0.0 | Act(P,R,Y):   4.0,  0.5, -1.0
[G07-W02] t=4.60s | Des(P,R,Y):   0.0,  0.0,  0.0 | Act(P,R,Y):   1.1,  0.6, -1.8
[G07-W06] t=4.60s | Des(P,R,Y):   0.0,  0.0,  0.0 | Act(P,R,Y):  -2.3, -2.1, -1.6
[G07-W01] t=4.60s | Des(P,R,Y):   0.0,  0.0,  0.0 | Act(P,R,Y):  -0.1, -0.5, -1.6
[G07-W04] t=4.60s | Des(P,R,Y):   0.0,  0.0,  0.0 | Act(P,R,Y):  -2.0, -2.4, -3.6
[G07-W05] t=4.40s | Des(P,R,Y):   0.0,  0.0,  0.0 | Act(P,R,Y):   1.8,  8.1, -0.1
[G07-W03] t=4.80s | Des(P,R,Y):   0.0,  0.0,  0.0 | Act(P,R,Y):  -1.1, -0.9, -2.4
[G07-W02] t=4.80s | Des(P,R,Y):   0.0,  0.0,  0.0 | Act(P,R,Y):  -0.7, -0.5, -2.2
[G07-W06] t=4.80s | Des(P,R,Y):   0.0,  0.0,  0.0 | Act(P,R,Y):  -2.8, -1.3, -1.2
[G07-W01] t=4.80s | Des(P,R,Y):   0.0,  0.0,  0.0 | Act(P,R,Y):  -1.2, -0.7, -1.7
[G07-W04] t=4.80s | Des(P,R,Y):   0.0,  0.0,  0.0 | Act(P,R,Y):  -0.7, -0.4, -2.2
[G07-W03] t=5.00s | Des(P,R,Y):   0.0,  0.0, 50.0 | Act(P,R,Y):  -2.6, -5.5, -1.7
[G07-W05] t=4.60s | Des(P,R,Y):   0.0,  0.0,  0.0 | Act(P,R,Y):   0.2,  3.1, -0.3
[G07-W02] t=5.00s | Des(P,R,Y):   0.0,  0.0, 50.0 | Act(P,R,Y):  -3.1, -6.0, -1.7
[G07-W06] t=5.00s | Des(P,R,Y):   0.0,  0.0, 50.0 | Act(P,R,Y):  -3.7, -6.0, -0.3
[G07-W01] t=5.00s | Des(P,R,Y):   0.0,  0.0, 50.0 | Act(P,R,Y):  -2.5, -5.1, -0.9
[G07-W04] t=5.00s | Des(P,R,Y):   0.0,  0.0, 50.0 | Act(P,R,Y):  -3.6, -6.6, -2.1
[G07-W05] t=4.80s | Des(P,R,Y):   0.0,  0.0,  0.0 | Act(P,R,Y):  -1.4,  0.4, -0.7
[G07-W03] t=5.20s | Des(P,R,Y):   0.0,  0.0, 50.0 | Act(P,R,Y):  -9.5,-17.1, 23.6
[G07-W06] t=5.20s | Des(P,R,Y):   0.0,  0.0, 50.0 | Act(P,R,Y): -16.6,-28.9, 23.9
[G07-W02] t=5.20s | Des(P,R,Y):   0.0,  0.0, 50.0 | Act(P,R,Y):  -5.7,-12.7, 23.2
[G07-W01] t=5.20s | Des(P,R,Y):   0.0,  0.0, 50.0 | Act(P,R,Y):  -6.0,-13.8, 23.3
[G07-W04] t=5.20s | Des(P,R,Y):   0.0,  0.0, 50.0 | Act(P,R,Y): -18.3,-31.6, 24.0
[G07-W03] t=5.40s | Des(P,R,Y):   0.0,  0.0, 50.0 | Act(P,R,Y):  -5.9,-12.9, 10.7
[G07-W05] t=5.00s | Des(P,R,Y):   0.0,  0.0, 50.0 | Act(P,R,Y):  -3.6, -4.6,  0.0
[G07-W02] t=5.40s | Des(P,R,Y):   0.0,  0.0, 50.0 | Act(P,R,Y):  -7.4,-15.9, 11.0
[G07-W06] t=5.40s | Des(P,R,Y):   0.0,  0.0, 50.0 | Act(P,R,Y):  -1.8,-29.4, 10.2
[G07-W01] t=5.40s | Des(P,R,Y):   0.0,  0.0, 50.0 | Act(P,R,Y):  -4.8,-10.4, 10.8
[G07-W04] t=5.40s | Des(P,R,Y):   0.0,  0.0, 50.0 | Act(P,R,Y):  -1.5,-30.2, 10.2
[G07-W03] t=5.60s | Des(P,R,Y):   0.0,  0.0, 50.0 | Act(P,R,Y):  -3.0,-11.1, 10.7
[G07-W05] t=5.20s | Des(P,R,Y):   0.0,  0.0, 50.0 | Act(P,R,Y):  -2.8, -6.7, 22.3
[G07-W02] t=5.60s | Des(P,R,Y):   0.0,  0.0, 50.0 | Act(P,R,Y):  -5.2,-15.5, 10.7
[G07-W06] t=5.60s | Des(P,R,Y):   0.0,  0.0, 50.0 | Act(P,R,Y):  -3.8,-31.5, 10.7
[G07-W01] t=5.60s | Des(P,R,Y):   0.0,  0.0, 50.0 | Act(P,R,Y):  -2.2, -9.3, 10.7
[G07-W03] t=5.80s | Des(P,R,Y):   0.0,  0.0, 50.0 | Act(P,R,Y):  -1.5,-17.1, 20.9
[G07-W04] t=5.60s | Des(P,R,Y):   0.0,  0.0, 50.0 | Act(P,R,Y):  -4.4,-32.6, 10.7
[G07-W02] t=5.80s | Des(P,R,Y):   0.0,  0.0, 50.0 | Act(P,R,Y):  -2.7,-20.0, 20.8
[G07-W05] t=5.40s | Des(P,R,Y):   0.0,  0.0, 50.0 | Act(P,R,Y):  -7.1,-11.7, 10.9
[G07-W06] t=5.80s | Des(P,R,Y):   0.0,  0.0, 50.0 | Act(P,R,Y):  -0.9,-33.1, 20.8
[G07-W01] t=5.80s | Des(P,R,Y):   0.0,  0.0, 50.0 | Act(P,R,Y):  -1.1,-17.3, 20.9
[G07-W04] t=5.80s | Des(P,R,Y):   0.0,  0.0, 50.0 | Act(P,R,Y):  -0.7,-33.3, 20.8
[G07-W03] t=6.00s | Des(P,R,Y):   0.0,  0.0,  0.0 | Act(P,R,Y):   8.9,-16.6, 36.0
[Fixation Controller] Initialized 3-DOF Virtual Work tracking for Eyes.
Eval SUCCESS: G07-W03 | Kp=133.53, Ki=10.39, Kd=19.46 => Score=37.7
[G07-W02] t=6.00s | Des(P,R,Y):   0.0,  0.0,  0.0 | Act(P,R,Y):   8.7,-19.2, 36.1
[Fixation Controller] Initialized 3-DOF Virtual Work tracking for Eyes.
Eval SUCCESS: G07-W02 | Kp=115.25, Ki=12.91, Kd=20.57 => Score=40.5
[G07-W05] t=5.60s | Des(P,R,Y):   0.0,  0.0, 50.0 | Act(P,R,Y):  -5.5, -9.6, 10.8
[G07-W06] t=6.00s | Des(P,R,Y):   0.0,  0.0,  0.0 | Act(P,R,Y):   9.7,-26.4, 35.8
[Fixation Controller] Initialized 3-DOF Virtual Work tracking for Eyes.
Eval SUCCESS: G07-W06 | Kp=164.83, Ki=57.13, Kd=17.65 => Score=39.9
[G07-W01] t=6.00s | Des(P,R,Y):   0.0,  0.0,  0.0 | Act(P,R,Y):   9.1,-17.2, 35.9
[Fixation Controller] Initialized 3-DOF Virtual Work tracking for Eyes.
Eval SUCCESS: G07-W01 | Kp=174.50, Ki=22.57, Kd=24.93 => Score=34.1
[G07-W04] t=6.00s | Des(P,R,Y):   0.0,  0.0,  0.0 | Act(P,R,Y):  10.8,-26.5, 35.8
[Fixation Controller] Initialized 3-DOF Virtual Work tracking for Eyes.
Eval SUCCESS: G07-W04 | Kp=145.84, Ki=5.56, Kd=12.04 => Score=43.0
[G07-W05] t=5.80s | Des(P,R,Y):   0.0,  0.0, 50.0 | Act(P,R,Y):  -2.3,-15.0, 20.9
[G07-W05] t=6.00s | Des(P,R,Y):   0.0,  0.0,  0.0 | Act(P,R,Y):   6.8,-17.7, 35.9
[Fixation Controller] Initialized 3-DOF Virtual Work tracking for Eyes.
Eval SUCCESS: G07-W05 | Kp=145.06, Ki=56.88, Kd=38.21 => Score=38.3
    7     42 3.411525469271668e+01 3.2e+00 1.83e+01  1e+01  3e+01 27:00.1  
Gen 7: Best Error = 34.12 | Kp=174.50, Ki=22.57, Kd=24.93

--- Generation 8 ---
Found simbody-visualizer, setting SIMBODY_HOME env var to  C:\Users\User\miniforge3\envs\opensim_env\Lib\opensim
Found simbody-visualizer, setting SIMBODY_HOME env var to  C:\Users\User\miniforge3\envs\opensim_env\Lib\opensim
Found simbody-visualizer, setting SIMBODY_HOME env var to  C:\Users\User\miniforge3\envs\opensim_env\Lib\opensim
Found simbody-visualizer, setting SIMBODY_HOME env var to  C:\Users\User\miniforge3\envs\opensim_env\Lib\opensim
Found simbody-visualizer, setting SIMBODY_HOME env var to  C:\Users\User\miniforge3\envs\opensim_env\Lib\opensim
Found simbody-visualizer, setting SIMBODY_HOME env var to  C:\Users\User\miniforge3\envs\opensim_env\Lib\opensim
[G08-W04] t=0.20s | Des(P,R,Y):   0.0,  0.0,  0.0 | Act(P,R,Y):  -0.1,  0.5, -0.5
[G08-W01] t=0.20s | Des(P,R,Y):   0.0,  0.0,  0.0 | Act(P,R,Y):  -1.5,  0.5, -1.6
[G08-W03] t=0.20s | Des(P,R,Y):   0.0,  0.0,  0.0 | Act(P,R,Y):   0.4,  1.0, -0.3
[G08-W06] t=0.20s | Des(P,R,Y):   0.0,  0.0,  0.0 | Act(P,R,Y):  -0.8,  0.8, -1.3
[G08-W05] t=0.20s | Des(P,R,Y):   0.0,  0.0,  0.0 | Act(P,R,Y):  -1.5,  1.2, -1.5
[G08-W02] t=0.20s | Des(P,R,Y):   0.0,  0.0,  0.0 | Act(P,R,Y):   0.7,  1.2,  0.3
[G08-W05] t=0.40s | Des(P,R,Y):   0.0,  0.0,  0.0 | Act(P,R,Y):  -1.2, -0.2, -2.0
[G08-W01] t=0.40s | Des(P,R,Y):   0.0,  0.0,  0.0 | Act(P,R,Y):  -1.4,  0.1, -1.5
[G08-W04] t=0.40s | Des(P,R,Y):   0.0,  0.0,  0.0 | Act(P,R,Y):  -1.4, -0.2, -1.4
[G08-W03] t=0.40s | Des(P,R,Y):   0.0,  0.0,  0.0 | Act(P,R,Y):  -1.8,  0.1, -1.7
[G08-W02] t=0.40s | Des(P,R,Y):   0.0,  0.0,  0.0 | Act(P,R,Y):  -1.3,  0.1, -1.0
[G08-W06] t=0.40s | Des(P,R,Y):   0.0,  0.0,  0.0 | Act(P,R,Y):  -1.7,  0.0, -1.8
[G08-W01] t=0.60s | Des(P,R,Y):   0.0,  0.0,  0.0 | Act(P,R,Y):  -2.8, -1.4, -2.2
[G08-W05] t=0.60s | Des(P,R,Y):   0.0,  0.0,  0.0 | Act(P,R,Y):  -2.8, -1.0, -2.4
[G08-W06] t=0.60s | Des(P,R,Y):   0.0,  0.0,  0.0 | Act(P,R,Y):  -2.6, -1.1, -2.3
[G08-W03] t=0.60s | Des(P,R,Y):   0.0,  0.0,  0.0 | Act(P,R,Y):  -2.8, -0.8, -2.1
[G08-W04] t=0.60s | Des(P,R,Y):   0.0,  0.0,  0.0 | Act(P,R,Y):  -1.8, -0.6, -1.4
[G08-W02] t=0.60s | Des(P,R,Y):   0.0,  0.0,  0.0 | Act(P,R,Y):  -2.0, -0.6, -1.4
[G08-W01] t=0.80s | Des(P,R,Y):   0.0,  0.0,  0.0 | Act(P,R,Y):  -1.6, -0.6, -1.6
[G08-W05] t=0.80s | Des(P,R,Y):   0.0,  0.0,  0.0 | Act(P,R,Y):  -1.7, -0.5, -1.7
[G08-W06] t=0.80s | Des(P,R,Y):   0.0,  0.0,  0.0 | Act(P,R,Y):  -2.1, -0.7, -2.0
[G08-W03] t=0.80s | Des(P,R,Y):   0.0,  0.0,  0.0 | Act(P,R,Y):  -2.8, -0.9, -2.2
[G08-W04] t=0.80s | Des(P,R,Y):   0.0,  0.0,  0.0 | Act(P,R,Y):  -1.8, -0.7, -1.5
[G08-W02] t=0.80s | Des(P,R,Y):   0.0,  0.0,  0.0 | Act(P,R,Y):  -2.2, -0.7, -1.5
[G08-W01] t=1.00s | Des(P,R,Y):  45.0,  0.0,  0.0 | Act(P,R,Y):   8.1, -0.2, -1.9
[G08-W05] t=1.00s | Des(P,R,Y):  45.0,  0.0,  0.0 | Act(P,R,Y):   5.2, -0.9, -2.4
[G08-W06] t=1.00s | Des(P,R,Y):  45.0,  0.0,  0.0 | Act(P,R,Y):   7.3, -0.3, -2.2
[G08-W03] t=1.00s | Des(P,R,Y):  45.0,  0.0,  0.0 | Act(P,R,Y):   4.3, -0.6, -2.3
[G08-W04] t=1.00s | Des(P,R,Y):  45.0,  0.0,  0.0 | Act(P,R,Y):   6.4, -0.3, -1.6
[G08-W02] t=1.00s | Des(P,R,Y):  45.0,  0.0,  0.0 | Act(P,R,Y):   3.6, -0.8, -1.9
[G08-W01] t=1.20s | Des(P,R,Y):  45.0,  0.0,  0.0 | Act(P,R,Y):  43.1, -1.0, -0.6
[G08-W06] t=1.20s | Des(P,R,Y):  45.0,  0.0,  0.0 | Act(P,R,Y):  41.7, -0.6, -1.3
[G08-W05] t=1.20s | Des(P,R,Y):  45.0,  0.0,  0.0 | Act(P,R,Y):  43.5, -2.4, -1.9
[G08-W04] t=1.20s | Des(P,R,Y):  45.0,  0.0,  0.0 | Act(P,R,Y):  35.3, -0.5, -1.3
[G08-W03] t=1.20s | Des(P,R,Y):  45.0,  0.0,  0.0 | Act(P,R,Y):  30.6, -0.8, -2.3
[G08-W01] t=1.40s | Des(P,R,Y):  45.0,  0.0,  0.0 | Act(P,R,Y):  45.6, -1.9, -2.4
[G08-W06] t=1.40s | Des(P,R,Y):  45.0,  0.0,  0.0 | Act(P,R,Y):  44.5, -1.8, -2.6
[G08-W05] t=1.40s | Des(P,R,Y):  45.0,  0.0,  0.0 | Act(P,R,Y):  45.9, -1.9, -2.9
[G08-W02] t=1.20s | Des(P,R,Y):  45.0,  0.0,  0.0 | Act(P,R,Y):  27.5, -0.8, -1.8
[G08-W01] t=1.60s | Des(P,R,Y):  45.0,  0.0,  0.0 | Act(P,R,Y):  47.6, -0.9, -2.2
[G08-W04] t=1.40s | Des(P,R,Y):  45.0,  0.0,  0.0 | Act(P,R,Y):  42.5, -1.4, -1.7
[G08-W06] t=1.60s | Des(P,R,Y):  45.0,  0.0,  0.0 | Act(P,R,Y):  47.2, -1.3, -2.4
[G08-W03] t=1.40s | Des(P,R,Y):  45.0,  0.0,  0.0 | Act(P,R,Y):  40.7, -1.3, -2.5
[G08-W05] t=1.60s | Des(P,R,Y):  45.0,  0.0,  0.0 | Act(P,R,Y):  47.9, -1.2, -2.9
[G08-W01] t=1.80s | Des(P,R,Y):  45.0,  0.0,  0.0 | Act(P,R,Y):  49.5, -0.1, -1.5
[G08-W06] t=1.80s | Des(P,R,Y):  45.0,  0.0,  0.0 | Act(P,R,Y):  49.3, -0.5, -2.0
[G08-W04] t=1.60s | Des(P,R,Y):  45.0,  0.0,  0.0 | Act(P,R,Y):  46.6, -1.1, -1.7
[G08-W02] t=1.40s | Des(P,R,Y):  45.0,  0.0,  0.0 | Act(P,R,Y):  37.7, -1.1, -2.0
[G08-W03] t=1.60s | Des(P,R,Y):  45.0,  0.0,  0.0 | Act(P,R,Y):  46.0, -1.4, -2.6
[G08-W05] t=1.80s | Des(P,R,Y):  45.0,  0.0,  0.0 | Act(P,R,Y):  50.2, -0.0, -1.8
[G08-W01] t=2.00s | Des(P,R,Y):   0.0,  0.0,  0.0 | Act(P,R,Y):  45.9,  1.2, -0.1
[G08-W04] t=1.80s | Des(P,R,Y):  45.0,  0.0,  0.0 | Act(P,R,Y):  49.1, -0.4, -1.2
[G08-W06] t=2.00s | Des(P,R,Y):   0.0,  0.0,  0.0 | Act(P,R,Y):  46.0,  1.1, -0.6
[G08-W03] t=1.80s | Des(P,R,Y):  45.0,  0.0,  0.0 | Act(P,R,Y):  49.1, -0.8, -2.2
[G08-W05] t=2.00s | Des(P,R,Y):   0.0,  0.0,  0.0 | Act(P,R,Y):  46.6,  1.5, -0.5
[G08-W04] t=2.00s | Des(P,R,Y):   0.0,  0.0,  0.0 | Act(P,R,Y):  45.8,  0.9, -0.1
[G08-W06] t=2.20s | Des(P,R,Y):   0.0,  0.0,  0.0 | Act(P,R,Y):  14.4,  1.6, -0.5
[G08-W02] t=1.60s | Des(P,R,Y):  45.0,  0.0,  0.0 | Act(P,R,Y):  44.1, -0.7, -1.9
[G08-W01] t=2.20s | Des(P,R,Y):   0.0,  0.0,  0.0 | Act(P,R,Y):   9.4,  2.0, -0.1
[G08-W03] t=2.00s | Des(P,R,Y):   0.0,  0.0,  0.0 | Act(P,R,Y):  46.9,  0.5, -1.0
[G08-W05] t=2.20s | Des(P,R,Y):   0.0,  0.0,  0.0 | Act(P,R,Y):  11.4,  3.1,  0.4
[G08-W04] t=2.20s | Des(P,R,Y):   0.0,  0.0,  0.0 | Act(P,R,Y):  18.5,  0.8, -0.2
[G08-W03] t=2.20s | Des(P,R,Y):   0.0,  0.0,  0.0 | Act(P,R,Y):  26.9,  1.7, -0.1
[G08-W06] t=2.40s | Des(P,R,Y):   0.0,  0.0,  0.0 | Act(P,R,Y):   6.0,  0.7, -1.6
[G08-W01] t=2.40s | Des(P,R,Y):   0.0,  0.0,  0.0 | Act(P,R,Y):   3.6,  0.6, -1.6
[G08-W02] t=1.80s | Des(P,R,Y):  45.0,  0.0,  0.0 | Act(P,R,Y):  47.6, -0.2, -1.6
[G08-W05] t=2.40s | Des(P,R,Y):   0.0,  0.0,  0.0 | Act(P,R,Y):   5.3,  1.2, -1.6
[G08-W06] t=2.60s | Des(P,R,Y):   0.0,  0.0,  0.0 | Act(P,R,Y):   2.2,  0.9, -1.5
[G08-W04] t=2.40s | Des(P,R,Y):   0.0,  0.0,  0.0 | Act(P,R,Y):   8.2,  0.9, -0.3
[G08-W03] t=2.40s | Des(P,R,Y):   0.0,  0.0,  0.0 | Act(P,R,Y):  13.8,  1.0, -0.8
[G08-W01] t=2.60s | Des(P,R,Y):   0.0,  0.0,  0.0 | Act(P,R,Y):   2.0,  0.6, -1.4
[G08-W05] t=2.60s | Des(P,R,Y):   0.0,  0.0,  0.0 | Act(P,R,Y):   1.8,  1.3, -1.5
[G08-W02] t=2.00s | Des(P,R,Y):   0.0,  0.0,  0.0 | Act(P,R,Y):  45.7,  0.9, -0.7
[G08-W04] t=2.60s | Des(P,R,Y):   0.0,  0.0,  0.0 | Act(P,R,Y):   2.3,  0.3, -0.8
[G08-W03] t=2.60s | Des(P,R,Y):   0.0,  0.0,  0.0 | Act(P,R,Y):   5.7,  0.6, -1.1
[G08-W06] t=2.80s | Des(P,R,Y):   0.0,  0.0,  0.0 | Act(P,R,Y):   1.3,  0.3, -1.5
[G08-W01] t=2.80s | Des(P,R,Y):   0.0,  0.0,  0.0 | Act(P,R,Y):   1.0,  0.3, -1.2
[G08-W02] t=2.20s | Des(P,R,Y):   0.0,  0.0,  0.0 | Act(P,R,Y):  23.6,  0.3, -0.8
[G08-W05] t=2.80s | Des(P,R,Y):   0.0,  0.0,  0.0 | Act(P,R,Y):   1.2, -0.1, -1.8
[G08-W06] t=3.00s | Des(P,R,Y):   0.0, 35.0,  0.0 | Act(P,R,Y):   0.3,  7.0, -2.3
[G08-W03] t=2.80s | Des(P,R,Y):   0.0,  0.0,  0.0 | Act(P,R,Y):   1.4,  0.2, -1.3
[G08-W04] t=2.80s | Des(P,R,Y):   0.0,  0.0,  0.0 | Act(P,R,Y):  -0.1,  0.1, -0.8
[G08-W01] t=3.00s | Des(P,R,Y):   0.0, 35.0,  0.0 | Act(P,R,Y):   0.2,  7.9, -1.9
[G08-W02] t=2.40s | Des(P,R,Y):   0.0,  0.0,  0.0 | Act(P,R,Y):  12.9,  0.4, -0.8
[G08-W05] t=3.00s | Des(P,R,Y):   0.0, 35.0,  0.0 | Act(P,R,Y):  -0.1,  7.1, -2.4
[G08-W06] t=3.20s | Des(P,R,Y):   0.0, 35.0,  0.0 | Act(P,R,Y):  -1.6, 28.8, -3.6
[G08-W03] t=3.00s | Des(P,R,Y):   0.0, 35.0,  0.0 | Act(P,R,Y):  -0.9,  4.0, -1.8
[G08-W04] t=3.00s | Des(P,R,Y):   0.0, 35.0,  0.0 | Act(P,R,Y):  -1.0,  5.6, -1.1
[G08-W01] t=3.20s | Des(P,R,Y):   0.0, 35.0,  0.0 | Act(P,R,Y):  -1.9, 31.7, -3.1
[G08-W02] t=2.60s | Des(P,R,Y):   0.0,  0.0,  0.0 | Act(P,R,Y):   5.9, -0.0, -1.2
[G08-W05] t=3.20s | Des(P,R,Y):   0.0, 35.0,  0.0 | Act(P,R,Y):  -2.6, 32.8, -3.7
[G08-W06] t=3.40s | Des(P,R,Y):   0.0, 35.0,  0.0 | Act(P,R,Y):   0.8, 35.3, -2.4
[G08-W03] t=3.20s | Des(P,R,Y):   0.0, 35.0,  0.0 | Act(P,R,Y):  -3.0, 20.8, -2.8
[G08-W01] t=3.40s | Des(P,R,Y):   0.0, 35.0,  0.0 | Act(P,R,Y):   1.2, 36.2, -1.7
[G08-W04] t=3.20s | Des(P,R,Y):   0.0, 35.0,  0.0 | Act(P,R,Y):  -2.3, 25.4, -1.7
[G08-W02] t=2.80s | Des(P,R,Y):   0.0,  0.0,  0.0 | Act(P,R,Y):   2.0, -0.1, -1.3
[G08-W05] t=3.40s | Des(P,R,Y):   0.0, 35.0,  0.0 | Act(P,R,Y):   1.1, 36.5, -2.4
[G08-W06] t=3.60s | Des(P,R,Y):   0.0, 35.0,  0.0 | Act(P,R,Y):   2.7, 37.3, -1.4
[G08-W03] t=3.40s | Des(P,R,Y):   0.0, 35.0,  0.0 | Act(P,R,Y):  -1.9, 30.5, -2.4
[G08-W01] t=3.60s | Des(P,R,Y):   0.0, 35.0,  0.0 | Act(P,R,Y):   2.4, 37.5, -1.0
[G08-W04] t=3.40s | Des(P,R,Y):   0.0, 35.0,  0.0 | Act(P,R,Y):  -1.0, 33.4, -1.3
[G08-W05] t=3.60s | Des(P,R,Y):   0.0, 35.0,  0.0 | Act(P,R,Y):   2.9, 37.7, -1.3
[G08-W02] t=3.00s | Des(P,R,Y):   0.0, 35.0,  0.0 | Act(P,R,Y):   0.2,  3.8, -1.7
[G08-W06] t=3.80s | Des(P,R,Y):   0.0, 35.0,  0.0 | Act(P,R,Y):   3.3, 37.2, -1.4
[G08-W03] t=3.60s | Des(P,R,Y):   0.0, 35.0,  0.0 | Act(P,R,Y):   0.1, 35.4, -1.5
[G08-W01] t=3.80s | Des(P,R,Y):   0.0, 35.0,  0.0 | Act(P,R,Y):   3.0, 37.3, -1.0
[G08-W04] t=3.60s | Des(P,R,Y):   0.0, 35.0,  0.0 | Act(P,R,Y):   0.3, 36.5, -0.7
[G08-W05] t=3.80s | Des(P,R,Y):   0.0, 35.0,  0.0 | Act(P,R,Y):   3.5, 37.4, -1.4
[G08-W02] t=3.20s | Des(P,R,Y):   0.0, 35.0,  0.0 | Act(P,R,Y):  -1.4, 20.0, -2.2
[G08-W06] t=4.00s | Des(P,R,Y):   0.0,  0.0,  0.0 | Act(P,R,Y):   5.0, 30.7, -0.7
[G08-W03] t=3.80s | Des(P,R,Y):   0.0, 35.0,  0.0 | Act(P,R,Y):   1.2, 37.0, -1.2
[G08-W04] t=3.80s | Des(P,R,Y):   0.0, 35.0,  0.0 | Act(P,R,Y):   0.9, 37.2, -0.7
[G08-W01] t=4.00s | Des(P,R,Y):   0.0,  0.0,  0.0 | Act(P,R,Y):   4.8, 29.8, -0.2
[G08-W05] t=4.00s | Des(P,R,Y):   0.0,  0.0,  0.0 | Act(P,R,Y):   5.5, 29.8, -0.5
[G08-W06] t=4.20s | Des(P,R,Y):   0.0,  0.0,  0.0 | Act(P,R,Y):   4.9,  8.9, -0.4
[G08-W02] t=3.40s | Des(P,R,Y):   0.0, 35.0,  0.0 | Act(P,R,Y):  -0.5, 29.1, -2.0
[G08-W03] t=4.00s | Des(P,R,Y):   0.0,  0.0,  0.0 | Act(P,R,Y):   2.8, 33.5, -0.6
[G08-W04] t=4.00s | Des(P,R,Y):   0.0,  0.0,  0.0 | Act(P,R,Y):   2.4, 32.2,  0.0
[G08-W01] t=4.20s | Des(P,R,Y):   0.0,  0.0,  0.0 | Act(P,R,Y):   3.2,  4.9, -0.3
[G08-W05] t=4.20s | Des(P,R,Y):   0.0,  0.0,  0.0 | Act(P,R,Y):   4.9,  5.6,  0.0
[G08-W03] t=4.20s | Des(P,R,Y):   0.0,  0.0,  0.0 | Act(P,R,Y):   4.2, 17.5, -0.1
[G08-W04] t=4.20s | Des(P,R,Y):   0.0,  0.0,  0.0 | Act(P,R,Y):   2.6, 12.7,  0.1
[G08-W02] t=3.60s | Des(P,R,Y):   0.0, 35.0,  0.0 | Act(P,R,Y):   0.6, 33.7, -1.6
[G08-W06] t=4.40s | Des(P,R,Y):   0.0,  0.0,  0.0 | Act(P,R,Y):   2.9,  2.1, -0.9
[G08-W01] t=4.40s | Des(P,R,Y):   0.0,  0.0,  0.0 | Act(P,R,Y):   2.3,  0.7, -0.5
[G08-W05] t=4.40s | Des(P,R,Y):   0.0,  0.0,  0.0 | Act(P,R,Y):   3.5,  0.7, -0.5
[G08-W03] t=4.40s | Des(P,R,Y):   0.0,  0.0,  0.0 | Act(P,R,Y):   2.7,  8.0, -0.5
[G08-W02] t=3.80s | Des(P,R,Y):   0.0, 35.0,  0.0 | Act(P,R,Y):   1.4, 35.8, -1.4
[G08-W04] t=4.40s | Des(P,R,Y):   0.0,  0.0,  0.0 | Act(P,R,Y):   1.4,  4.3, -0.2
[G08-W06] t=4.60s | Des(P,R,Y):   0.0,  0.0,  0.0 | Act(P,R,Y):  -0.2, -0.8, -2.1
[G08-W01] t=4.60s | Des(P,R,Y):   0.0,  0.0,  0.0 | Act(P,R,Y):  -0.9, -1.4, -2.1
[G08-W05] t=4.60s | Des(P,R,Y):   0.0,  0.0,  0.0 | Act(P,R,Y):  -2.0, -2.2, -2.8
[G08-W03] t=4.60s | Des(P,R,Y):   0.0,  0.0,  0.0 | Act(P,R,Y):   0.9,  3.2, -0.8
[G08-W02] t=4.00s | Des(P,R,Y):   0.0,  0.0,  0.0 | Act(P,R,Y):   2.6, 32.6, -0.8
[G08-W06] t=4.80s | Des(P,R,Y):   0.0,  0.0,  0.0 | Act(P,R,Y):  -1.1, -1.0, -2.2
[G08-W04] t=4.60s | Des(P,R,Y):   0.0,  0.0,  0.0 | Act(P,R,Y):  -0.2,  0.9, -0.5
[G08-W01] t=4.80s | Des(P,R,Y):   0.0,  0.0,  0.0 | Act(P,R,Y):  -1.6, -0.7, -1.9
[G08-W05] t=4.80s | Des(P,R,Y):   0.0,  0.0,  0.0 | Act(P,R,Y):  -1.3, -1.0, -1.8
[G08-W02] t=4.20s | Des(P,R,Y):   0.0,  0.0,  0.0 | Act(P,R,Y):   3.0, 17.1, -0.7
[G08-W03] t=4.80s | Des(P,R,Y):   0.0,  0.0,  0.0 | Act(P,R,Y):  -0.8,  0.7, -1.1
[G08-W04] t=4.80s | Des(P,R,Y):   0.0,  0.0,  0.0 | Act(P,R,Y):  -1.3, -0.5, -0.8
[G08-W06] t=5.00s | Des(P,R,Y):   0.0,  0.0, 50.0 | Act(P,R,Y):  -2.4, -5.6, -1.4
[G08-W01] t=5.00s | Des(P,R,Y):   0.0,  0.0, 50.0 | Act(P,R,Y):  -2.4, -5.3, -0.9
[G08-W05] t=5.00s | Des(P,R,Y):   0.0,  0.0, 50.0 | Act(P,R,Y):  -3.2, -5.3, -1.6
[G08-W02] t=4.40s | Des(P,R,Y):   0.0,  0.0,  0.0 | Act(P,R,Y):   2.3,  8.8, -0.7
[G08-W03] t=5.00s | Des(P,R,Y):   0.0,  0.0, 50.0 | Act(P,R,Y):  -2.8, -4.4, -0.5
[G08-W04] t=5.00s | Des(P,R,Y):   0.0,  0.0, 50.0 | Act(P,R,Y):  -3.1, -4.6,  0.0
[G08-W06] t=5.20s | Des(P,R,Y):   0.0,  0.0, 50.0 | Act(P,R,Y):  -9.1,-17.4, 23.5
[G08-W01] t=5.20s | Des(P,R,Y):   0.0,  0.0, 50.0 | Act(P,R,Y): -13.7,-26.1, 24.0
[G08-W05] t=5.20s | Des(P,R,Y):   0.0,  0.0, 50.0 | Act(P,R,Y): -18.3,-29.6, 24.0
[G08-W03] t=5.20s | Des(P,R,Y):   0.0,  0.0, 50.0 | Act(P,R,Y):  -2.4, -7.0, 22.6
[G08-W02] t=4.60s | Des(P,R,Y):   0.0,  0.0,  0.0 | Act(P,R,Y):   0.9,  3.9, -1.1
[G08-W04] t=5.20s | Des(P,R,Y):   0.0,  0.0, 50.0 | Act(P,R,Y):  -3.8, -7.7, 22.7
[G08-W06] t=5.40s | Des(P,R,Y):   0.0,  0.0, 50.0 | Act(P,R,Y):  -4.7,-11.5, 10.7
[G08-W01] t=5.40s | Des(P,R,Y):   0.0,  0.0, 50.0 | Act(P,R,Y):  -1.3,-28.0, 10.3
[G08-W05] t=5.40s | Des(P,R,Y):   0.0,  0.0, 50.0 | Act(P,R,Y):  -3.2,-29.4, 10.3
[G08-W03] t=5.40s | Des(P,R,Y):   0.0,  0.0, 50.0 | Act(P,R,Y):  -7.4,-12.8, 10.8
[G08-W02] t=4.80s | Des(P,R,Y):   0.0,  0.0,  0.0 | Act(P,R,Y):  -0.3,  1.5, -1.2
[G08-W04] t=5.40s | Des(P,R,Y):   0.0,  0.0, 50.0 | Act(P,R,Y):  -4.8, -8.8, 10.8
[G08-W06] t=5.60s | Des(P,R,Y):   0.0,  0.0, 50.0 | Act(P,R,Y):  -2.8, -9.2, 10.7
[G08-W01] t=5.60s | Des(P,R,Y):   0.0,  0.0, 50.0 | Act(P,R,Y):  -1.2,-31.1, 10.7
[G08-W05] t=5.60s | Des(P,R,Y):   0.0,  0.0, 50.0 | Act(P,R,Y):  -3.8,-32.5, 10.7
[G08-W03] t=5.60s | Des(P,R,Y):   0.0,  0.0, 50.0 | Act(P,R,Y):  -6.0,-11.1, 10.8
[G08-W06] t=5.80s | Des(P,R,Y):   0.0,  0.0, 50.0 | Act(P,R,Y):  -0.2,-15.9, 20.9
[G08-W01] t=5.80s | Des(P,R,Y):   0.0,  0.0, 50.0 | Act(P,R,Y):  -1.4,-33.9, 20.8
[G08-W04] t=5.60s | Des(P,R,Y):   0.0,  0.0, 50.0 | Act(P,R,Y):  -3.1, -6.6, 10.8
[G08-W02] t=5.00s | Des(P,R,Y):   0.0,  0.0, 50.0 | Act(P,R,Y):  -2.4, -3.1, -0.5
[G08-W05] t=5.80s | Des(P,R,Y):   0.0,  0.0, 50.0 | Act(P,R,Y):  -1.6,-33.5, 20.8
[G08-W03] t=5.80s | Des(P,R,Y):   0.0,  0.0, 50.0 | Act(P,R,Y):  -2.5,-17.2, 20.9
[G08-W04] t=5.80s | Des(P,R,Y):   0.0,  0.0, 50.0 | Act(P,R,Y):  -2.0,-14.0, 20.8
[G08-W06] t=6.00s | Des(P,R,Y):   0.0,  0.0,  0.0 | Act(P,R,Y):   9.7,-17.1, 36.0
[Fixation Controller] Initialized 3-DOF Virtual Work tracking for Eyes.
Eval SUCCESS: G08-W06 | Kp=151.22, Ki=12.73, Kd=20.74 => Score=36.0
[G08-W02] t=5.20s | Des(P,R,Y):   0.0,  0.0, 50.0 | Act(P,R,Y):  -1.8, -4.0, 22.4
[G08-W01] t=6.00s | Des(P,R,Y):   0.0,  0.0,  0.0 | Act(P,R,Y):   9.8,-26.4, 35.7
[Fixation Controller] Initialized 3-DOF Virtual Work tracking for Eyes.
Eval SUCCESS: G08-W01 | Kp=175.15, Ki=21.31, Kd=18.40 => Score=39.0
[G08-W05] t=6.00s | Des(P,R,Y):   0.0,  0.0,  0.0 | Act(P,R,Y):  10.4,-26.4, 35.7
[Fixation Controller] Initialized 3-DOF Virtual Work tracking for Eyes.
Eval SUCCESS: G08-W05 | Kp=142.23, Ki=16.93, Kd=14.20 => Score=42.4
[G08-W03] t=6.00s | Des(P,R,Y):   0.0,  0.0,  0.0 | Act(P,R,Y):   6.5,-18.1, 35.9
[Fixation Controller] Initialized 3-DOF Virtual Work tracking for Eyes.
Eval SUCCESS: G08-W03 | Kp=124.62, Ki=33.76, Kd=32.45 => Score=39.8
[G08-W04] t=6.00s | Des(P,R,Y):   0.0,  0.0,  0.0 | Act(P,R,Y):   8.1,-16.4, 35.8
[Fixation Controller] Initialized 3-DOF Virtual Work tracking for Eyes.
Eval SUCCESS: G08-W04 | Kp=198.88, Ki=59.77, Kd=39.21 => Score=33.4
[G08-W02] t=5.40s | Des(P,R,Y):   0.0,  0.0, 50.0 | Act(P,R,Y):  -5.2, -9.3, 10.9
[G08-W02] t=5.60s | Des(P,R,Y):   0.0,  0.0, 50.0 | Act(P,R,Y):  -4.1, -8.4, 10.7
[G08-W02] t=5.80s | Des(P,R,Y):   0.0,  0.0, 50.0 | Act(P,R,Y):  -2.5,-14.3, 20.8
[G08-W02] t=6.00s | Des(P,R,Y):   0.0,  0.0,  0.0 | Act(P,R,Y):   6.6,-14.4, 35.6
[Fixation Controller] Initialized 3-DOF Virtual Work tracking for Eyes.
Eval SUCCESS: G08-W02 | Kp=167.71, Ki=27.67, Kd=48.06 => Score=37.2
    8     48 3.340477112700835e+01 3.2e+00 2.11e+01  1e+01  4e+01 31:10.7  
Gen 8: Best Error = 33.40 | Kp=198.88, Ki=59.77, Kd=39.21

--- Generation 9 ---
Found simbody-visualizer, setting SIMBODY_HOME env var to  C:\Users\User\miniforge3\envs\opensim_env\Lib\opensim
Found simbody-visualizer, setting SIMBODY_HOME env var to  C:\Users\User\miniforge3\envs\opensim_env\Lib\opensim
Found simbody-visualizer, setting SIMBODY_HOME env var to  C:\Users\User\miniforge3\envs\opensim_env\Lib\opensim
Found simbody-visualizer, setting SIMBODY_HOME env var to  C:\Users\User\miniforge3\envs\opensim_env\Lib\opensim
Found simbody-visualizer, setting SIMBODY_HOME env var to  C:\Users\User\miniforge3\envs\opensim_env\Lib\opensim
Found simbody-visualizer, setting SIMBODY_HOME env var to  C:\Users\User\miniforge3\envs\opensim_env\Lib\opensim
[G09-W01] t=0.20s | Des(P,R,Y):   0.0,  0.0,  0.0 | Act(P,R,Y):  -0.7,  0.2, -1.0
[G09-W06] t=0.20s | Des(P,R,Y):   0.0,  0.0,  0.0 | Act(P,R,Y):  -0.1,  0.6, -0.6
[G09-W03] t=0.20s | Des(P,R,Y):   0.0,  0.0,  0.0 | Act(P,R,Y):  -0.7,  0.2, -1.1
[G09-W05] t=0.20s | Des(P,R,Y):   0.0,  0.0,  0.0 | Act(P,R,Y):  -0.8,  0.4, -1.2
[G09-W04] t=0.20s | Des(P,R,Y):   0.0,  0.0,  0.0 | Act(P,R,Y):   0.4,  0.9, -0.0
[G09-W02] t=0.20s | Des(P,R,Y):   0.0,  0.0,  0.0 | Act(P,R,Y):  -2.3,  1.7, -1.4
[G09-W02] t=0.40s | Des(P,R,Y):   0.0,  0.0,  0.0 | Act(P,R,Y):  -1.4, -0.9, -2.2
[G09-W01] t=0.40s | Des(P,R,Y):   0.0,  0.0,  0.0 | Act(P,R,Y):  -1.7, -0.1, -1.5
[G09-W05] t=0.40s | Des(P,R,Y):   0.0,  0.0,  0.0 | Act(P,R,Y):  -1.8, -0.1, -1.7
[G09-W06] t=0.40s | Des(P,R,Y):   0.0,  0.0,  0.0 | Act(P,R,Y):  -1.6, -0.0, -1.5
[G09-W04] t=0.40s | Des(P,R,Y):   0.0,  0.0,  0.0 | Act(P,R,Y):  -1.5, -0.1, -1.1
[G09-W03] t=0.40s | Des(P,R,Y):   0.0,  0.0,  0.0 | Act(P,R,Y):  -1.8, -0.1, -1.6
[G09-W02] t=0.60s | Des(P,R,Y):   0.0,  0.0,  0.0 | Act(P,R,Y):  -1.9,  0.5, -1.3
[G09-W01] t=0.60s | Des(P,R,Y):   0.0,  0.0,  0.0 | Act(P,R,Y):  -2.1, -0.7, -1.6
[G09-W03] t=0.60s | Des(P,R,Y):   0.0,  0.0,  0.0 | Act(P,R,Y):  -2.2, -0.8, -1.7
[G09-W05] t=0.60s | Des(P,R,Y):   0.0,  0.0,  0.0 | Act(P,R,Y):  -2.2, -0.8, -1.8
[G09-W06] t=0.60s | Des(P,R,Y):   0.0,  0.0,  0.0 | Act(P,R,Y):  -2.3, -0.7, -1.7
[G09-W04] t=0.60s | Des(P,R,Y):   0.0,  0.0,  0.0 | Act(P,R,Y):  -1.9, -0.8, -1.4
[G09-W02] t=0.80s | Des(P,R,Y):   0.0,  0.0,  0.0 | Act(P,R,Y):  -1.8, -0.7, -1.7
[G09-W01] t=0.80s | Des(P,R,Y):   0.0,  0.0,  0.0 | Act(P,R,Y):  -1.7, -0.6, -1.5
[G09-W05] t=0.80s | Des(P,R,Y):   0.0,  0.0,  0.0 | Act(P,R,Y):  -1.8, -0.6, -1.7
[G09-W03] t=0.80s | Des(P,R,Y):   0.0,  0.0,  0.0 | Act(P,R,Y):  -1.7, -0.6, -1.5
[G09-W06] t=0.80s | Des(P,R,Y):   0.0,  0.0,  0.0 | Act(P,R,Y):  -2.1, -0.7, -1.7
[G09-W04] t=0.80s | Des(P,R,Y):   0.0,  0.0,  0.0 | Act(P,R,Y):  -1.8, -0.7, -1.3
[G09-W02] t=1.00s | Des(P,R,Y):  45.0,  0.0,  0.0 | Act(P,R,Y):   4.3, -0.5, -2.4
[G09-W03] t=1.00s | Des(P,R,Y):  45.0,  0.0,  0.0 | Act(P,R,Y):   7.6, -0.3, -1.8
[G09-W05] t=1.00s | Des(P,R,Y):  45.0,  0.0,  0.0 | Act(P,R,Y):   7.1, -0.3, -1.9
[G09-W01] t=1.00s | Des(P,R,Y):  45.0,  0.0,  0.0 | Act(P,R,Y):   7.6, -0.2, -1.7
[G09-W06] t=1.00s | Des(P,R,Y):  45.0,  0.0,  0.0 | Act(P,R,Y):   6.2, -0.3, -1.9
[G09-W04] t=1.00s | Des(P,R,Y):  45.0,  0.0,  0.0 | Act(P,R,Y):   5.4, -0.7, -1.6
[G09-W02] t=1.20s | Des(P,R,Y):  45.0,  0.0,  0.0 | Act(P,R,Y):  48.9, -5.3, -4.5
[G09-W05] t=1.20s | Des(P,R,Y):  45.0,  0.0,  0.0 | Act(P,R,Y):  40.3, -0.5, -1.2
[G09-W06] t=1.20s | Des(P,R,Y):  45.0,  0.0,  0.0 | Act(P,R,Y):  35.2, -0.6, -1.6
[G09-W03] t=1.20s | Des(P,R,Y):  45.0,  0.0,  0.0 | Act(P,R,Y):  39.4, -0.6, -1.2
[G09-W01] t=1.20s | Des(P,R,Y):  45.0,  0.0,  0.0 | Act(P,R,Y):  39.4, -0.6, -1.2
[G09-W04] t=1.20s | Des(P,R,Y):  45.0,  0.0,  0.0 | Act(P,R,Y):  32.4, -0.8, -1.3
[G09-W05] t=1.40s | Des(P,R,Y):  45.0,  0.0,  0.0 | Act(P,R,Y):  43.8, -1.7, -2.3
[G09-W03] t=1.40s | Des(P,R,Y):  45.0,  0.0,  0.0 | Act(P,R,Y):  43.9, -1.4, -2.0
[G09-W02] t=1.40s | Des(P,R,Y):  45.0,  0.0,  0.0 | Act(P,R,Y):  48.6,  0.8, -0.8
[G09-W01] t=1.40s | Des(P,R,Y):  45.0,  0.0,  0.0 | Act(P,R,Y):  43.9, -1.4, -1.9
[G09-W06] t=1.40s | Des(P,R,Y):  45.0,  0.0,  0.0 | Act(P,R,Y):  41.8, -1.4, -2.0
[G09-W05] t=1.60s | Des(P,R,Y):  45.0,  0.0,  0.0 | Act(P,R,Y):  46.4, -1.1, -2.2
[G09-W03] t=1.60s | Des(P,R,Y):  45.0,  0.0,  0.0 | Act(P,R,Y):  46.8, -1.0, -1.9
[G09-W01] t=1.60s | Des(P,R,Y):  45.0,  0.0,  0.0 | Act(P,R,Y):  46.6, -0.9, -1.8
[G09-W02] t=1.60s | Des(P,R,Y):  45.0,  0.0,  0.0 | Act(P,R,Y):  48.0, -1.1, -3.6
[G09-W05] t=1.80s | Des(P,R,Y):  45.0,  0.0,  0.0 | Act(P,R,Y):  48.4, -0.4, -1.8
[G09-W06] t=1.60s | Des(P,R,Y):  45.0,  0.0,  0.0 | Act(P,R,Y):  45.6, -1.2, -2.1
[G09-W03] t=1.80s | Des(P,R,Y):  45.0,  0.0,  0.0 | Act(P,R,Y):  48.8, -0.3, -1.4
[G09-W04] t=1.40s | Des(P,R,Y):  45.0,  0.0,  0.0 | Act(P,R,Y):  43.0, -0.9, -1.5
[G09-W01] t=1.80s | Des(P,R,Y):  45.0,  0.0,  0.0 | Act(P,R,Y):  48.5, -0.3, -1.4
[G09-W02] t=1.80s | Des(P,R,Y):  45.0,  0.0,  0.0 | Act(P,R,Y):  50.7,  1.1, -0.9
[G09-W06] t=1.80s | Des(P,R,Y):  45.0,  0.0,  0.0 | Act(P,R,Y):  48.3, -0.6, -1.7
[G09-W05] t=2.00s | Des(P,R,Y):   0.0,  0.0,  0.0 | Act(P,R,Y):  45.1,  1.0, -0.5
[G09-W03] t=2.00s | Des(P,R,Y):   0.0,  0.0,  0.0 | Act(P,R,Y):  45.3,  1.0, -0.2
[G09-W01] t=2.00s | Des(P,R,Y):   0.0,  0.0,  0.0 | Act(P,R,Y):  44.9,  1.0, -0.2
[G09-W06] t=2.00s | Des(P,R,Y):   0.0,  0.0,  0.0 | Act(P,R,Y):  45.2,  0.7, -0.5
[G09-W02] t=2.00s | Des(P,R,Y):   0.0,  0.0,  0.0 | Act(P,R,Y):  46.4,  1.6, -0.7
[G09-W04] t=1.60s | Des(P,R,Y):  45.0,  0.0,  0.0 | Act(P,R,Y):  47.6, -0.7, -1.4
[G09-W05] t=2.20s | Des(P,R,Y):   0.0,  0.0,  0.0 | Act(P,R,Y):  12.2,  0.7, -1.0
[G09-W03] t=2.20s | Des(P,R,Y):   0.0,  0.0,  0.0 | Act(P,R,Y):  13.0,  0.6, -0.6
[G09-W01] t=2.20s | Des(P,R,Y):   0.0,  0.0,  0.0 | Act(P,R,Y):  12.3,  0.5, -0.7
[G09-W06] t=2.20s | Des(P,R,Y):   0.0,  0.0,  0.0 | Act(P,R,Y):  18.0,  0.7, -0.7
[G09-W02] t=2.20s | Des(P,R,Y):   0.0,  0.0,  0.0 | Act(P,R,Y):   6.7,  6.1,  2.1
[G09-W05] t=2.40s | Des(P,R,Y):   0.0,  0.0,  0.0 | Act(P,R,Y):   6.0,  1.2, -1.0
[G09-W03] t=2.40s | Des(P,R,Y):   0.0,  0.0,  0.0 | Act(P,R,Y):   5.7,  1.1, -0.7
[G09-W01] t=2.40s | Des(P,R,Y):   0.0,  0.0,  0.0 | Act(P,R,Y):   5.2,  0.9, -0.8
[G09-W04] t=1.80s | Des(P,R,Y):  45.0,  0.0,  0.0 | Act(P,R,Y):  50.3, -0.0, -1.1
[G09-W06] t=2.40s | Des(P,R,Y):   0.0,  0.0,  0.0 | Act(P,R,Y):   8.5,  0.8, -0.9
[G09-W02] t=2.40s | Des(P,R,Y):   0.0,  0.0,  0.0 | Act(P,R,Y):   0.4, -0.5, -3.9
[G09-W05] t=2.60s | Des(P,R,Y):   0.0,  0.0,  0.0 | Act(P,R,Y):   1.8,  0.1, -1.9
[G09-W03] t=2.60s | Des(P,R,Y):   0.0,  0.0,  0.0 | Act(P,R,Y):   1.6,  0.2, -1.4
[G09-W01] t=2.60s | Des(P,R,Y):   0.0,  0.0,  0.0 | Act(P,R,Y):   1.6,  0.2, -1.3
[G09-W06] t=2.60s | Des(P,R,Y):   0.0,  0.0,  0.0 | Act(P,R,Y):   3.0,  0.3, -1.3
[G09-W02] t=2.60s | Des(P,R,Y):   0.0,  0.0,  0.0 | Act(P,R,Y):   4.9,  2.6,  0.7
[G09-W04] t=2.00s | Des(P,R,Y):   0.0,  0.0,  0.0 | Act(P,R,Y):  47.4,  1.4,  0.2
[G09-W05] t=2.80s | Des(P,R,Y):   0.0,  0.0,  0.0 | Act(P,R,Y):   0.5,  0.0, -1.8
[G09-W03] t=2.80s | Des(P,R,Y):   0.0,  0.0,  0.0 | Act(P,R,Y):   0.2,  0.0, -1.4
[G09-W01] t=2.80s | Des(P,R,Y):   0.0,  0.0,  0.0 | Act(P,R,Y):   0.3,  0.1, -1.4
[G09-W06] t=2.80s | Des(P,R,Y):   0.0,  0.0,  0.0 | Act(P,R,Y):   0.7,  0.1, -1.4
[G09-W04] t=2.20s | Des(P,R,Y):   0.0,  0.0,  0.0 | Act(P,R,Y):  20.8,  0.6, -0.0
[G09-W02] t=2.80s | Des(P,R,Y):   0.0,  0.0,  0.0 | Act(P,R,Y):   0.3, -1.4, -3.0
[G09-W05] t=3.00s | Des(P,R,Y):   0.0, 35.0,  0.0 | Act(P,R,Y):   0.6,  6.5, -2.0
[G09-W03] t=3.00s | Des(P,R,Y):   0.0, 35.0,  0.0 | Act(P,R,Y):   0.1,  6.7, -1.6
[G09-W01] t=3.00s | Des(P,R,Y):   0.0, 35.0,  0.0 | Act(P,R,Y):   0.1,  6.7, -1.6
[G09-W04] t=2.40s | Des(P,R,Y):   0.0,  0.0,  0.0 | Act(P,R,Y):   9.3,  0.7, -0.2
[G09-W02] t=3.00s | Des(P,R,Y):   0.0, 35.0,  0.0 | Act(P,R,Y):   1.6,  8.4, -1.9
[G09-W06] t=3.00s | Des(P,R,Y):   0.0, 35.0,  0.0 | Act(P,R,Y):  -0.2,  5.7, -1.7
[G09-W05] t=3.20s | Des(P,R,Y):   0.0, 35.0,  0.0 | Act(P,R,Y):  -1.2, 28.7, -3.3
[G09-W03] t=3.20s | Des(P,R,Y):   0.0, 35.0,  0.0 | Act(P,R,Y):  -1.2, 28.8, -2.4
[G09-W01] t=3.20s | Des(P,R,Y):   0.0, 35.0,  0.0 | Act(P,R,Y):  -1.3, 28.6, -2.5
[G09-W02] t=3.20s | Des(P,R,Y):   0.0, 35.0,  0.0 | Act(P,R,Y):  -3.6, 35.0, -4.7
[G09-W04] t=2.60s | Des(P,R,Y):   0.0,  0.0,  0.0 | Act(P,R,Y):   2.8,  0.3, -0.5
[G09-W06] t=3.20s | Des(P,R,Y):   0.0, 35.0,  0.0 | Act(P,R,Y):  -1.5, 25.4, -2.4
[G09-W05] t=3.40s | Des(P,R,Y):   0.0, 35.0,  0.0 | Act(P,R,Y):   1.0, 34.7, -2.2
[G09-W03] t=3.40s | Des(P,R,Y):   0.0, 35.0,  0.0 | Act(P,R,Y):   0.4, 34.4, -1.8
[G09-W02] t=3.40s | Des(P,R,Y):   0.0, 35.0,  0.0 | Act(P,R,Y):   4.1, 38.0, -1.1
[G09-W01] t=3.40s | Des(P,R,Y):   0.0, 35.0,  0.0 | Act(P,R,Y):   0.6, 34.4, -1.7
[G09-W04] t=2.80s | Des(P,R,Y):   0.0,  0.0,  0.0 | Act(P,R,Y):  -0.5,  0.2, -0.6
[G09-W06] t=3.40s | Des(P,R,Y):   0.0, 35.0,  0.0 | Act(P,R,Y):  -0.3, 32.8, -2.0
[G09-W05] t=3.60s | Des(P,R,Y):   0.0, 35.0,  0.0 | Act(P,R,Y):   2.4, 36.4, -1.6
[G09-W03] t=3.60s | Des(P,R,Y):   0.0, 35.0,  0.0 | Act(P,R,Y):   1.9, 36.6, -1.1
[G09-W02] t=3.60s | Des(P,R,Y):   0.0, 35.0,  0.0 | Act(P,R,Y):   3.4, 37.6, -1.7
[G09-W01] t=3.60s | Des(P,R,Y):   0.0, 35.0,  0.0 | Act(P,R,Y):   1.8, 36.5, -1.1
[G09-W06] t=3.60s | Des(P,R,Y):   0.0, 35.0,  0.0 | Act(P,R,Y):   1.3, 35.8, -1.4
[G09-W04] t=3.00s | Des(P,R,Y):   0.0, 35.0,  0.0 | Act(P,R,Y):  -2.0,  5.0, -1.0
[G09-W03] t=3.80s | Des(P,R,Y):   0.0, 35.0,  0.0 | Act(P,R,Y):   2.3, 36.8, -1.1
[G09-W05] t=3.80s | Des(P,R,Y):   0.0, 35.0,  0.0 | Act(P,R,Y):   3.3, 36.6, -1.5
[G09-W02] t=3.80s | Des(P,R,Y):   0.0, 35.0,  0.0 | Act(P,R,Y):   4.2, 36.9, -1.9
[G09-W01] t=3.80s | Des(P,R,Y):   0.0, 35.0,  0.0 | Act(P,R,Y):   2.2, 36.6, -1.1
[G09-W06] t=3.80s | Des(P,R,Y):   0.0, 35.0,  0.0 | Act(P,R,Y):   2.0, 36.4, -1.3
[G09-W04] t=3.20s | Des(P,R,Y):   0.0, 35.0,  0.0 | Act(P,R,Y):  -3.1, 24.1, -1.3
[G09-W03] t=4.00s | Des(P,R,Y):   0.0,  0.0,  0.0 | Act(P,R,Y):   3.8, 30.4, -0.4
[G09-W05] t=4.00s | Des(P,R,Y):   0.0,  0.0,  0.0 | Act(P,R,Y):   4.8, 30.1, -0.8
[G09-W02] t=4.00s | Des(P,R,Y):   0.0,  0.0,  0.0 | Act(P,R,Y):   7.0, 29.2, -0.4
[G09-W01] t=4.00s | Des(P,R,Y):   0.0,  0.0,  0.0 | Act(P,R,Y):   3.7, 30.0, -0.5
[G09-W06] t=4.00s | Des(P,R,Y):   0.0,  0.0,  0.0 | Act(P,R,Y):   3.6, 31.4, -0.6
[G09-W04] t=3.40s | Des(P,R,Y):   0.0, 35.0,  0.0 | Act(P,R,Y):  -2.1, 32.7, -1.1
[G09-W05] t=4.20s | Des(P,R,Y):   0.0,  0.0,  0.0 | Act(P,R,Y):   4.2,  8.4, -0.9
[G09-W03] t=4.20s | Des(P,R,Y):   0.0,  0.0,  0.0 | Act(P,R,Y):   3.6,  9.0, -0.3
[G09-W02] t=4.20s | Des(P,R,Y):   0.0,  0.0,  0.0 | Act(P,R,Y):   3.8,  0.3, -0.8
[G09-W01] t=4.20s | Des(P,R,Y):   0.0,  0.0,  0.0 | Act(P,R,Y):   3.4,  8.6, -0.4
[G09-W06] t=4.20s | Des(P,R,Y):   0.0,  0.0,  0.0 | Act(P,R,Y):   3.8, 12.2, -0.6
[G09-W04] t=3.60s | Des(P,R,Y):   0.0, 35.0,  0.0 | Act(P,R,Y):  -0.8, 36.4, -0.7
[G09-W05] t=4.40s | Des(P,R,Y):   0.0,  0.0,  0.0 | Act(P,R,Y):   2.8,  1.7, -1.4
[G09-W03] t=4.40s | Des(P,R,Y):   0.0,  0.0,  0.0 | Act(P,R,Y):   2.0,  1.9, -0.8
[G09-W02] t=4.40s | Des(P,R,Y):   0.0,  0.0,  0.0 | Act(P,R,Y):   3.8, -1.0, -1.9
[G09-W01] t=4.40s | Des(P,R,Y):   0.0,  0.0,  0.0 | Act(P,R,Y):   1.9,  1.8, -0.9
[G09-W06] t=4.40s | Des(P,R,Y):   0.0,  0.0,  0.0 | Act(P,R,Y):   2.4,  4.1, -0.9
[G09-W04] t=3.80s | Des(P,R,Y):   0.0, 35.0,  0.0 | Act(P,R,Y):  -0.1, 37.6, -0.5
[G09-W02] t=4.60s | Des(P,R,Y):   0.0,  0.0,  0.0 | Act(P,R,Y):  -1.2, -0.4, -2.8
[G09-W05] t=4.60s | Des(P,R,Y):   0.0,  0.0,  0.0 | Act(P,R,Y):   0.6, -0.4, -2.1
[G09-W03] t=4.60s | Des(P,R,Y):   0.0,  0.0,  0.0 | Act(P,R,Y):   0.3,  0.0, -1.2
[G09-W01] t=4.60s | Des(P,R,Y):   0.0,  0.0,  0.0 | Act(P,R,Y):   0.3, -0.0, -1.3
[G09-W06] t=4.60s | Des(P,R,Y):   0.0,  0.0,  0.0 | Act(P,R,Y):   0.8,  1.2, -1.2
[G09-W04] t=4.00s | Des(P,R,Y):   0.0,  0.0,  0.0 | Act(P,R,Y):   1.4, 33.2,  0.1
[G09-W02] t=4.80s | Des(P,R,Y):   0.0,  0.0,  0.0 | Act(P,R,Y):   0.7, -0.1, -2.4
[G09-W05] t=4.80s | Des(P,R,Y):   0.0,  0.0,  0.0 | Act(P,R,Y):  -0.5, -0.6, -2.3
[G09-W03] t=4.80s | Des(P,R,Y):   0.0,  0.0,  0.0 | Act(P,R,Y):  -0.8, -0.6, -1.5
[G09-W01] t=4.80s | Des(P,R,Y):   0.0,  0.0,  0.0 | Act(P,R,Y):  -0.6, -0.5, -1.5
[G09-W06] t=4.80s | Des(P,R,Y):   0.0,  0.0,  0.0 | Act(P,R,Y):  -0.4, -0.0, -1.5
[G09-W04] t=4.20s | Des(P,R,Y):   0.0,  0.0,  0.0 | Act(P,R,Y):   1.8, 14.6,  0.2
[G09-W02] t=5.00s | Des(P,R,Y):   0.0,  0.0, 50.0 | Act(P,R,Y):  -2.0, -5.4, -2.2
[G09-W05] t=5.00s | Des(P,R,Y):   0.0,  0.0, 50.0 | Act(P,R,Y):  -1.8, -4.9, -1.5
[G09-W03] t=5.00s | Des(P,R,Y):   0.0,  0.0, 50.0 | Act(P,R,Y):  -2.5, -4.8, -0.7
[G09-W01] t=5.00s | Des(P,R,Y):   0.0,  0.0, 50.0 | Act(P,R,Y):  -2.0, -4.5, -0.7
[G09-W06] t=5.00s | Des(P,R,Y):   0.0,  0.0, 50.0 | Act(P,R,Y):  -2.1, -4.3, -0.7
[G09-W04] t=4.40s | Des(P,R,Y):   0.0,  0.0,  0.0 | Act(P,R,Y):   0.6,  5.5, -0.0
[G09-W02] t=5.20s | Des(P,R,Y):   0.0,  0.0, 50.0 | Act(P,R,Y): -19.7,-33.9, 24.0
[G09-W03] t=5.20s | Des(P,R,Y):   0.0,  0.0, 50.0 | Act(P,R,Y):  -3.9,-11.4, 23.1
[G09-W05] t=5.20s | Des(P,R,Y):   0.0,  0.0, 50.0 | Act(P,R,Y):  -4.3,-12.9, 23.3
[G09-W01] t=5.20s | Des(P,R,Y):   0.0,  0.0, 50.0 | Act(P,R,Y):  -3.5,-11.1, 23.1
[G09-W06] t=5.20s | Des(P,R,Y):   0.0,  0.0, 50.0 | Act(P,R,Y):  -3.0, -7.7, 22.8
[G09-W02] t=5.40s | Des(P,R,Y):   0.0,  0.0, 50.0 | Act(P,R,Y):   2.4,-31.6, 10.0
[G09-W04] t=4.60s | Des(P,R,Y):   0.0,  0.0,  0.0 | Act(P,R,Y):  -0.5,  1.5, -0.2
[G09-W03] t=5.40s | Des(P,R,Y):   0.0,  0.0, 50.0 | Act(P,R,Y):  -4.3, -9.6, 10.8
[G09-W05] t=5.40s | Des(P,R,Y):   0.0,  0.0, 50.0 | Act(P,R,Y):  -4.3,-12.3, 10.7
[G09-W01] t=5.40s | Des(P,R,Y):   0.0,  0.0, 50.0 | Act(P,R,Y):  -3.8, -9.8, 10.8
[G09-W06] t=5.40s | Des(P,R,Y):   0.0,  0.0, 50.0 | Act(P,R,Y):  -4.9, -9.9, 10.9
[G09-W02] t=5.60s | Des(P,R,Y):   0.0,  0.0, 50.0 | Act(P,R,Y):  -4.2,-31.9, 10.7
[G09-W04] t=4.80s | Des(P,R,Y):   0.0,  0.0,  0.0 | Act(P,R,Y):  -1.7, -0.6, -0.5
[G09-W03] t=5.60s | Des(P,R,Y):   0.0,  0.0, 50.0 | Act(P,R,Y):  -1.9, -7.5, 10.7
[G09-W05] t=5.60s | Des(P,R,Y):   0.0,  0.0, 50.0 | Act(P,R,Y):  -1.2,-13.8, 10.6
[G09-W01] t=5.60s | Des(P,R,Y):   0.0,  0.0, 50.0 | Act(P,R,Y):  -1.7, -9.7, 10.7
[G09-W02] t=5.80s | Des(P,R,Y):   0.0,  0.0, 50.0 | Act(P,R,Y):   0.7,-33.4, 20.8
[G09-W06] t=5.60s | Des(P,R,Y):   0.0,  0.0, 50.0 | Act(P,R,Y):  -3.0, -8.6, 10.7
[G09-W03] t=5.80s | Des(P,R,Y):   0.0,  0.0, 50.0 | Act(P,R,Y):   0.3,-17.2, 21.0
[G09-W05] t=5.80s | Des(P,R,Y):   0.0,  0.0, 50.0 | Act(P,R,Y):   1.3,-23.4, 21.0
[G09-W04] t=5.00s | Des(P,R,Y):   0.0,  0.0, 50.0 | Act(P,R,Y):  -3.6, -4.7,  0.2
[G09-W01] t=5.80s | Des(P,R,Y):   0.0,  0.0, 50.0 | Act(P,R,Y):  -0.7,-17.7, 20.9
[G09-W02] t=6.00s | Des(P,R,Y):   0.0,  0.0,  0.0 | Act(P,R,Y):   9.8,-26.4, 35.8
[Fixation Controller] Initialized 3-DOF Virtual Work tracking for Eyes.
Eval SUCCESS: G09-W02 | Kp=167.26, Ki=3.31, Kd=10.12 => Score=43.3
[G09-W06] t=5.80s | Des(P,R,Y):   0.0,  0.0, 50.0 | Act(P,R,Y):  -1.6,-15.5, 20.9
[G09-W03] t=6.00s | Des(P,R,Y):   0.0,  0.0,  0.0 | Act(P,R,Y):   8.7,-18.7, 35.8
[Fixation Controller] Initialized 3-DOF Virtual Work tracking for Eyes.
Eval SUCCESS: G09-W03 | Kp=194.70, Ki=22.48, Kd=28.77 => Score=32.9
[G09-W05] t=6.00s | Des(P,R,Y):   0.0,  0.0,  0.0 | Act(P,R,Y):   8.7,-21.9, 35.9
[Fixation Controller] Initialized 3-DOF Virtual Work tracking for Eyes.
Eval SUCCESS: G09-W05 | Kp=178.32, Ki=2.40, Kd=25.06 => Score=35.2
[G09-W01] t=6.00s | Des(P,R,Y):   0.0,  0.0,  0.0 | Act(P,R,Y):   9.3,-18.2, 35.8
[Fixation Controller] Initialized 3-DOF Virtual Work tracking for Eyes.
Eval SUCCESS: G09-W01 | Kp=207.70, Ki=17.23, Kd=30.31 => Score=32.6
[G09-W04] t=5.20s | Des(P,R,Y):   0.0,  0.0, 50.0 | Act(P,R,Y):  -4.1, -7.4, 22.7
[G09-W06] t=6.00s | Des(P,R,Y):   0.0,  0.0,  0.0 | Act(P,R,Y):   8.7,-17.6, 35.8
[Fixation Controller] Initialized 3-DOF Virtual Work tracking for Eyes.
Eval SUCCESS: G09-W06 | Kp=172.13, Ki=20.56, Kd=33.44 => Score=34.7
[G09-W04] t=5.40s | Des(P,R,Y):   0.0,  0.0, 50.0 | Act(P,R,Y):  -5.0, -8.7, 10.8
[G09-W04] t=5.60s | Des(P,R,Y):   0.0,  0.0, 50.0 | Act(P,R,Y):  -3.4, -6.3, 10.7
[G09-W04] t=5.80s | Des(P,R,Y):   0.0,  0.0, 50.0 | Act(P,R,Y):  -1.1,-11.3, 20.8
[G09-W04] t=6.00s | Des(P,R,Y):   0.0,  0.0,  0.0 | Act(P,R,Y):   7.8,-15.4, 35.8
[Fixation Controller] Initialized 3-DOF Virtual Work tracking for Eyes.
Eval SUCCESS: G09-W04 | Kp=210.67, Ki=91.54, Kd=46.93 => Score=34.1
    9     54 3.263576741288581e+01 3.7e+00 2.67e+01  1e+01  4e+01 35:22.0  
Gen 9: Best Error = 32.64 | Kp=207.70, Ki=17.23, Kd=30.31

--- Generation 10 ---
Found simbody-visualizer, setting SIMBODY_HOME env var to  C:\Users\User\miniforge3\envs\opensim_env\Lib\opensim
Found simbody-visualizer, setting SIMBODY_HOME env var to  C:\Users\User\miniforge3\envs\opensim_env\Lib\opensim
Found simbody-visualizer, setting SIMBODY_HOME env var to  C:\Users\User\miniforge3\envs\opensim_env\Lib\opensim
Found simbody-visualizer, setting SIMBODY_HOME env var to  C:\Users\User\miniforge3\envs\opensim_env\Lib\opensim
Found simbody-visualizer, setting SIMBODY_HOME env var to  C:\Users\User\miniforge3\envs\opensim_env\Lib\opensim
Found simbody-visualizer, setting SIMBODY_HOME env var to  C:\Users\User\miniforge3\envs\opensim_env\Lib\opensim
[G10-W05] t=0.20s | Des(P,R,Y):   0.0,  0.0,  0.0 | Act(P,R,Y):  -1.2, -0.3, -1.3
[G10-W02] t=0.20s | Des(P,R,Y):   0.0,  0.0,  0.0 | Act(P,R,Y):  -0.7,  0.2, -1.0
[G10-W01] t=0.20s | Des(P,R,Y):   0.0,  0.0,  0.0 | Act(P,R,Y):   0.0,  0.7, -0.4
[G10-W04] t=0.20s | Des(P,R,Y):   0.0,  0.0,  0.0 | Act(P,R,Y):  -1.3,  0.9, -1.5
[G10-W06] t=0.20s | Des(P,R,Y):   0.0,  0.0,  0.0 | Act(P,R,Y):   0.2,  0.7, -0.2
[G10-W03] t=0.20s | Des(P,R,Y):   0.0,  0.0,  0.0 | Act(P,R,Y):   4.0,  7.3, -0.4
[G10-W03] t=0.40s | Des(P,R,Y):   0.0,  0.0,  0.0 | Act(P,R,Y):   0.6, -4.2, -5.5
[G10-W05] t=0.40s | Des(P,R,Y):   0.0,  0.0,  0.0 | Act(P,R,Y):  -1.3,  0.0, -1.3
[G10-W01] t=0.40s | Des(P,R,Y):   0.0,  0.0,  0.0 | Act(P,R,Y):  -1.7, -0.2, -1.6
[G10-W06] t=0.40s | Des(P,R,Y):   0.0,  0.0,  0.0 | Act(P,R,Y):  -1.4, -0.4, -1.4
[G10-W02] t=0.40s | Des(P,R,Y):   0.0,  0.0,  0.0 | Act(P,R,Y):  -1.7, -0.2, -1.5
[G10-W04] t=0.40s | Des(P,R,Y):   0.0,  0.0,  0.0 | Act(P,R,Y):  -1.4, -0.0, -1.8
[G10-W03] t=0.60s | Des(P,R,Y):   0.0,  0.0,  0.0 | Act(P,R,Y):  -0.4,  5.7,  8.9
[G10-W05] t=0.60s | Des(P,R,Y):   0.0,  0.0,  0.0 | Act(P,R,Y):  -1.6, -0.7, -1.4
[G10-W04] t=0.60s | Des(P,R,Y):   0.0,  0.0,  0.0 | Act(P,R,Y):  -3.0, -1.3, -2.4
[G10-W02] t=0.60s | Des(P,R,Y):   0.0,  0.0,  0.0 | Act(P,R,Y):  -2.0, -0.8, -1.6
[G10-W01] t=0.60s | Des(P,R,Y):   0.0,  0.0,  0.0 | Act(P,R,Y):  -2.3, -0.9, -1.7
[G10-W06] t=0.60s | Des(P,R,Y):   0.0,  0.0,  0.0 | Act(P,R,Y):  -1.6, -0.4, -1.3
[G10-W03] t=0.80s | Des(P,R,Y):   0.0,  0.0,  0.0 | Act(P,R,Y):  -9.9,  0.3,-12.7
[G10-W01] t=0.80s | Des(P,R,Y):   0.0,  0.0,  0.0 | Act(P,R,Y):  -2.1, -1.0, -1.6
[G10-W02] t=0.80s | Des(P,R,Y):   0.0,  0.0,  0.0 | Act(P,R,Y):  -1.6, -0.6, -1.4
[G10-W05] t=0.80s | Des(P,R,Y):   0.0,  0.0,  0.0 | Act(P,R,Y):  -1.4, -0.5, -1.2
[G10-W04] t=0.80s | Des(P,R,Y):   0.0,  0.0,  0.0 | Act(P,R,Y):  -2.0, -0.7, -1.7
[G10-W06] t=0.80s | Des(P,R,Y):   0.0,  0.0,  0.0 | Act(P,R,Y):  -1.5, -0.5, -1.3
[G10-W03] t=1.00s | Des(P,R,Y):  45.0,  0.0,  0.0 | Act(P,R,Y):   5.7, -6.0,  8.2
[G10-W04] t=1.00s | Des(P,R,Y):  45.0,  0.0,  0.0 | Act(P,R,Y):   6.8, -0.7, -2.2
[G10-W02] t=1.00s | Des(P,R,Y):  45.0,  0.0,  0.0 | Act(P,R,Y):   7.6, -0.2, -1.5
[G10-W01] t=1.00s | Des(P,R,Y):  45.0,  0.0,  0.0 | Act(P,R,Y):   5.8, -0.5, -1.6
[G10-W05] t=1.00s | Des(P,R,Y):  45.0,  0.0,  0.0 | Act(P,R,Y):   8.2, -0.2, -1.4
[G10-W06] t=1.00s | Des(P,R,Y):  45.0,  0.0,  0.0 | Act(P,R,Y):   6.3, -0.3, -1.6
[G10-W03] t=1.20s | Des(P,R,Y):  45.0,  0.0,  0.0 | Act(P,R,Y):  54.9, -0.8,-12.4
[G10-W01] t=1.20s | Des(P,R,Y):  45.0,  0.0,  0.0 | Act(P,R,Y):  34.9, -0.9, -1.3
[G10-W05] t=1.20s | Des(P,R,Y):  45.0,  0.0,  0.0 | Act(P,R,Y):  42.2, -0.5, -0.6
[G10-W04] t=1.20s | Des(P,R,Y):  45.0,  0.0,  0.0 | Act(P,R,Y):  43.0, -1.2, -1.0
[G10-W02] t=1.20s | Des(P,R,Y):  45.0,  0.0,  0.0 | Act(P,R,Y):  39.9, -0.6, -1.0
[G10-W06] t=1.20s | Des(P,R,Y):  45.0,  0.0,  0.0 | Act(P,R,Y):  33.6, -0.6, -1.4
[G10-W05] t=1.40s | Des(P,R,Y):  45.0,  0.0,  0.0 | Act(P,R,Y):  45.7, -1.5, -1.6
[G10-W04] t=1.40s | Des(P,R,Y):  45.0,  0.0,  0.0 | Act(P,R,Y):  45.3, -2.1, -2.8
[G10-W02] t=1.40s | Des(P,R,Y):  45.0,  0.0,  0.0 | Act(P,R,Y):  44.7, -1.4, -1.8
[G10-W01] t=1.40s | Des(P,R,Y):  45.0,  0.0,  0.0 | Act(P,R,Y):  45.2, -1.3, -1.4
[G10-W03] t=1.40s | Des(P,R,Y):  45.0,  0.0,  0.0 | Act(P,R,Y):  43.4,-11.3, -1.1
[G10-W05] t=1.60s | Des(P,R,Y):  45.0,  0.0,  0.0 | Act(P,R,Y):  48.0, -0.7, -1.4
[G10-W02] t=1.60s | Des(P,R,Y):  45.0,  0.0,  0.0 | Act(P,R,Y):  47.5, -0.9, -1.6
[G10-W06] t=1.40s | Des(P,R,Y):  45.0,  0.0,  0.0 | Act(P,R,Y):  41.4, -1.2, -1.7
[G10-W04] t=1.60s | Des(P,R,Y):  45.0,  0.0,  0.0 | Act(P,R,Y):  47.6, -1.2, -2.6
[G10-W01] t=1.60s | Des(P,R,Y):  45.0,  0.0,  0.0 | Act(P,R,Y):  49.8, -1.2, -1.7
[G10-W05] t=1.80s | Des(P,R,Y):  45.0,  0.0,  0.0 | Act(P,R,Y):  49.7,  0.0, -0.8
[G10-W02] t=1.80s | Des(P,R,Y):  45.0,  0.0,  0.0 | Act(P,R,Y):  49.3, -0.2, -1.1
[G10-W03] t=1.60s | Des(P,R,Y):  45.0,  0.0,  0.0 | Act(P,R,Y):  52.9, 11.4, -1.4
[G10-W04] t=1.80s | Des(P,R,Y):  45.0,  0.0,  0.0 | Act(P,R,Y):  49.8, -0.3, -1.8
[G10-W01] t=1.80s | Des(P,R,Y):  45.0,  0.0,  0.0 | Act(P,R,Y):  52.3, -0.5, -1.2
[G10-W05] t=2.00s | Des(P,R,Y):   0.0,  0.0,  0.0 | Act(P,R,Y):  45.8,  1.3,  0.4
[G10-W02] t=2.00s | Des(P,R,Y):   0.0,  0.0,  0.0 | Act(P,R,Y):  45.7,  1.1,  0.1
[G10-W06] t=1.60s | Des(P,R,Y):  45.0,  0.0,  0.0 | Act(P,R,Y):  45.3, -0.8, -1.6
[G10-W04] t=2.00s | Des(P,R,Y):   0.0,  0.0,  0.0 | Act(P,R,Y):  46.3,  1.3, -0.4
[G10-W01] t=2.00s | Des(P,R,Y):   0.0,  0.0,  0.0 | Act(P,R,Y):  48.8,  1.0,  0.3
[G10-W03] t=1.80s | Des(P,R,Y):  45.0,  0.0,  0.0 | Act(P,R,Y):  41.5,-16.3, -6.9
[G10-W02] t=2.20s | Des(P,R,Y):   0.0,  0.0,  0.0 | Act(P,R,Y):  13.0,  0.7, -0.2
[G10-W05] t=2.20s | Des(P,R,Y):   0.0,  0.0,  0.0 | Act(P,R,Y):  10.2,  0.7, -0.0
[G10-W04] t=2.20s | Des(P,R,Y):   0.0,  0.0,  0.0 | Act(P,R,Y):  11.7,  2.2, -0.0
[G10-W06] t=1.80s | Des(P,R,Y):  45.0,  0.0,  0.0 | Act(P,R,Y):  47.8, -0.2, -1.3
[G10-W01] t=2.20s | Des(P,R,Y):   0.0,  0.0,  0.0 | Act(P,R,Y):  25.4,  2.5,  1.7
[G10-W03] t=2.00s | Des(P,R,Y):   0.0,  0.0,  0.0 | Act(P,R,Y):  50.1, 19.0, 11.8
[G10-W02] t=2.40s | Des(P,R,Y):   0.0,  0.0,  0.0 | Act(P,R,Y):   5.0,  1.0, -0.4
[G10-W05] t=2.40s | Des(P,R,Y):   0.0,  0.0,  0.0 | Act(P,R,Y):   3.0,  0.9, -0.4
[G10-W04] t=2.40s | Des(P,R,Y):   0.0,  0.0,  0.0 | Act(P,R,Y):   5.2,  0.9, -1.6
[G10-W01] t=2.40s | Des(P,R,Y):   0.0,  0.0,  0.0 | Act(P,R,Y):   8.6,  1.2,  0.5
[G10-W06] t=2.00s | Des(P,R,Y):   0.0,  0.0,  0.0 | Act(P,R,Y):  44.7,  1.0, -0.3
[G10-W03] t=2.20s | Des(P,R,Y):   0.0,  0.0,  0.0 | Act(P,R,Y):  -0.6, 10.4, -1.7
[G10-W02] t=2.60s | Des(P,R,Y):   0.0,  0.0,  0.0 | Act(P,R,Y):   1.1,  0.3, -0.9
[G10-W05] t=2.60s | Des(P,R,Y):   0.0,  0.0,  0.0 | Act(P,R,Y):   0.0,  0.3, -0.8
[G10-W04] t=2.60s | Des(P,R,Y):   0.0,  0.0,  0.0 | Act(P,R,Y):   1.8,  0.8, -1.6
[G10-W06] t=2.20s | Des(P,R,Y):   0.0,  0.0,  0.0 | Act(P,R,Y):  16.3,  0.1, -0.8
[G10-W01] t=2.60s | Des(P,R,Y):   0.0,  0.0,  0.0 | Act(P,R,Y):   0.7,  1.2,  0.3
[G10-W03] t=2.40s | Des(P,R,Y):   0.0,  0.0,  0.0 | Act(P,R,Y):   1.2, -9.3, -9.1
[G10-W02] t=2.80s | Des(P,R,Y):   0.0,  0.0,  0.0 | Act(P,R,Y):  -0.4,  0.1, -0.9
[G10-W05] t=2.80s | Des(P,R,Y):   0.0,  0.0,  0.0 | Act(P,R,Y):  -0.9,  0.1, -0.7
[G10-W04] t=2.80s | Des(P,R,Y):   0.0,  0.0,  0.0 | Act(P,R,Y):   1.2, -0.1, -1.8
[G10-W06] t=2.40s | Des(P,R,Y):   0.0,  0.0,  0.0 | Act(P,R,Y):   7.0,  0.3, -0.8
[G10-W01] t=2.80s | Des(P,R,Y):   0.0,  0.0,  0.0 | Act(P,R,Y):  -4.0,  0.5, -0.1
[G10-W03] t=2.60s | Des(P,R,Y):   0.0,  0.0,  0.0 | Act(P,R,Y):   6.2,  6.7,  9.6
[G10-W02] t=3.00s | Des(P,R,Y):   0.0, 35.0,  0.0 | Act(P,R,Y):  -0.7,  6.7, -1.2
[G10-W05] t=3.00s | Des(P,R,Y):   0.0, 35.0,  0.0 | Act(P,R,Y):  -1.1,  7.2, -1.0
[G10-W06] t=2.60s | Des(P,R,Y):   0.0,  0.0,  0.0 | Act(P,R,Y):   2.2, -0.1, -1.2
[G10-W04] t=3.00s | Des(P,R,Y):   0.0, 35.0,  0.0 | Act(P,R,Y):   0.6,  7.7, -2.0
[G10-W01] t=3.00s | Des(P,R,Y):   0.0, 35.0,  0.0 | Act(P,R,Y):  -6.0,  5.1, -0.7
[G10-W03] t=2.80s | Des(P,R,Y):   0.0,  0.0,  0.0 | Act(P,R,Y):   5.4,  5.8,-14.3
[G10-W02] t=3.20s | Des(P,R,Y):   0.0, 35.0,  0.0 | Act(P,R,Y):  -2.1, 28.8, -2.1
[G10-W04] t=3.20s | Des(P,R,Y):   0.0, 35.0,  0.0 | Act(P,R,Y):  -2.2, 31.6, -3.4
[G10-W05] t=3.20s | Des(P,R,Y):   0.0, 35.0,  0.0 | Act(P,R,Y):  -2.9, 30.1, -1.9
[G10-W06] t=2.80s | Des(P,R,Y):   0.0,  0.0,  0.0 | Act(P,R,Y):   0.2, -0.1, -1.2
[G10-W01] t=3.20s | Des(P,R,Y):   0.0, 35.0,  0.0 | Act(P,R,Y):  -6.9, 24.5, -1.3
[G10-W03] t=3.00s | Des(P,R,Y):   0.0, 35.0,  0.0 | Act(P,R,Y): -17.4,-13.5,  6.4
[G10-W05] t=3.40s | Des(P,R,Y):   0.0, 35.0,  0.0 | Act(P,R,Y):  -0.5, 36.2, -0.9
[G10-W02] t=3.40s | Des(P,R,Y):   0.0, 35.0,  0.0 | Act(P,R,Y):  -0.3, 35.1, -1.2
[G10-W04] t=3.40s | Des(P,R,Y):   0.0, 35.0,  0.0 | Act(P,R,Y):   1.0, 36.1, -2.4
[G10-W06] t=3.00s | Des(P,R,Y):   0.0, 35.0,  0.0 | Act(P,R,Y):  -0.4,  5.3, -1.6
[G10-W03] t=3.20s | Des(P,R,Y):   0.0, 35.0,  0.0 | Act(P,R,Y):  21.0, 41.8, -7.7
[G10-W01] t=3.40s | Des(P,R,Y):   0.0, 35.0,  0.0 | Act(P,R,Y):  -5.3, 34.3, -1.2
[G10-W02] t=3.60s | Des(P,R,Y):   0.0, 35.0,  0.0 | Act(P,R,Y):   0.8, 37.1, -0.6
[G10-W05] t=3.60s | Des(P,R,Y):   0.0, 35.0,  0.0 | Act(P,R,Y):   0.5, 37.7, -0.3
[G10-W04] t=3.60s | Des(P,R,Y):   0.0, 35.0,  0.0 | Act(P,R,Y):   3.0, 37.7, -1.1
[G10-W06] t=3.20s | Des(P,R,Y):   0.0, 35.0,  0.0 | Act(P,R,Y):  -1.2, 24.7, -1.9
[G10-W03] t=3.40s | Des(P,R,Y):   0.0, 35.0,  0.0 | Act(P,R,Y): -14.2, 36.5,-18.1
[G10-W01] t=3.60s | Des(P,R,Y):   0.0, 35.0,  0.0 | Act(P,R,Y):  -2.9, 38.7, -0.3
[G10-W02] t=3.80s | Des(P,R,Y):   0.0, 35.0,  0.0 | Act(P,R,Y):   1.3, 37.2, -0.6
[G10-W05] t=3.80s | Des(P,R,Y):   0.0, 35.0,  0.0 | Act(P,R,Y):   1.1, 37.6, -0.2
[G10-W04] t=3.80s | Des(P,R,Y):   0.0, 35.0,  0.0 | Act(P,R,Y):   3.5, 37.2, -1.3
[G10-W06] t=3.40s | Des(P,R,Y):   0.0, 35.0,  0.0 | Act(P,R,Y):  -0.4, 32.2, -1.7
[G10-W03] t=3.60s | Des(P,R,Y):   0.0, 35.0,  0.0 | Act(P,R,Y):   0.6, 34.6,  3.7
[G10-W01] t=3.80s | Des(P,R,Y):   0.0, 35.0,  0.0 | Act(P,R,Y):  -1.5, 39.8, -0.1
[G10-W02] t=4.00s | Des(P,R,Y):   0.0,  0.0,  0.0 | Act(P,R,Y):   2.9, 30.8,  0.1
[G10-W04] t=4.00s | Des(P,R,Y):   0.0,  0.0,  0.0 | Act(P,R,Y):   5.3, 29.7, -0.4
[G10-W05] t=4.00s | Des(P,R,Y):   0.0,  0.0,  0.0 | Act(P,R,Y):   2.5, 30.4,  0.4
[G10-W03] t=3.80s | Des(P,R,Y):   0.0, 35.0,  0.0 | Act(P,R,Y):  -5.8, 34.5, -4.9
[G10-W06] t=3.60s | Des(P,R,Y):   0.0, 35.0,  0.0 | Act(P,R,Y):   1.0, 35.0, -1.4
[G10-W01] t=4.00s | Des(P,R,Y):   0.0,  0.0,  0.0 | Act(P,R,Y):   0.7, 35.0,  0.7
[G10-W02] t=4.20s | Des(P,R,Y):   0.0,  0.0,  0.0 | Act(P,R,Y):   2.5,  8.8,  0.1
[G10-W04] t=4.20s | Des(P,R,Y):   0.0,  0.0,  0.0 | Act(P,R,Y):   4.5,  6.5, -0.2
[G10-W05] t=4.20s | Des(P,R,Y):   0.0,  0.0,  0.0 | Act(P,R,Y):   1.9,  7.2,  0.4
[G10-W03] t=4.00s | Des(P,R,Y):   0.0,  0.0,  0.0 | Act(P,R,Y):  12.5, 29.8,  2.9
[G10-W06] t=3.80s | Des(P,R,Y):   0.0, 35.0,  0.0 | Act(P,R,Y):   1.5, 35.9, -1.3
[G10-W01] t=4.20s | Des(P,R,Y):   0.0,  0.0,  0.0 | Act(P,R,Y):   2.1, 16.0,  1.1
[G10-W02] t=4.40s | Des(P,R,Y):   0.0,  0.0,  0.0 | Act(P,R,Y):   0.9,  1.6, -0.4
[G10-W03] t=4.20s | Des(P,R,Y):   0.0,  0.0,  0.0 | Act(P,R,Y):   3.1, -8.6, -0.8
[G10-W04] t=4.40s | Des(P,R,Y):   0.0,  0.0,  0.0 | Act(P,R,Y):   3.3,  1.2, -0.5
[G10-W05] t=4.40s | Des(P,R,Y):   0.0,  0.0,  0.0 | Act(P,R,Y):   0.4,  0.6, -0.1
[G10-W06] t=4.00s | Des(P,R,Y):   0.0,  0.0,  0.0 | Act(P,R,Y):   3.0, 31.2, -0.6
[G10-W01] t=4.40s | Des(P,R,Y):   0.0,  0.0,  0.0 | Act(P,R,Y):   0.6,  4.7,  0.5
[G10-W03] t=4.40s | Des(P,R,Y):   0.0,  0.0,  0.0 | Act(P,R,Y):  20.3, 11.1,  1.0
[G10-W02] t=4.60s | Des(P,R,Y):   0.0,  0.0,  0.0 | Act(P,R,Y):  -0.6, -0.2, -0.7
[G10-W04] t=4.60s | Des(P,R,Y):   0.0,  0.0,  0.0 | Act(P,R,Y):  -1.3, -1.5, -2.4
[G10-W05] t=4.60s | Des(P,R,Y):   0.0,  0.0,  0.0 | Act(P,R,Y):  -1.3, -1.1, -0.7
[G10-W06] t=4.20s | Des(P,R,Y):   0.0,  0.0,  0.0 | Act(P,R,Y):   2.9, 12.0, -0.7
[G10-W01] t=4.60s | Des(P,R,Y):   0.0,  0.0,  0.0 | Act(P,R,Y):  -1.2, -0.7,  0.1
[G10-W03] t=4.60s | Des(P,R,Y):   0.0,  0.0,  0.0 | Act(P,R,Y): -16.4, -5.3, -3.3
[G10-W02] t=4.80s | Des(P,R,Y):   0.0,  0.0,  0.0 | Act(P,R,Y):  -1.5, -0.8, -0.9
[G10-W04] t=4.80s | Des(P,R,Y):   0.0,  0.0,  0.0 | Act(P,R,Y):  -2.0, -1.2, -2.0
[G10-W05] t=4.80s | Des(P,R,Y):   0.0,  0.0,  0.0 | Act(P,R,Y):  -1.9, -1.3, -0.8
[G10-W06] t=4.40s | Des(P,R,Y):   0.0,  0.0,  0.0 | Act(P,R,Y):   1.9,  4.3, -0.9
[G10-W01] t=4.80s | Des(P,R,Y):   0.0,  0.0,  0.0 | Act(P,R,Y):  -2.7, -3.3, -0.4
[G10-W03] t=4.80s | Des(P,R,Y):   0.0,  0.0,  0.0 | Act(P,R,Y):  22.9,  7.5,  1.4
[G10-W04] t=5.00s | Des(P,R,Y):   0.0,  0.0, 50.0 | Act(P,R,Y):  -3.1, -6.2, -1.3
[G10-W02] t=5.00s | Des(P,R,Y):   0.0,  0.0, 50.0 | Act(P,R,Y):  -2.8, -4.8, -0.1
[G10-W05] t=5.00s | Des(P,R,Y):   0.0,  0.0, 50.0 | Act(P,R,Y):  -3.2, -5.1,  0.1
[G10-W06] t=4.60s | Des(P,R,Y):   0.0,  0.0,  0.0 | Act(P,R,Y):   0.8,  1.4, -1.1
[G10-W03] t=5.00s | Des(P,R,Y):   0.0,  0.0, 50.0 | Act(P,R,Y): -18.0, -6.4, -5.8
[G10-W01] t=5.00s | Des(P,R,Y):   0.0,  0.0, 50.0 | Act(P,R,Y):  -4.6, -7.8,  0.3
[G10-W04] t=5.20s | Des(P,R,Y):   0.0,  0.0, 50.0 | Act(P,R,Y): -14.7,-25.8, 23.9
[G10-W02] t=5.20s | Des(P,R,Y):   0.0,  0.0, 50.0 | Act(P,R,Y):  -5.2,-11.7, 23.1
[G10-W05] t=5.20s | Des(P,R,Y):   0.0,  0.0, 50.0 | Act(P,R,Y):  -8.5,-16.7, 23.6
[G10-W06] t=4.80s | Des(P,R,Y):   0.0,  0.0,  0.0 | Act(P,R,Y):  -0.2,  0.1, -1.3
[G10-W03] t=5.20s | Des(P,R,Y):   0.0,  0.0, 50.0 | Act(P,R,Y): -15.4,-37.0, 23.7
[G10-W01] t=5.20s | Des(P,R,Y):   0.0,  0.0, 50.0 | Act(P,R,Y):  -5.2,-10.9, 22.8
[G10-W04] t=5.40s | Des(P,R,Y):   0.0,  0.0, 50.0 | Act(P,R,Y):  -4.1,-25.1, 10.3
[G10-W02] t=5.40s | Des(P,R,Y):   0.0,  0.0, 50.0 | Act(P,R,Y):  -4.2, -8.4, 10.8
[G10-W05] t=5.40s | Des(P,R,Y):   0.0,  0.0, 50.0 | Act(P,R,Y):  -3.6,-12.1, 10.6
[G10-W03] t=5.40s | Des(P,R,Y):   0.0,  0.0, 50.0 | Act(P,R,Y):  12.0,-30.5,  9.9
[G10-W06] t=5.00s | Des(P,R,Y):   0.0,  0.0, 50.0 | Act(P,R,Y):  -1.9, -3.8, -0.5
[G10-W01] t=5.40s | Des(P,R,Y):   0.0,  0.0, 50.0 | Act(P,R,Y):  -6.1,-11.6, 10.9
[G10-W04] t=5.60s | Des(P,R,Y):   0.0,  0.0, 50.0 | Act(P,R,Y):  -3.1,-32.0, 10.6
[G10-W02] t=5.60s | Des(P,R,Y):   0.0,  0.0, 50.0 | Act(P,R,Y):  -2.0, -4.9, 10.8
[G10-W05] t=5.60s | Des(P,R,Y):   0.0,  0.0, 50.0 | Act(P,R,Y):  -1.6,-18.5, 10.7
[G10-W03] t=5.60s | Des(P,R,Y):   0.0,  0.0, 50.0 | Act(P,R,Y):  -9.5,-34.6, 10.7
[G10-W06] t=5.20s | Des(P,R,Y):   0.0,  0.0, 50.0 | Act(P,R,Y):  -2.8, -6.5, 22.7
[G10-W01] t=5.60s | Des(P,R,Y):   0.0,  0.0, 50.0 | Act(P,R,Y):  -3.1, -7.3, 10.8
[G10-W04] t=5.80s | Des(P,R,Y):   0.0,  0.0, 50.0 | Act(P,R,Y):  -1.9,-32.9, 20.8
[G10-W02] t=5.80s | Des(P,R,Y):   0.0,  0.0, 50.0 | Act(P,R,Y):  -1.6,-11.6, 20.8
[G10-W05] t=5.80s | Des(P,R,Y):   0.0,  0.0, 50.0 | Act(P,R,Y):  -0.6,-26.4, 20.9
[G10-W03] t=5.80s | Des(P,R,Y):   0.0,  0.0, 50.0 | Act(P,R,Y):  -0.2,-33.1, 20.7
[G10-W06] t=5.40s | Des(P,R,Y):   0.0,  0.0, 50.0 | Act(P,R,Y):  -3.8, -8.1, 10.9
[G10-W01] t=5.80s | Des(P,R,Y):   0.0,  0.0, 50.0 | Act(P,R,Y):  -1.3,-12.7, 20.8
[G10-W02] t=6.00s | Des(P,R,Y):   0.0,  0.0,  0.0 | Act(P,R,Y):   8.8,-13.1, 35.9
[G10-W04] t=6.00s | Des(P,R,Y):   0.0,  0.0,  0.0 | Act(P,R,Y):   9.8,-26.3, 35.7
[Fixation Controller] Initialized 3-DOF Virtual Work tracking for Eyes.
Eval SUCCESS: G10-W02 | Kp=211.79, Ki=55.82, Kd=31.35 => Score=31.4
[Fixation Controller] Initialized 3-DOF Virtual Work tracking for Eyes.
Eval SUCCESS: G10-W04 | Kp=149.89, Ki=17.21, Kd=16.74 => Score=40.8
[G10-W05] t=6.00s | Des(P,R,Y):   0.0,  0.0,  0.0 | Act(P,R,Y):   8.8,-23.4, 35.9
[Fixation Controller] Initialized 3-DOF Virtual Work tracking for Eyes.
Eval SUCCESS: G10-W05 | Kp=229.54, Ki=89.61, Kd=30.03 => Score=33.6
[G10-W03] t=6.00s | Des(P,R,Y):   0.0,  0.0,  0.0 | Act(P,R,Y):  15.0,-23.8, 35.4
[Fixation Controller] Initialized 3-DOF Virtual Work tracking for Eyes.
Eval SUCCESS: G10-W03 | Kp=182.54, Ki=1.52, Kd=0.31 => Score=74.7
[G10-W06] t=5.60s | Des(P,R,Y):   0.0,  0.0, 50.0 | Act(P,R,Y):  -2.1, -8.6, 10.7
[G10-W01] t=6.00s | Des(P,R,Y):   0.0,  0.0,  0.0 | Act(P,R,Y):   7.3,-14.4, 36.2
[Fixation Controller] Initialized 3-DOF Virtual Work tracking for Eyes.
Eval SUCCESS: G10-W01 | Kp=162.57, Ki=156.34, Kd=37.08 => Score=38.2
[G10-W06] t=5.80s | Des(P,R,Y):   0.0,  0.0, 50.0 | Act(P,R,Y):  -1.0,-16.8, 20.9
[G10-W06] t=6.00s | Des(P,R,Y):   0.0,  0.0,  0.0 | Act(P,R,Y):   8.6,-18.5, 35.7
[Fixation Controller] Initialized 3-DOF Virtual Work tracking for Eyes.
Eval SUCCESS: G10-W06 | Kp=213.55, Ki=17.46, Kd=43.02 => Score=33.1
   10     60 3.135427793533091e+01 3.7e+00 2.63e+01  1e+01  4e+01 39:26.1  
Gen 10: Best Error = 31.35 | Kp=211.79, Ki=55.82, Kd=31.35

--- Generation 11 ---
Found simbody-visualizer, setting SIMBODY_HOME env var to  C:\Users\User\miniforge3\envs\opensim_env\Lib\opensim
Found simbody-visualizer, setting SIMBODY_HOME env var to  C:\Users\User\miniforge3\envs\opensim_env\Lib\opensim
Found simbody-visualizer, setting SIMBODY_HOME env var to  C:\Users\User\miniforge3\envs\opensim_env\Lib\opensim
Found simbody-visualizer, setting SIMBODY_HOME env var to  C:\Users\User\miniforge3\envs\opensim_env\Lib\opensim
Found simbody-visualizer, setting SIMBODY_HOME env var to  C:\Users\User\miniforge3\envs\opensim_env\Lib\opensim
Found simbody-visualizer, setting SIMBODY_HOME env var to  C:\Users\User\miniforge3\envs\opensim_env\Lib\opensim
Eval CRASHED: G11-W03 | Kp=230.15, Ki=10.18, Kd=40.28
[G11-W04] t=0.20s | Des(P,R,Y):   0.0,  0.0,  0.0 | Act(P,R,Y):  -0.7,  0.1, -1.0
[G11-W05] t=0.20s | Des(P,R,Y):   0.0,  0.0,  0.0 | Act(P,R,Y):  -0.6,  0.1, -0.8
[G11-W01] t=0.20s | Des(P,R,Y):   0.0,  0.0,  0.0 | Act(P,R,Y):  -1.2, -0.0, -1.4
[G11-W06] t=0.20s | Des(P,R,Y):   0.0,  0.0,  0.0 | Act(P,R,Y):  -2.1, -0.2, -1.9
[G11-W02] t=0.20s | Des(P,R,Y):   0.0,  0.0,  0.0 | Act(P,R,Y):  -0.5,  0.2, -0.7
[G11-W04] t=0.40s | Des(P,R,Y):   0.0,  0.0,  0.0 | Act(P,R,Y):  -1.7, -0.3, -1.6
[G11-W05] t=0.40s | Des(P,R,Y):   0.0,  0.0,  0.0 | Act(P,R,Y):  -1.5, -0.2, -1.3
[G11-W01] t=0.40s | Des(P,R,Y):   0.0,  0.0,  0.0 | Act(P,R,Y):  -1.7, -0.2, -1.6
[G11-W06] t=0.40s | Des(P,R,Y):   0.0,  0.0,  0.0 | Act(P,R,Y):  -0.9,  0.1, -1.3
[G11-W02] t=0.40s | Des(P,R,Y):   0.0,  0.0,  0.0 | Act(P,R,Y):  -1.3, -0.3, -1.2
[G11-W06] t=0.60s | Des(P,R,Y):   0.0,  0.0,  0.0 | Act(P,R,Y):  -1.6, -0.9, -1.7
[G11-W04] t=0.60s | Des(P,R,Y):   0.0,  0.0,  0.0 | Act(P,R,Y):  -1.8, -0.7, -1.4
[G11-W01] t=0.60s | Des(P,R,Y):   0.0,  0.0,  0.0 | Act(P,R,Y):  -1.8, -0.9, -1.6
[G11-W05] t=0.60s | Des(P,R,Y):   0.0,  0.0,  0.0 | Act(P,R,Y):  -1.6, -0.6, -1.3
[G11-W02] t=0.60s | Des(P,R,Y):   0.0,  0.0,  0.0 | Act(P,R,Y):  -1.5, -0.6, -1.1
[G11-W06] t=0.80s | Des(P,R,Y):   0.0,  0.0,  0.0 | Act(P,R,Y):  -1.3, -0.3, -1.4
[G11-W04] t=0.80s | Des(P,R,Y):   0.0,  0.0,  0.0 | Act(P,R,Y):  -1.5, -0.6, -1.3
[G11-W05] t=0.80s | Des(P,R,Y):   0.0,  0.0,  0.0 | Act(P,R,Y):  -1.5, -0.6, -1.2
[G11-W01] t=0.80s | Des(P,R,Y):   0.0,  0.0,  0.0 | Act(P,R,Y):  -1.4, -0.6, -1.3
[G11-W02] t=0.80s | Des(P,R,Y):   0.0,  0.0,  0.0 | Act(P,R,Y):  -1.3, -0.5, -1.0
[G11-W06] t=1.00s | Des(P,R,Y):  45.0,  0.0,  0.0 | Act(P,R,Y):   8.1,  0.3, -1.5
[G11-W05] t=1.00s | Des(P,R,Y):  45.0,  0.0,  0.0 | Act(P,R,Y):   7.9, -0.2, -1.4
[G11-W04] t=1.00s | Des(P,R,Y):  45.0,  0.0,  0.0 | Act(P,R,Y):   7.7, -0.3, -1.4
[G11-W01] t=1.00s | Des(P,R,Y):  45.0,  0.0,  0.0 | Act(P,R,Y):   8.0, -0.2, -1.4
[G11-W02] t=1.00s | Des(P,R,Y):  45.0,  0.0,  0.0 | Act(P,R,Y):   7.5, -0.4, -1.3
[G11-W01] t=1.20s | Des(P,R,Y):  45.0,  0.0,  0.0 | Act(P,R,Y):  43.3, -0.5, -0.4
[G11-W06] t=1.20s | Des(P,R,Y):  45.0,  0.0,  0.0 | Act(P,R,Y):  43.5, -1.1, -0.2
[G11-W04] t=1.20s | Des(P,R,Y):  45.0,  0.0,  0.0 | Act(P,R,Y):  40.2, -0.7, -0.9
[G11-W05] t=1.20s | Des(P,R,Y):  45.0,  0.0,  0.0 | Act(P,R,Y):  38.8, -0.8, -0.9
[G11-W02] t=1.20s | Des(P,R,Y):  45.0,  0.0,  0.0 | Act(P,R,Y):  38.9, -0.8, -0.9
[G11-W06] t=1.40s | Des(P,R,Y):  45.0,  0.0,  0.0 | Act(P,R,Y):  46.0, -1.5, -2.2
[G11-W01] t=1.40s | Des(P,R,Y):  45.0,  0.0,  0.0 | Act(P,R,Y):  46.5, -1.4, -1.7
[G11-W04] t=1.40s | Des(P,R,Y):  45.0,  0.0,  0.0 | Act(P,R,Y):  45.6, -1.3, -1.5
[G11-W06] t=1.60s | Des(P,R,Y):  45.0,  0.0,  0.0 | Act(P,R,Y):  47.7, -0.5, -1.7
[G11-W01] t=1.60s | Des(P,R,Y):  45.0,  0.0,  0.0 | Act(P,R,Y):  48.9, -0.8, -1.4
[G11-W05] t=1.40s | Des(P,R,Y):  45.0,  0.0,  0.0 | Act(P,R,Y):  45.4, -1.1, -1.3
[G11-W04] t=1.60s | Des(P,R,Y):  45.0,  0.0,  0.0 | Act(P,R,Y):  48.4, -0.9, -1.4
[G11-W06] t=1.80s | Des(P,R,Y):  45.0,  0.0,  0.0 | Act(P,R,Y):  49.3,  0.2, -1.1
[G11-W02] t=1.40s | Des(P,R,Y):  45.0,  0.0,  0.0 | Act(P,R,Y):  45.3, -1.1, -1.2
[G11-W01] t=1.80s | Des(P,R,Y):  45.0,  0.0,  0.0 | Act(P,R,Y):  50.5,  0.0, -0.8
[G11-W04] t=1.80s | Des(P,R,Y):  45.0,  0.0,  0.0 | Act(P,R,Y):  50.2, -0.1, -0.9
[G11-W05] t=1.60s | Des(P,R,Y):  45.0,  0.0,  0.0 | Act(P,R,Y):  48.2, -0.8, -1.3
[G11-W06] t=2.00s | Des(P,R,Y):   0.0,  0.0,  0.0 | Act(P,R,Y):  45.4,  1.4,  0.1
[G11-W01] t=2.00s | Des(P,R,Y):   0.0,  0.0,  0.0 | Act(P,R,Y):  46.6,  1.4,  0.6
[G11-W04] t=2.00s | Des(P,R,Y):   0.0,  0.0,  0.0 | Act(P,R,Y):  46.4,  1.2,  0.4
[G11-W02] t=1.60s | Des(P,R,Y):  45.0,  0.0,  0.0 | Act(P,R,Y):  48.1, -0.6, -1.1
[G11-W05] t=1.80s | Des(P,R,Y):  45.0,  0.0,  0.0 | Act(P,R,Y):  49.5, -0.2, -0.8
[G11-W06] t=2.20s | Des(P,R,Y):   0.0,  0.0,  0.0 | Act(P,R,Y):   6.2,  2.3,  0.2
[G11-W01] t=2.20s | Des(P,R,Y):   0.0,  0.0,  0.0 | Act(P,R,Y):  11.2,  1.3,  0.4
[G11-W04] t=2.20s | Des(P,R,Y):   0.0,  0.0,  0.0 | Act(P,R,Y):  13.7,  1.0,  0.3
[G11-W05] t=2.00s | Des(P,R,Y):   0.0,  0.0,  0.0 | Act(P,R,Y):  45.8,  1.2,  0.3
[G11-W02] t=1.80s | Des(P,R,Y):  45.0,  0.0,  0.0 | Act(P,R,Y):  49.8,  0.2, -0.6
[G11-W06] t=2.40s | Des(P,R,Y):   0.0,  0.0,  0.0 | Act(P,R,Y):   2.1,  0.3, -1.7
[G11-W01] t=2.40s | Des(P,R,Y):   0.0,  0.0,  0.0 | Act(P,R,Y):   3.1,  1.1, -0.1
[G11-W04] t=2.40s | Des(P,R,Y):   0.0,  0.0,  0.0 | Act(P,R,Y):   4.4,  1.0, -0.1
[G11-W05] t=2.20s | Des(P,R,Y):   0.0,  0.0,  0.0 | Act(P,R,Y):  13.2,  0.7,  0.0
[G11-W06] t=2.60s | Des(P,R,Y):   0.0,  0.0,  0.0 | Act(P,R,Y):   1.7,  0.4, -1.2
[G11-W01] t=2.60s | Des(P,R,Y):   0.0,  0.0,  0.0 | Act(P,R,Y):  -0.7,  0.4, -0.7
[G11-W02] t=2.00s | Des(P,R,Y):   0.0,  0.0,  0.0 | Act(P,R,Y):  46.1,  1.3,  0.4
[G11-W04] t=2.60s | Des(P,R,Y):   0.0,  0.0,  0.0 | Act(P,R,Y):   0.2,  0.5, -0.5
[G11-W05] t=2.40s | Des(P,R,Y):   0.0,  0.0,  0.0 | Act(P,R,Y):   4.3,  0.7, -0.3
[G11-W02] t=2.20s | Des(P,R,Y):   0.0,  0.0,  0.0 | Act(P,R,Y):  11.4,  0.3, -0.0
[G11-W06] t=2.80s | Des(P,R,Y):   0.0,  0.0,  0.0 | Act(P,R,Y):   0.7,  0.2, -1.2
[G11-W01] t=2.80s | Des(P,R,Y):   0.0,  0.0,  0.0 | Act(P,R,Y):  -1.8,  0.2, -0.6
[G11-W05] t=2.60s | Des(P,R,Y):   0.0,  0.0,  0.0 | Act(P,R,Y):   0.3,  0.3, -0.6
[G11-W04] t=2.80s | Des(P,R,Y):   0.0,  0.0,  0.0 | Act(P,R,Y):  -1.6,  0.1, -0.6
[G11-W02] t=2.40s | Des(P,R,Y):   0.0,  0.0,  0.0 | Act(P,R,Y):   2.7,  0.4, -0.4
[G11-W06] t=3.00s | Des(P,R,Y):   0.0, 35.0,  0.0 | Act(P,R,Y):   0.4,  7.9, -1.6
[G11-W01] t=3.00s | Des(P,R,Y):   0.0, 35.0,  0.0 | Act(P,R,Y):  -2.0,  6.9, -0.9
[G11-W05] t=2.80s | Des(P,R,Y):   0.0,  0.0,  0.0 | Act(P,R,Y):  -1.2,  0.1, -0.6
[G11-W04] t=3.00s | Des(P,R,Y):   0.0, 35.0,  0.0 | Act(P,R,Y):  -2.0,  6.5, -0.9
[G11-W02] t=2.60s | Des(P,R,Y):   0.0,  0.0,  0.0 | Act(P,R,Y):  -0.4,  0.1, -0.6
[G11-W06] t=3.20s | Des(P,R,Y):   0.0, 35.0,  0.0 | Act(P,R,Y):  -1.8, 33.2, -2.6
[G11-W01] t=3.20s | Des(P,R,Y):   0.0, 35.0,  0.0 | Act(P,R,Y):  -3.8, 30.0, -2.1
[G11-W05] t=3.00s | Des(P,R,Y):   0.0, 35.0,  0.0 | Act(P,R,Y):  -1.6,  6.5, -0.9
[G11-W04] t=3.20s | Des(P,R,Y):   0.0, 35.0,  0.0 | Act(P,R,Y):  -3.1, 29.2, -1.7
[G11-W02] t=2.80s | Des(P,R,Y):   0.0,  0.0,  0.0 | Act(P,R,Y):  -1.4, -0.1, -0.6
[G11-W06] t=3.40s | Des(P,R,Y):   0.0, 35.0,  0.0 | Act(P,R,Y):   1.2, 36.4, -1.2
[G11-W01] t=3.40s | Des(P,R,Y):   0.0, 35.0,  0.0 | Act(P,R,Y):  -0.9, 36.8, -0.7
[G11-W04] t=3.40s | Des(P,R,Y):   0.0, 35.0,  0.0 | Act(P,R,Y):  -1.3, 35.9, -0.8
[G11-W05] t=3.20s | Des(P,R,Y):   0.0, 35.0,  0.0 | Act(P,R,Y):  -2.7, 28.6, -1.6
[G11-W06] t=3.60s | Des(P,R,Y):   0.0, 35.0,  0.0 | Act(P,R,Y):   2.0, 36.9, -0.9
[G11-W02] t=3.00s | Des(P,R,Y):   0.0, 35.0,  0.0 | Act(P,R,Y):  -1.6,  6.8, -0.9
[G11-W01] t=3.60s | Des(P,R,Y):   0.0, 35.0,  0.0 | Act(P,R,Y):   0.3, 38.4, -0.0
[G11-W04] t=3.60s | Des(P,R,Y):   0.0, 35.0,  0.0 | Act(P,R,Y):  -0.1, 37.9, -0.3
[G11-W05] t=3.40s | Des(P,R,Y):   0.0, 35.0,  0.0 | Act(P,R,Y):  -1.0, 35.5, -0.8
[G11-W06] t=3.80s | Des(P,R,Y):   0.0, 35.0,  0.0 | Act(P,R,Y):   2.4, 36.8, -0.9
[G11-W02] t=3.20s | Des(P,R,Y):   0.0, 35.0,  0.0 | Act(P,R,Y):  -2.5, 29.1, -1.4
[G11-W01] t=3.80s | Des(P,R,Y):   0.0, 35.0,  0.0 | Act(P,R,Y):   0.9, 38.2, -0.0
[G11-W04] t=3.80s | Des(P,R,Y):   0.0, 35.0,  0.0 | Act(P,R,Y):   0.5, 37.9, -0.2
[G11-W05] t=3.60s | Des(P,R,Y):   0.0, 35.0,  0.0 | Act(P,R,Y):   0.0, 37.4, -0.4
[G11-W02] t=3.40s | Des(P,R,Y):   0.0, 35.0,  0.0 | Act(P,R,Y):  -1.0, 35.6, -0.7
[G11-W06] t=4.00s | Des(P,R,Y):   0.0,  0.0,  0.0 | Act(P,R,Y):   4.3, 28.1, -0.1
[G11-W04] t=4.00s | Des(P,R,Y):   0.0,  0.0,  0.0 | Act(P,R,Y):   2.2, 31.5,  0.5
[G11-W01] t=4.00s | Des(P,R,Y):   0.0,  0.0,  0.0 | Act(P,R,Y):   2.4, 30.9,  0.6
[G11-W05] t=3.80s | Des(P,R,Y):   0.0, 35.0,  0.0 | Act(P,R,Y):   0.5, 37.5, -0.4
[G11-W06] t=4.20s | Des(P,R,Y):   0.0,  0.0,  0.0 | Act(P,R,Y):   2.0,  2.9, -0.6
[G11-W02] t=3.60s | Des(P,R,Y):   0.0, 35.0,  0.0 | Act(P,R,Y):   0.1, 37.4, -0.3
[G11-W04] t=4.20s | Des(P,R,Y):   0.0,  0.0,  0.0 | Act(P,R,Y):   1.8,  9.0,  0.4
[G11-W01] t=4.20s | Des(P,R,Y):   0.0,  0.0,  0.0 | Act(P,R,Y):   1.7,  7.2,  0.6
[G11-W05] t=4.00s | Des(P,R,Y):   0.0,  0.0,  0.0 | Act(P,R,Y):   2.2, 31.3,  0.4
[G11-W02] t=3.80s | Des(P,R,Y):   0.0, 35.0,  0.0 | Act(P,R,Y):   0.5, 37.5, -0.3
[G11-W06] t=4.40s | Des(P,R,Y):   0.0,  0.0,  0.0 | Act(P,R,Y):   1.6,  0.4, -0.5
[G11-W05] t=4.20s | Des(P,R,Y):   0.0,  0.0,  0.0 | Act(P,R,Y):   1.7,  9.2,  0.3
[G11-W04] t=4.40s | Des(P,R,Y):   0.0,  0.0,  0.0 | Act(P,R,Y):   0.3,  1.4, -0.1
[G11-W01] t=4.40s | Des(P,R,Y):   0.0,  0.0,  0.0 | Act(P,R,Y):   0.3,  0.2,  0.1
[G11-W02] t=4.00s | Des(P,R,Y):   0.0,  0.0,  0.0 | Act(P,R,Y):   2.0, 30.9,  0.4
[G11-W06] t=4.60s | Des(P,R,Y):   0.0,  0.0,  0.0 | Act(P,R,Y):  -0.7, -1.0, -1.6
[G11-W05] t=4.40s | Des(P,R,Y):   0.0,  0.0,  0.0 | Act(P,R,Y):   0.3,  1.7, -0.2
[G11-W04] t=4.60s | Des(P,R,Y):   0.0,  0.0,  0.0 | Act(P,R,Y):  -1.1, -0.7, -0.3
[G11-W01] t=4.60s | Des(P,R,Y):   0.0,  0.0,  0.0 | Act(P,R,Y):  -1.8, -1.7, -0.7
[G11-W06] t=4.80s | Des(P,R,Y):   0.0,  0.0,  0.0 | Act(P,R,Y):  -1.5, -0.9, -1.8
[G11-W02] t=4.20s | Des(P,R,Y):   0.0,  0.0,  0.0 | Act(P,R,Y):   1.4,  8.4,  0.2
[G11-W05] t=4.60s | Des(P,R,Y):   0.0,  0.0,  0.0 | Act(P,R,Y):  -0.9, -0.4, -0.4
[G11-W04] t=4.80s | Des(P,R,Y):   0.0,  0.0,  0.0 | Act(P,R,Y):  -2.1, -1.5, -0.6
[G11-W01] t=4.80s | Des(P,R,Y):   0.0,  0.0,  0.0 | Act(P,R,Y):  -2.6, -1.9, -0.8
[G11-W06] t=5.00s | Des(P,R,Y):   0.0,  0.0, 50.0 | Act(P,R,Y):  -2.0, -5.0, -0.5
[G11-W02] t=4.40s | Des(P,R,Y):   0.0,  0.0,  0.0 | Act(P,R,Y):   0.3,  1.5, -0.1
[G11-W05] t=4.80s | Des(P,R,Y):   0.0,  0.0,  0.0 | Act(P,R,Y):  -1.7, -1.1, -0.6
[G11-W04] t=5.00s | Des(P,R,Y):   0.0,  0.0, 50.0 | Act(P,R,Y):  -3.5, -5.4,  0.2
[G11-W01] t=5.00s | Des(P,R,Y):   0.0,  0.0, 50.0 | Act(P,R,Y):  -3.9, -5.8,  0.1
[G11-W06] t=5.20s | Des(P,R,Y):   0.0,  0.0, 50.0 | Act(P,R,Y): -11.0,-30.0, 23.9
[G11-W05] t=5.00s | Des(P,R,Y):   0.0,  0.0, 50.0 | Act(P,R,Y):  -3.3, -4.9,  0.3
[G11-W02] t=4.60s | Des(P,R,Y):   0.0,  0.0,  0.0 | Act(P,R,Y):  -0.9, -0.5, -0.4
[G11-W01] t=5.20s | Des(P,R,Y):   0.0,  0.0, 50.0 | Act(P,R,Y): -10.6,-20.5, 23.7
[G11-W04] t=5.20s | Des(P,R,Y):   0.0,  0.0, 50.0 | Act(P,R,Y):  -6.3,-12.6, 23.1
[G11-W06] t=5.40s | Des(P,R,Y):   0.0,  0.0, 50.0 | Act(P,R,Y):  -1.4,-31.1, 10.3
[G11-W02] t=4.80s | Des(P,R,Y):   0.0,  0.0,  0.0 | Act(P,R,Y):  -1.6, -1.1, -0.5
[G11-W05] t=5.20s | Des(P,R,Y):   0.0,  0.0, 50.0 | Act(P,R,Y):  -4.6,-10.9, 23.0
[G11-W01] t=5.40s | Des(P,R,Y):   0.0,  0.0, 50.0 | Act(P,R,Y):  -3.8,-17.6, 10.6
[G11-W04] t=5.40s | Des(P,R,Y):   0.0,  0.0, 50.0 | Act(P,R,Y):  -4.4, -8.4, 10.8
[G11-W06] t=5.60s | Des(P,R,Y):   0.0,  0.0, 50.0 | Act(P,R,Y):  -2.6,-32.8, 10.7
[G11-W04] t=5.60s | Des(P,R,Y):   0.0,  0.0, 50.0 | Act(P,R,Y):  -2.1, -6.6, 10.7
[G11-W01] t=5.60s | Des(P,R,Y):   0.0,  0.0, 50.0 | Act(P,R,Y):  -1.4,-24.6, 10.6
[G11-W05] t=5.40s | Des(P,R,Y):   0.0,  0.0, 50.0 | Act(P,R,Y):  -3.6, -7.4, 10.9
[G11-W02] t=5.00s | Des(P,R,Y):   0.0,  0.0, 50.0 | Act(P,R,Y):  -3.1, -4.7,  0.3
[G11-W06] t=5.80s | Des(P,R,Y):   0.0,  0.0, 50.0 | Act(P,R,Y):  -0.2,-33.2, 20.8
[G11-W04] t=5.80s | Des(P,R,Y):   0.0,  0.0, 50.0 | Act(P,R,Y):  -0.5,-14.2, 20.9
[G11-W01] t=5.80s | Des(P,R,Y):   0.0,  0.0, 50.0 | Act(P,R,Y):  -0.7,-30.0, 20.9
[G11-W05] t=5.60s | Des(P,R,Y):   0.0,  0.0, 50.0 | Act(P,R,Y):  -1.7, -5.7, 10.7
[G11-W02] t=5.20s | Des(P,R,Y):   0.0,  0.0, 50.0 | Act(P,R,Y):  -4.9,-11.3, 23.0
[G11-W04] t=6.00s | Des(P,R,Y):   0.0,  0.0,  0.0 | Act(P,R,Y):   8.8,-16.5, 35.9
[Fixation Controller] Initialized 3-DOF Virtual Work tracking for Eyes.
Eval SUCCESS: G11-W04 | Kp=213.52, Ki=104.29, Kd=32.55 => Score=32.2
[G11-W05] t=5.80s | Des(P,R,Y):   0.0,  0.0, 50.0 | Act(P,R,Y):  -0.3,-14.9, 20.9
[G11-W06] t=6.00s | Des(P,R,Y):   0.0,  0.0,  0.0 | Act(P,R,Y):   9.9,-26.1, 35.7
[Fixation Controller] Initialized 3-DOF Virtual Work tracking for Eyes.
Eval SUCCESS: G11-W06 | Kp=219.13, Ki=24.43, Kd=20.24 => Score=37.3
[G11-W01] t=6.00s | Des(P,R,Y):   0.0,  0.0,  0.0 | Act(P,R,Y):   8.6,-25.6, 35.8
[Fixation Controller] Initialized 3-DOF Virtual Work tracking for Eyes.
Eval SUCCESS: G11-W01 | Kp=203.01, Ki=109.09, Kd=26.54 => Score=36.3
[G11-W02] t=5.40s | Des(P,R,Y):   0.0,  0.0, 50.0 | Act(P,R,Y):  -3.0, -6.7, 10.8
[G11-W05] t=6.00s | Des(P,R,Y):   0.0,  0.0,  0.0 | Act(P,R,Y):   8.6,-16.9, 35.7
[Fixation Controller] Initialized 3-DOF Virtual Work tracking for Eyes.
Eval SUCCESS: G11-W05 | Kp=238.01, Ki=98.14, Kd=37.05 => Score=31.2
[G11-W02] t=5.60s | Des(P,R,Y):   0.0,  0.0, 50.0 | Act(P,R,Y):  -1.9, -8.8, 10.7
[G11-W02] t=5.80s | Des(P,R,Y):   0.0,  0.0, 50.0 | Act(P,R,Y):   0.7,-18.8, 21.0
[G11-W02] t=6.00s | Des(P,R,Y):   0.0,  0.0,  0.0 | Act(P,R,Y):   8.0,-19.6, 35.9
[Fixation Controller] Initialized 3-DOF Virtual Work tracking for Eyes.
Eval SUCCESS: G11-W02 | Kp=279.93, Ki=117.52, Kd=41.91 => Score=31.0
   11     66 3.096285762653703e+01 4.2e+00 3.35e+01  1e+01  6e+01 43:23.1  
Gen 11: Best Error = 30.96 | Kp=279.93, Ki=117.52, Kd=41.91

--- Generation 12 ---
Found simbody-visualizer, setting SIMBODY_HOME env var to  C:\Users\User\miniforge3\envs\opensim_env\Lib\opensim
Found simbody-visualizer, setting SIMBODY_HOME env var to  C:\Users\User\miniforge3\envs\opensim_env\Lib\opensim
Found simbody-visualizer, setting SIMBODY_HOME env var to  C:\Users\User\miniforge3\envs\opensim_env\Lib\opensim
Found simbody-visualizer, setting SIMBODY_HOME env var to  C:\Users\User\miniforge3\envs\opensim_env\Lib\opensim
Found simbody-visualizer, setting SIMBODY_HOME env var to  C:\Users\User\miniforge3\envs\opensim_env\Lib\opensim
Found simbody-visualizer, setting SIMBODY_HOME env var to  C:\Users\User\miniforge3\envs\opensim_env\Lib\opensim
[G12-W03] t=0.20s | Des(P,R,Y):   0.0,  0.0,  0.0 | Act(P,R,Y):  -1.2, -0.3, -1.3
[G12-W01] t=0.20s | Des(P,R,Y):   0.0,  0.0,  0.0 | Act(P,R,Y):  -0.5,  0.2, -0.7
[G12-W04] t=0.20s | Des(P,R,Y):   0.0,  0.0,  0.0 | Act(P,R,Y):   0.1,  0.9, -0.0
[G12-W05] t=0.20s | Des(P,R,Y):   0.0,  0.0,  0.0 | Act(P,R,Y):   0.3,  0.8, -0.1
[G12-W06] t=0.20s | Des(P,R,Y):   0.0,  0.0,  0.0 | Act(P,R,Y):  -3.5, -0.5, -2.2
[G12-W02] t=0.20s | Des(P,R,Y):   0.0,  0.0,  0.0 | Act(P,R,Y):   0.4,  1.0,  0.1
[G12-W03] t=0.40s | Des(P,R,Y):   0.0,  0.0,  0.0 | Act(P,R,Y):  -1.2,  0.1, -1.3
[G12-W06] t=0.40s | Des(P,R,Y):   0.0,  0.0,  0.0 | Act(P,R,Y):   0.4,  0.4, -0.3
[G12-W01] t=0.40s | Des(P,R,Y):   0.0,  0.0,  0.0 | Act(P,R,Y):  -1.4, -0.3, -1.1
[G12-W02] t=0.40s | Des(P,R,Y):   0.0,  0.0,  0.0 | Act(P,R,Y):  -1.3, -0.1, -1.0
[G12-W04] t=0.40s | Des(P,R,Y):   0.0,  0.0,  0.0 | Act(P,R,Y):  -1.2, -0.3, -0.9
[G12-W05] t=0.40s | Des(P,R,Y):   0.0,  0.0,  0.0 | Act(P,R,Y):  -1.3, -0.3, -1.1
[G12-W06] t=0.60s | Des(P,R,Y):   0.0,  0.0,  0.0 | Act(P,R,Y):  -2.5, -1.9, -2.1
[G12-W03] t=0.60s | Des(P,R,Y):   0.0,  0.0,  0.0 | Act(P,R,Y):  -1.4, -0.6, -1.4
[G12-W01] t=0.60s | Des(P,R,Y):   0.0,  0.0,  0.0 | Act(P,R,Y):  -1.5, -0.7, -1.1
[G12-W02] t=0.60s | Des(P,R,Y):   0.0,  0.0,  0.0 | Act(P,R,Y):  -1.9, -0.6, -1.1
[G12-W05] t=0.60s | Des(P,R,Y):   0.0,  0.0,  0.0 | Act(P,R,Y):  -1.7, -0.6, -1.1
[G12-W04] t=0.60s | Des(P,R,Y):   0.0,  0.0,  0.0 | Act(P,R,Y):  -1.4, -0.6, -0.9
[G12-W06] t=0.80s | Des(P,R,Y):   0.0,  0.0,  0.0 | Act(P,R,Y):  -1.2,  0.1, -0.8
[G12-W03] t=0.80s | Des(P,R,Y):   0.0,  0.0,  0.0 | Act(P,R,Y):  -1.3, -0.4, -1.3
[G12-W01] t=0.80s | Des(P,R,Y):   0.0,  0.0,  0.0 | Act(P,R,Y):  -1.2, -0.6, -1.0
[G12-W05] t=0.80s | Des(P,R,Y):   0.0,  0.0,  0.0 | Act(P,R,Y):  -1.6, -0.6, -1.0
[G12-W06] t=1.00s | Des(P,R,Y):  45.0,  0.0,  0.0 | Act(P,R,Y):   8.2,  0.2, -1.0
[G12-W02] t=0.80s | Des(P,R,Y):   0.0,  0.0,  0.0 | Act(P,R,Y):  -1.8, -0.7, -1.1
[G12-W03] t=1.00s | Des(P,R,Y):  45.0,  0.0,  0.0 | Act(P,R,Y):   8.2, -0.0, -1.6
[G12-W04] t=0.80s | Des(P,R,Y):   0.0,  0.0,  0.0 | Act(P,R,Y):  -1.4, -0.7, -0.9
[G12-W01] t=1.00s | Des(P,R,Y):  45.0,  0.0,  0.0 | Act(P,R,Y):   7.7, -0.3, -1.2
[G12-W06] t=1.20s | Des(P,R,Y):  45.0,  0.0,  0.0 | Act(P,R,Y):  47.7, -4.0, -1.9
[G12-W03] t=1.20s | Des(P,R,Y):  45.0,  0.0,  0.0 | Act(P,R,Y):  41.4, -0.5, -0.8
[G12-W05] t=1.00s | Des(P,R,Y):  45.0,  0.0,  0.0 | Act(P,R,Y):   4.0, -1.4, -1.4
[G12-W02] t=1.00s | Des(P,R,Y):  45.0,  0.0,  0.0 | Act(P,R,Y):   3.5, -1.3, -1.6
[G12-W01] t=1.20s | Des(P,R,Y):  45.0,  0.0,  0.0 | Act(P,R,Y):  39.6, -0.6, -0.7
[G12-W06] t=1.40s | Des(P,R,Y):  45.0,  0.0,  0.0 | Act(P,R,Y):  49.4,  0.6, -1.1
[G12-W03] t=1.40s | Des(P,R,Y):  45.0,  0.0,  0.0 | Act(P,R,Y):  44.4, -1.3, -1.7
[G12-W04] t=1.00s | Des(P,R,Y):  45.0,  0.0,  0.0 | Act(P,R,Y):   3.9, -0.8, -1.4
[G12-W05] t=1.20s | Des(P,R,Y):  45.0,  0.0,  0.0 | Act(P,R,Y):  33.6, -0.7, -1.2
[G12-W03] t=1.60s | Des(P,R,Y):  45.0,  0.0,  0.0 | Act(P,R,Y):  46.3, -0.7, -1.7
[G12-W06] t=1.60s | Des(P,R,Y):  45.0,  0.0,  0.0 | Act(P,R,Y):  49.5,  0.5, -0.7
[G12-W02] t=1.20s | Des(P,R,Y):  45.0,  0.0,  0.0 | Act(P,R,Y):  30.8, -0.7, -1.4
[G12-W03] t=1.80s | Des(P,R,Y):  45.0,  0.0,  0.0 | Act(P,R,Y):  48.0, -0.1, -1.2
[G12-W04] t=1.20s | Des(P,R,Y):  45.0,  0.0,  0.0 | Act(P,R,Y):  35.0, -0.7, -1.2
[G12-W01] t=1.40s | Des(P,R,Y):  45.0,  0.0,  0.0 | Act(P,R,Y):  46.0, -0.9, -1.1
[G12-W06] t=1.80s | Des(P,R,Y):  45.0,  0.0,  0.0 | Act(P,R,Y):  50.4,  0.9, -0.1
[G12-W05] t=1.40s | Des(P,R,Y):  45.0,  0.0,  0.0 | Act(P,R,Y):  44.1, -0.6, -1.2
[G12-W03] t=2.00s | Des(P,R,Y):   0.0,  0.0,  0.0 | Act(P,R,Y):  44.2,  1.1, -0.1
[G12-W06] t=2.00s | Des(P,R,Y):   0.0,  0.0,  0.0 | Act(P,R,Y):  45.8,  1.8,  1.0
[G12-W02] t=1.40s | Des(P,R,Y):  45.0,  0.0,  0.0 | Act(P,R,Y):  42.1, -0.7, -1.4
[G12-W01] t=1.60s | Des(P,R,Y):  45.0,  0.0,  0.0 | Act(P,R,Y):  48.5, -0.6, -1.0
[G12-W04] t=1.40s | Des(P,R,Y):  45.0,  0.0,  0.0 | Act(P,R,Y):  44.9, -0.4, -1.0
[G12-W03] t=2.20s | Des(P,R,Y):   0.0,  0.0,  0.0 | Act(P,R,Y):   8.6,  0.3, -0.9
[G12-W06] t=2.20s | Des(P,R,Y):   0.0,  0.0,  0.0 | Act(P,R,Y):   4.5,  9.2,  4.9
[G12-W05] t=1.60s | Des(P,R,Y):  45.0,  0.0,  0.0 | Act(P,R,Y):  48.0, -0.5, -1.2
[G12-W02] t=1.60s | Des(P,R,Y):  45.0,  0.0,  0.0 | Act(P,R,Y):  47.0, -0.4, -1.4
[G12-W03] t=2.40s | Des(P,R,Y):   0.0,  0.0,  0.0 | Act(P,R,Y):   3.5,  0.7, -1.0
[G12-W01] t=1.80s | Des(P,R,Y):  45.0,  0.0,  0.0 | Act(P,R,Y):  50.2,  0.2, -0.5
[G12-W06] t=2.40s | Des(P,R,Y):   0.0,  0.0,  0.0 | Act(P,R,Y):  -4.3, -1.9, -3.0
[G12-W04] t=1.60s | Des(P,R,Y):  45.0,  0.0,  0.0 | Act(P,R,Y):  47.8, -0.2, -1.1
[G12-W05] t=1.80s | Des(P,R,Y):  45.0,  0.0,  0.0 | Act(P,R,Y):  50.3,  0.1, -0.8
[G12-W03] t=2.60s | Des(P,R,Y):   0.0,  0.0,  0.0 | Act(P,R,Y):   1.3,  0.1, -1.4
[G12-W06] t=2.60s | Des(P,R,Y):   0.0,  0.0,  0.0 | Act(P,R,Y):   0.2,  0.6,  0.0
[G12-W02] t=1.80s | Des(P,R,Y):  45.0,  0.0,  0.0 | Act(P,R,Y):  49.8,  0.1, -1.1
[G12-W01] t=2.00s | Des(P,R,Y):   0.0,  0.0,  0.0 | Act(P,R,Y):  46.4,  1.6,  0.7
[G12-W04] t=1.80s | Des(P,R,Y):  45.0,  0.0,  0.0 | Act(P,R,Y):  49.6,  0.4, -0.7
[G12-W03] t=2.80s | Des(P,R,Y):   0.0,  0.0,  0.0 | Act(P,R,Y):   0.5,  0.0, -1.4
[G12-W06] t=2.80s | Des(P,R,Y):   0.0,  0.0,  0.0 | Act(P,R,Y):   0.5,  0.3, -0.5
[G12-W01] t=2.20s | Des(P,R,Y):   0.0,  0.0,  0.0 | Act(P,R,Y):  11.1,  0.5,  0.2
[G12-W05] t=2.00s | Des(P,R,Y):   0.0,  0.0,  0.0 | Act(P,R,Y):  47.4,  1.4,  0.3
[G12-W02] t=2.00s | Des(P,R,Y):   0.0,  0.0,  0.0 | Act(P,R,Y):  47.3,  1.5,  0.1
[G12-W04] t=2.00s | Des(P,R,Y):   0.0,  0.0,  0.0 | Act(P,R,Y):  46.5,  1.5,  0.3
[G12-W05] t=2.20s | Des(P,R,Y):   0.0,  0.0,  0.0 | Act(P,R,Y):  19.0,  0.7,  0.1
[G12-W06] t=3.00s | Des(P,R,Y):   0.0, 35.0,  0.0 | Act(P,R,Y):  -1.1,  8.4, -1.5
[G12-W01] t=2.40s | Des(P,R,Y):   0.0,  0.0,  0.0 | Act(P,R,Y):   1.8, -0.0, -0.6
[G12-W03] t=3.00s | Des(P,R,Y):   0.0, 35.0,  0.0 | Act(P,R,Y):   0.4,  7.3, -1.7
[G12-W02] t=2.20s | Des(P,R,Y):   0.0,  0.0,  0.0 | Act(P,R,Y):  21.7,  0.7, -0.1
[G12-W04] t=2.20s | Des(P,R,Y):   0.0,  0.0,  0.0 | Act(P,R,Y):  15.8,  0.5, -0.0
[G12-W05] t=2.40s | Des(P,R,Y):   0.0,  0.0,  0.0 | Act(P,R,Y):   7.5,  0.6, -0.1
[G12-W06] t=3.20s | Des(P,R,Y):   0.0, 35.0,  0.0 | Act(P,R,Y):  -3.1, 36.0, -2.5
[G12-W03] t=3.20s | Des(P,R,Y):   0.0, 35.0,  0.0 | Act(P,R,Y):  -1.3, 29.8, -2.5[G12-W01] t=2.60s | Des(P,R,Y):   0.0,  0.0,  0.0 | Act(P,R,Y):  -1.0,  0.0, -0.5

[G12-W02] t=2.40s | Des(P,R,Y):   0.0,  0.0,  0.0 | Act(P,R,Y):  10.2,  0.5, -0.3
[G12-W04] t=2.40s | Des(P,R,Y):   0.0,  0.0,  0.0 | Act(P,R,Y):   5.4,  0.3, -0.4
[G12-W06] t=3.40s | Des(P,R,Y):   0.0, 35.0,  0.0 | Act(P,R,Y):   1.3, 38.5,  0.4
[G12-W05] t=2.60s | Des(P,R,Y):   0.0,  0.0,  0.0 | Act(P,R,Y):   1.7,  0.2, -0.5
[G12-W03] t=3.40s | Des(P,R,Y):   0.0, 35.0,  0.0 | Act(P,R,Y):   1.0, 35.1, -1.6
[G12-W01] t=2.80s | Des(P,R,Y):   0.0,  0.0,  0.0 | Act(P,R,Y):  -2.0, -0.1, -0.5
[G12-W02] t=2.60s | Des(P,R,Y):   0.0,  0.0,  0.0 | Act(P,R,Y):   3.7,  0.2, -0.6
[G12-W04] t=2.60s | Des(P,R,Y):   0.0,  0.0,  0.0 | Act(P,R,Y):   1.4,  0.0, -0.6
[G12-W06] t=3.60s | Des(P,R,Y):   0.0, 35.0,  0.0 | Act(P,R,Y):   0.5, 37.2, -0.3
[G12-W03] t=3.60s | Des(P,R,Y):   0.0, 35.0,  0.0 | Act(P,R,Y):   1.9, 36.3, -1.2
[G12-W05] t=2.80s | Des(P,R,Y):   0.0,  0.0,  0.0 | Act(P,R,Y):  -1.0,  0.1, -0.6
[G12-W01] t=3.00s | Des(P,R,Y):   0.0, 35.0,  0.0 | Act(P,R,Y):  -2.2,  6.6, -0.8
[G12-W02] t=2.80s | Des(P,R,Y):   0.0,  0.0,  0.0 | Act(P,R,Y):   0.2,  0.0, -0.7
[G12-W04] t=2.80s | Des(P,R,Y):   0.0,  0.0,  0.0 | Act(P,R,Y):  -0.6,  0.0, -0.6
[G12-W06] t=3.80s | Des(P,R,Y):   0.0, 35.0,  0.0 | Act(P,R,Y):   1.2, 37.3, -0.0
[G12-W03] t=3.80s | Des(P,R,Y):   0.0, 35.0,  0.0 | Act(P,R,Y):   2.5, 36.3, -1.1
[G12-W05] t=3.00s | Des(P,R,Y):   0.0, 35.0,  0.0 | Act(P,R,Y):  -2.3,  5.1, -0.9
[G12-W01] t=3.20s | Des(P,R,Y):   0.0, 35.0,  0.0 | Act(P,R,Y):  -3.0, 29.7, -1.2
[G12-W02] t=3.00s | Des(P,R,Y):   0.0, 35.0,  0.0 | Act(P,R,Y):  -1.4,  4.8, -1.0
[G12-W03] t=4.00s | Des(P,R,Y):   0.0,  0.0,  0.0 | Act(P,R,Y):   3.9, 29.1, -0.5
[G12-W06] t=4.00s | Des(P,R,Y):   0.0,  0.0,  0.0 | Act(P,R,Y):   2.9, 28.5,  0.7
[G12-W04] t=3.00s | Des(P,R,Y):   0.0, 35.0,  0.0 | Act(P,R,Y):  -1.4,  5.6, -1.0
[G12-W05] t=3.20s | Des(P,R,Y):   0.0, 35.0,  0.0 | Act(P,R,Y):  -2.8, 25.3, -1.1
[G12-W01] t=3.40s | Des(P,R,Y):   0.0, 35.0,  0.0 | Act(P,R,Y):  -1.2, 36.2, -0.6
[G12-W02] t=3.20s | Des(P,R,Y):   0.0, 35.0,  0.0 | Act(P,R,Y):  -2.7, 23.0, -1.5
[G12-W03] t=4.20s | Des(P,R,Y):   0.0,  0.0,  0.0 | Act(P,R,Y):   3.0,  6.3, -0.7
[G12-W06] t=4.20s | Des(P,R,Y):   0.0,  0.0,  0.0 | Act(P,R,Y):  -0.7, -2.3, -0.7
[G12-W04] t=3.20s | Des(P,R,Y):   0.0, 35.0,  0.0 | Act(P,R,Y):  -2.5, 26.1, -1.5
[G12-W05] t=3.40s | Des(P,R,Y):   0.0, 35.0,  0.0 | Act(P,R,Y):  -1.9, 33.6, -0.9
[G12-W01] t=3.60s | Des(P,R,Y):   0.0, 35.0,  0.0 | Act(P,R,Y):  -0.4, 37.7, -0.2
[G12-W02] t=3.40s | Des(P,R,Y):   0.0, 35.0,  0.0 | Act(P,R,Y):  -1.6, 31.9, -1.2
[G12-W06] t=4.40s | Des(P,R,Y):   0.0,  0.0,  0.0 | Act(P,R,Y):  -0.1, -0.5, -0.0
[G12-W03] t=4.40s | Des(P,R,Y):   0.0,  0.0,  0.0 | Act(P,R,Y):   1.8,  0.9, -1.1
[G12-W04] t=3.40s | Des(P,R,Y):   0.0, 35.0,  0.0 | Act(P,R,Y):  -0.7, 34.1, -0.8
[G12-W01] t=3.80s | Des(P,R,Y):   0.0, 35.0,  0.0 | Act(P,R,Y):   0.2, 37.8, -0.2
[G12-W05] t=3.60s | Des(P,R,Y):   0.0, 35.0,  0.0 | Act(P,R,Y):  -0.8, 36.9, -0.5
[G12-W03] t=4.60s | Des(P,R,Y):   0.0,  0.0,  0.0 | Act(P,R,Y):   0.2, -0.5, -1.7
[G12-W02] t=3.60s | Des(P,R,Y):   0.0, 35.0,  0.0 | Act(P,R,Y):  -0.5, 36.0, -0.7
[G12-W06] t=4.60s | Des(P,R,Y):   0.0,  0.0,  0.0 | Act(P,R,Y):  -2.5, -1.5, -1.1
[G12-W05] t=3.80s | Des(P,R,Y):   0.0, 35.0,  0.0 | Act(P,R,Y):  -0.2, 37.8, -0.4
[G12-W04] t=3.60s | Des(P,R,Y):   0.0, 35.0,  0.0 | Act(P,R,Y):  -0.1, 36.7, -0.5
[G12-W01] t=4.00s | Des(P,R,Y):   0.0,  0.0,  0.0 | Act(P,R,Y):   1.7, 31.1,  0.6
[G12-W02] t=3.80s | Des(P,R,Y):   0.0, 35.0,  0.0 | Act(P,R,Y):   0.1, 37.5, -0.5
[G12-W03] t=4.80s | Des(P,R,Y):   0.0,  0.0,  0.0 | Act(P,R,Y):  -0.4, -0.4, -1.7
[G12-W06] t=4.80s | Des(P,R,Y):   0.0,  0.0,  0.0 | Act(P,R,Y):  -3.2, -1.6, -1.2
[G12-W01] t=4.20s | Des(P,R,Y):   0.0,  0.0,  0.0 | Act(P,R,Y):   1.1,  8.0,  0.3
[G12-W05] t=4.00s | Des(P,R,Y):   0.0,  0.0,  0.0 | Act(P,R,Y):   1.2, 32.9,  0.3
[G12-W04] t=3.80s | Des(P,R,Y):   0.0, 35.0,  0.0 | Act(P,R,Y):   0.4, 37.3, -0.4
[G12-W03] t=5.00s | Des(P,R,Y):   0.0,  0.0, 50.0 | Act(P,R,Y):  -1.7, -4.3, -0.9
[G12-W02] t=4.00s | Des(P,R,Y):   0.0,  0.0,  0.0 | Act(P,R,Y):   1.4, 33.2,  0.0
[G12-W06] t=5.00s | Des(P,R,Y):   0.0,  0.0, 50.0 | Act(P,R,Y):  -3.5, -5.9, -0.0
[G12-W05] t=4.20s | Des(P,R,Y):   0.0,  0.0,  0.0 | Act(P,R,Y):   1.1, 13.2,  0.2
[G12-W01] t=4.40s | Des(P,R,Y):   0.0,  0.0,  0.0 | Act(P,R,Y):   0.1,  1.1,  0.0
[G12-W04] t=4.00s | Des(P,R,Y):   0.0,  0.0,  0.0 | Act(P,R,Y):   1.6, 31.7,  0.2
[G12-W02] t=4.20s | Des(P,R,Y):   0.0,  0.0,  0.0 | Act(P,R,Y):   1.4, 15.1,  0.0
[G12-W06] t=5.20s | Des(P,R,Y):   0.0,  0.0, 50.0 | Act(P,R,Y): -13.4,-32.3, 23.8
[G12-W03] t=5.20s | Des(P,R,Y):   0.0,  0.0, 50.0 | Act(P,R,Y):  -4.8,-12.7, 23.3
[G12-W05] t=4.40s | Des(P,R,Y):   0.0,  0.0,  0.0 | Act(P,R,Y):   0.4,  4.7,  0.2
[G12-W04] t=4.20s | Des(P,R,Y):   0.0,  0.0,  0.0 | Act(P,R,Y):   1.0, 11.3,  0.1
[G12-W01] t=4.60s | Des(P,R,Y):   0.0,  0.0,  0.0 | Act(P,R,Y):  -1.1, -0.9, -0.3
[G12-W03] t=5.40s | Des(P,R,Y):   0.0,  0.0, 50.0 | Act(P,R,Y):  -3.0, -9.3, 10.6
[G12-W06] t=5.40s | Des(P,R,Y):   0.0,  0.0, 50.0 | Act(P,R,Y):   2.4,-30.8, 10.2
[G12-W02] t=4.40s | Des(P,R,Y):   0.0,  0.0,  0.0 | Act(P,R,Y):   0.8,  6.7,  0.1
[G12-W05] t=4.60s | Des(P,R,Y):   0.0,  0.0,  0.0 | Act(P,R,Y):  -0.8,  0.9, -0.1
[G12-W01] t=4.80s | Des(P,R,Y):   0.0,  0.0,  0.0 | Act(P,R,Y):  -1.8, -1.5, -0.5
[G12-W03] t=5.60s | Des(P,R,Y):   0.0,  0.0, 50.0 | Act(P,R,Y):  -0.6,-15.2, 10.7
[G12-W04] t=4.40s | Des(P,R,Y):   0.0,  0.0,  0.0 | Act(P,R,Y):   0.4,  3.4,  0.0
[G12-W06] t=5.60s | Des(P,R,Y):   0.0,  0.0, 50.0 | Act(P,R,Y):  -3.2,-31.8, 10.7
[G12-W02] t=4.60s | Des(P,R,Y):   0.0,  0.0,  0.0 | Act(P,R,Y):  -0.5,  2.2, -0.2
[G12-W03] t=5.80s | Des(P,R,Y):   0.0,  0.0, 50.0 | Act(P,R,Y):  -0.3,-23.5, 20.9
[G12-W05] t=4.80s | Des(P,R,Y):   0.0,  0.0,  0.0 | Act(P,R,Y):  -1.9, -1.1, -0.5
[G12-W06] t=5.80s | Des(P,R,Y):   0.0,  0.0, 50.0 | Act(P,R,Y):  -0.3,-33.2, 20.8
[G12-W01] t=5.00s | Des(P,R,Y):   0.0,  0.0, 50.0 | Act(P,R,Y):  -3.4, -5.0,  0.4
[G12-W04] t=4.60s | Des(P,R,Y):   0.0,  0.0,  0.0 | Act(P,R,Y):  -0.8,  0.2, -0.4
[G12-W03] t=6.00s | Des(P,R,Y):   0.0,  0.0,  0.0 | Act(P,R,Y):   9.3,-22.0, 35.8
[Fixation Controller] Initialized 3-DOF Virtual Work tracking for Eyes.
Eval SUCCESS: G12-W03 | Kp=242.37, Ki=3.25, Kd=30.21 => Score=32.2
[G12-W02] t=4.80s | Des(P,R,Y):   0.0,  0.0,  0.0 | Act(P,R,Y):  -1.8, -0.3, -0.6
[G12-W06] t=6.00s | Des(P,R,Y):   0.0,  0.0,  0.0 | Act(P,R,Y):   9.7,-25.9, 35.7
[Fixation Controller] Initialized 3-DOF Virtual Work tracking for Eyes.
Eval SUCCESS: G12-W06 | Kp=253.81, Ki=121.76, Kd=14.84 => Score=39.1
[G12-W01] t=5.20s | Des(P,R,Y):   0.0,  0.0, 50.0 | Act(P,R,Y):  -5.5,-12.5, 23.1
[G12-W05] t=5.00s | Des(P,R,Y):   0.0,  0.0, 50.0 | Act(P,R,Y):  -4.0, -4.9,  0.2
[G12-W04] t=4.80s | Des(P,R,Y):   0.0,  0.0,  0.0 | Act(P,R,Y):  -1.7, -0.9, -0.6
[G12-W02] t=5.00s | Des(P,R,Y):   0.0,  0.0, 50.0 | Act(P,R,Y):  -4.1, -4.5,  0.1
[G12-W01] t=5.40s | Des(P,R,Y):   0.0,  0.0, 50.0 | Act(P,R,Y):  -2.6, -6.5, 10.8
[G12-W05] t=5.20s | Des(P,R,Y):   0.0,  0.0, 50.0 | Act(P,R,Y):  -4.2, -9.0, 22.6
[G12-W01] t=5.60s | Des(P,R,Y):   0.0,  0.0, 50.0 | Act(P,R,Y):  -2.0, -9.5, 10.7
[G12-W02] t=5.20s | Des(P,R,Y):   0.0,  0.0, 50.0 | Act(P,R,Y):  -3.9, -7.2, 22.6
[G12-W05] t=5.40s | Des(P,R,Y):   0.0,  0.0, 50.0 | Act(P,R,Y):  -4.1, -7.8, 10.9
[G12-W04] t=5.00s | Des(P,R,Y):   0.0,  0.0, 50.0 | Act(P,R,Y):  -3.8, -4.3,  0.0
[G12-W01] t=5.80s | Des(P,R,Y):   0.0,  0.0, 50.0 | Act(P,R,Y):   1.0,-19.2, 21.0
[G12-W02] t=5.40s | Des(P,R,Y):   0.0,  0.0, 50.0 | Act(P,R,Y):  -4.6, -8.1, 10.9
[G12-W05] t=5.60s | Des(P,R,Y):   0.0,  0.0, 50.0 | Act(P,R,Y):  -2.6, -5.0, 10.7
[G12-W04] t=5.20s | Des(P,R,Y):   0.0,  0.0, 50.0 | Act(P,R,Y):  -2.9, -9.4, 22.6
[G12-W01] t=6.00s | Des(P,R,Y):   0.0,  0.0,  0.0 | Act(P,R,Y):   8.2,-20.4, 35.8
[Fixation Controller] Initialized 3-DOF Virtual Work tracking for Eyes.
Eval SUCCESS: G12-W01 | Kp=290.79, Ki=157.08, Kd=42.92 => Score=31.3
[G12-W05] t=5.80s | Des(P,R,Y):   0.0,  0.0, 50.0 | Act(P,R,Y):  -0.7,-10.4, 20.8
[G12-W02] t=5.60s | Des(P,R,Y):   0.0,  0.0, 50.0 | Act(P,R,Y):  -3.2, -7.2, 10.7
[G12-W04] t=5.40s | Des(P,R,Y):   0.0,  0.0, 50.0 | Act(P,R,Y):  -2.7, -6.2, 10.8
[G12-W05] t=6.00s | Des(P,R,Y):   0.0,  0.0,  0.0 | Act(P,R,Y):   8.1,-15.2, 35.7
[Fixation Controller] Initialized 3-DOF Virtual Work tracking for Eyes.
Eval SUCCESS: G12-W05 | Kp=254.45, Ki=120.37, Kd=52.55 => Score=32.9
[G12-W02] t=5.80s | Des(P,R,Y):   0.0,  0.0, 50.0 | Act(P,R,Y):  -1.7,-12.4, 20.8
[G12-W04] t=5.60s | Des(P,R,Y):   0.0,  0.0, 50.0 | Act(P,R,Y):  -2.2, -3.7, 10.8
[G12-W02] t=6.00s | Des(P,R,Y):   0.0,  0.0,  0.0 | Act(P,R,Y):   7.5,-16.3, 35.7
[Fixation Controller] Initialized 3-DOF Virtual Work tracking for Eyes.
Eval SUCCESS: G12-W02 | Kp=228.70, Ki=86.21, Kd=54.18 => Score=34.7
[G12-W04] t=5.80s | Des(P,R,Y):   0.0,  0.0, 50.0 | Act(P,R,Y):  -0.5, -6.0, 20.8
[G12-W04] t=6.00s | Des(P,R,Y):   0.0,  0.0,  0.0 | Act(P,R,Y):   7.7,-11.2, 35.7
[Fixation Controller] Initialized 3-DOF Virtual Work tracking for Eyes.
Eval SUCCESS: G12-W04 | Kp=319.00, Ki=104.72, Kd=57.78 => Score=30.5
   12     72 3.047591031492530e+01 5.9e+00 4.04e+01  2e+01  8e+01 47:58.7  
Gen 12: Best Error = 30.48 | Kp=319.00, Ki=104.72, Kd=57.78

--- Generation 13 ---
Found simbody-visualizer, setting SIMBODY_HOME env var to  C:\Users\User\miniforge3\envs\opensim_env\Lib\opensimFound simbody-visualizer, setting SIMBODY_HOME env var to  C:\Users\User\miniforge3\envs\opensim_env\Lib\opensim

Found simbody-visualizer, setting SIMBODY_HOME env var to  C:\Users\User\miniforge3\envs\opensim_env\Lib\opensim
Found simbody-visualizer, setting SIMBODY_HOME env var to  C:\Users\User\miniforge3\envs\opensim_env\Lib\opensim
Found simbody-visualizer, setting SIMBODY_HOME env var to  C:\Users\User\miniforge3\envs\opensim_env\Lib\opensim
Found simbody-visualizer, setting SIMBODY_HOME env var to  C:\Users\User\miniforge3\envs\opensim_env\Lib\opensim
[G13-W04] t=0.20s | Des(P,R,Y):   0.0,  0.0,  0.0 | Act(P,R,Y):  -1.6, -0.7, -1.5
[G13-W06] t=0.20s | Des(P,R,Y):   0.0,  0.0,  0.0 | Act(P,R,Y):  -1.4, -0.6, -1.3
[G13-W02] t=0.20s | Des(P,R,Y):   0.0,  0.0,  0.0 | Act(P,R,Y):  -0.1,  0.8, -0.2
[G13-W05] t=0.20s | Des(P,R,Y):   0.0,  0.0,  0.0 | Act(P,R,Y):   0.1,  0.7, -0.2
[G13-W03] t=0.20s | Des(P,R,Y):   0.0,  0.0,  0.0 | Act(P,R,Y):  -0.4,  0.2, -0.6
[G13-W01] t=0.20s | Des(P,R,Y):   0.0,  0.0,  0.0 | Act(P,R,Y):   0.1,  1.2,  0.3
[G13-W04] t=0.40s | Des(P,R,Y):   0.0,  0.0,  0.0 | Act(P,R,Y):  -0.9, -0.0, -1.1
[G13-W06] t=0.40s | Des(P,R,Y):   0.0,  0.0,  0.0 | Act(P,R,Y):  -1.0, -0.1, -1.1
[G13-W05] t=0.40s | Des(P,R,Y):   0.0,  0.0,  0.0 | Act(P,R,Y):  -1.2, -0.3, -1.0
[G13-W03] t=0.40s | Des(P,R,Y):   0.0,  0.0,  0.0 | Act(P,R,Y):  -1.4, -0.3, -1.1
[G13-W02] t=0.40s | Des(P,R,Y):   0.0,  0.0,  0.0 | Act(P,R,Y):  -1.2, -0.4, -0.9
[G13-W01] t=0.40s | Des(P,R,Y):   0.0,  0.0,  0.0 | Act(P,R,Y):  -1.1, -0.4, -0.6
[G13-W04] t=0.60s | Des(P,R,Y):   0.0,  0.0,  0.0 | Act(P,R,Y):  -1.1, -0.5, -1.2
[G13-W06] t=0.60s | Des(P,R,Y):   0.0,  0.0,  0.0 | Act(P,R,Y):  -1.2, -0.6, -1.1
[G13-W03] t=0.60s | Des(P,R,Y):   0.0,  0.0,  0.0 | Act(P,R,Y):  -1.5, -0.7, -1.1
[G13-W05] t=0.60s | Des(P,R,Y):   0.0,  0.0,  0.0 | Act(P,R,Y):  -1.5, -0.6, -0.9
[G13-W02] t=0.60s | Des(P,R,Y):   0.0,  0.0,  0.0 | Act(P,R,Y):  -1.2, -0.6, -0.7
[G13-W04] t=0.80s | Des(P,R,Y):   0.0,  0.0,  0.0 | Act(P,R,Y):  -0.9, -0.3, -1.1
[G13-W01] t=0.60s | Des(P,R,Y):   0.0,  0.0,  0.0 | Act(P,R,Y):  -1.2, -0.7, -0.7
[G13-W06] t=0.80s | Des(P,R,Y):   0.0,  0.0,  0.0 | Act(P,R,Y):  -1.0, -0.4, -1.0
[G13-W03] t=0.80s | Des(P,R,Y):   0.0,  0.0,  0.0 | Act(P,R,Y):  -1.2, -0.6, -1.0
[G13-W05] t=0.80s | Des(P,R,Y):   0.0,  0.0,  0.0 | Act(P,R,Y):  -1.4, -0.6, -0.9
[G13-W04] t=1.00s | Des(P,R,Y):  45.0,  0.0,  0.0 | Act(P,R,Y):   8.7,  0.0, -1.3
[G13-W06] t=1.00s | Des(P,R,Y):  45.0,  0.0,  0.0 | Act(P,R,Y):   8.4, -0.0, -1.1
[G13-W02] t=0.80s | Des(P,R,Y):   0.0,  0.0,  0.0 | Act(P,R,Y):  -1.2, -0.6, -0.8
[G13-W03] t=1.00s | Des(P,R,Y):  45.0,  0.0,  0.0 | Act(P,R,Y):   8.0, -0.2, -1.2
[G13-W04] t=1.20s | Des(P,R,Y):  45.0,  0.0,  0.0 | Act(P,R,Y):  43.3, -0.6, -0.5
[G13-W01] t=0.80s | Des(P,R,Y):   0.0,  0.0,  0.0 | Act(P,R,Y):  -1.3, -0.6, -0.7
[G13-W06] t=1.20s | Des(P,R,Y):  45.0,  0.0,  0.0 | Act(P,R,Y):  42.7, -0.8, -0.6
[G13-W04] t=1.40s | Des(P,R,Y):  45.0,  0.0,  0.0 | Act(P,R,Y):  45.8, -1.3, -1.6
[G13-W05] t=1.00s | Des(P,R,Y):  45.0,  0.0,  0.0 | Act(P,R,Y):   4.0, -1.2, -1.3
[G13-W03] t=1.20s | Des(P,R,Y):  45.0,  0.0,  0.0 | Act(P,R,Y):  38.7, -0.8, -0.9
[G13-W06] t=1.40s | Des(P,R,Y):  45.0,  0.0,  0.0 | Act(P,R,Y):  46.5, -1.0, -1.3
[G13-W02] t=1.00s | Des(P,R,Y):  45.0,  0.0,  0.0 | Act(P,R,Y):   4.1, -0.6, -1.2
[G13-W04] t=1.60s | Des(P,R,Y):  45.0,  0.0,  0.0 | Act(P,R,Y):  47.7, -0.5, -1.2
[G13-W06] t=1.60s | Des(P,R,Y):  45.0,  0.0,  0.0 | Act(P,R,Y):  48.5, -0.4, -1.0
[G13-W05] t=1.20s | Des(P,R,Y):  45.0,  0.0,  0.0 | Act(P,R,Y):  35.8, -0.5, -1.0
[G13-W01] t=1.00s | Des(P,R,Y):  45.0,  0.0,  0.0 | Act(P,R,Y):   3.9, -0.7, -1.2
[G13-W04] t=1.80s | Des(P,R,Y):  45.0,  0.0,  0.0 | Act(P,R,Y):  49.1,  0.1, -0.7
[G13-W03] t=1.40s | Des(P,R,Y):  45.0,  0.0,  0.0 | Act(P,R,Y):  46.0, -0.7, -1.0
[G13-W02] t=1.20s | Des(P,R,Y):  45.0,  0.0,  0.0 | Act(P,R,Y):  36.9, -0.7, -1.0
[G13-W06] t=1.80s | Des(P,R,Y):  45.0,  0.0,  0.0 | Act(P,R,Y):  49.7,  0.2, -0.5
[G13-W04] t=2.00s | Des(P,R,Y):   0.0,  0.0,  0.0 | Act(P,R,Y):  45.1,  1.3,  0.4
[G13-W01] t=1.20s | Des(P,R,Y):  45.0,  0.0,  0.0 | Act(P,R,Y):  34.6, -1.0, -1.1
[G13-W05] t=1.40s | Des(P,R,Y):  45.0,  0.0,  0.0 | Act(P,R,Y):  44.3, -0.6, -1.0
[G13-W06] t=2.00s | Des(P,R,Y):   0.0,  0.0,  0.0 | Act(P,R,Y):  45.6,  1.3,  0.7
[G13-W03] t=1.60s | Des(P,R,Y):  45.0,  0.0,  0.0 | Act(P,R,Y):  48.4, -0.5, -1.1
[G13-W02] t=1.40s | Des(P,R,Y):  45.0,  0.0,  0.0 | Act(P,R,Y):  45.2, -0.3, -0.9
[G13-W04] t=2.20s | Des(P,R,Y):   0.0,  0.0,  0.0 | Act(P,R,Y):   7.3,  1.1, -0.0
[G13-W06] t=2.20s | Des(P,R,Y):   0.0,  0.0,  0.0 | Act(P,R,Y):   7.9,  1.1,  0.2
[G13-W01] t=1.40s | Des(P,R,Y):  45.0,  0.0,  0.0 | Act(P,R,Y):  45.4, -0.4, -0.8
[G13-W05] t=1.60s | Des(P,R,Y):  45.0,  0.0,  0.0 | Act(P,R,Y):  47.3, -0.4, -1.1
[G13-W04] t=2.40s | Des(P,R,Y):   0.0,  0.0,  0.0 | Act(P,R,Y):   1.4,  0.1, -1.1
[G13-W03] t=1.80s | Des(P,R,Y):  45.0,  0.0,  0.0 | Act(P,R,Y):  50.0,  0.2, -0.6
[G13-W02] t=1.60s | Des(P,R,Y):  45.0,  0.0,  0.0 | Act(P,R,Y):  47.3, -0.1, -0.9
[G13-W06] t=2.40s | Des(P,R,Y):   0.0,  0.0,  0.0 | Act(P,R,Y):   0.8,  0.2, -0.7
[G13-W04] t=2.60s | Des(P,R,Y):   0.0,  0.0,  0.0 | Act(P,R,Y):   0.3,  0.2, -0.8
[G13-W05] t=1.80s | Des(P,R,Y):  45.0,  0.0,  0.0 | Act(P,R,Y):  49.3,  0.2, -0.7
[G13-W01] t=1.60s | Des(P,R,Y):  45.0,  0.0,  0.0 | Act(P,R,Y):  48.3, -0.2, -0.9
[G13-W03] t=2.00s | Des(P,R,Y):   0.0,  0.0,  0.0 | Act(P,R,Y):  46.3,  1.5,  0.6
[G13-W06] t=2.60s | Des(P,R,Y):   0.0,  0.0,  0.0 | Act(P,R,Y):  -0.7,  0.1, -0.6
[G13-W02] t=1.80s | Des(P,R,Y):  45.0,  0.0,  0.0 | Act(P,R,Y):  48.7,  0.3, -0.6
[G13-W04] t=2.80s | Des(P,R,Y):   0.0,  0.0,  0.0 | Act(P,R,Y):  -0.4,  0.1, -0.7
[G13-W03] t=2.20s | Des(P,R,Y):   0.0,  0.0,  0.0 | Act(P,R,Y):  11.7,  0.4,  0.0
[G13-W05] t=2.00s | Des(P,R,Y):   0.0,  0.0,  0.0 | Act(P,R,Y):  46.2,  1.4,  0.3
[G13-W06] t=2.80s | Des(P,R,Y):   0.0,  0.0,  0.0 | Act(P,R,Y):  -1.4,  0.0, -0.5
[G13-W01] t=1.80s | Des(P,R,Y):  45.0,  0.0,  0.0 | Act(P,R,Y):  50.1,  0.4, -0.4
[G13-W02] t=2.00s | Des(P,R,Y):   0.0,  0.0,  0.0 | Act(P,R,Y):  45.4,  1.3,  0.3
[G13-W03] t=2.40s | Des(P,R,Y):   0.0,  0.0,  0.0 | Act(P,R,Y):   2.4, -0.1, -0.7
[G13-W05] t=2.20s | Des(P,R,Y):   0.0,  0.0,  0.0 | Act(P,R,Y):  15.1,  0.4, -0.1
[G13-W04] t=3.00s | Des(P,R,Y):   0.0, 35.0,  0.0 | Act(P,R,Y):  -0.4,  7.7, -1.1
[G13-W06] t=3.00s | Des(P,R,Y):   0.0, 35.0,  0.0 | Act(P,R,Y):  -1.3,  7.6, -0.8
[G13-W02] t=2.20s | Des(P,R,Y):   0.0,  0.0,  0.0 | Act(P,R,Y):  12.3,  0.5, -0.1
[G13-W01] t=2.00s | Des(P,R,Y):   0.0,  0.0,  0.0 | Act(P,R,Y):  47.0,  1.3,  0.4
[G13-W03] t=2.60s | Des(P,R,Y):   0.0,  0.0,  0.0 | Act(P,R,Y):  -0.2,  0.2, -0.4
[G13-W05] t=2.40s | Des(P,R,Y):   0.0,  0.0,  0.0 | Act(P,R,Y):   5.1,  0.3, -0.4
[G13-W04] t=3.20s | Des(P,R,Y):   0.0, 35.0,  0.0 | Act(P,R,Y):  -2.3, 31.3, -1.9
[G13-W06] t=3.20s | Des(P,R,Y):   0.0, 35.0,  0.0 | Act(P,R,Y):  -3.0, 31.5, -1.5
[G13-W02] t=2.40s | Des(P,R,Y):   0.0,  0.0,  0.0 | Act(P,R,Y):   3.1, -0.0, -0.7
[G13-W01] t=2.20s | Des(P,R,Y):   0.0,  0.0,  0.0 | Act(P,R,Y):  16.2,  0.7,  0.2
[G13-W05] t=2.60s | Des(P,R,Y):   0.0,  0.0,  0.0 | Act(P,R,Y):   1.0,  0.1, -0.6
[G13-W04] t=3.40s | Des(P,R,Y):   0.0, 35.0,  0.0 | Act(P,R,Y):   0.2, 36.6, -0.7
[G13-W03] t=2.80s | Des(P,R,Y):   0.0,  0.0,  0.0 | Act(P,R,Y):  -1.5,  0.0, -0.5
[G13-W06] t=3.40s | Des(P,R,Y):   0.0, 35.0,  0.0 | Act(P,R,Y):  -0.5, 36.9, -0.5
[G13-W02] t=2.60s | Des(P,R,Y):   0.0,  0.0,  0.0 | Act(P,R,Y):   0.6,  0.0, -0.7
[G13-W01] t=2.40s | Des(P,R,Y):   0.0,  0.0,  0.0 | Act(P,R,Y):   4.7,  0.1, -0.3
[G13-W04] t=3.60s | Des(P,R,Y):   0.0, 35.0,  0.0 | Act(P,R,Y):   0.9, 37.3, -0.4
[G13-W05] t=2.80s | Des(P,R,Y):   0.0,  0.0,  0.0 | Act(P,R,Y):  -0.8, -0.2, -0.7
[G13-W03] t=3.00s | Des(P,R,Y):   0.0, 35.0,  0.0 | Act(P,R,Y):  -1.9,  6.6, -0.8
[G13-W06] t=3.60s | Des(P,R,Y):   0.0, 35.0,  0.0 | Act(P,R,Y):   0.1, 37.6, -0.1
[G13-W02] t=2.80s | Des(P,R,Y):   0.0,  0.0,  0.0 | Act(P,R,Y):  -0.4, -0.2, -0.7
[G13-W04] t=3.80s | Des(P,R,Y):   0.0, 35.0,  0.0 | Act(P,R,Y):   1.2, 36.9, -0.4
[G13-W01] t=2.60s | Des(P,R,Y):   0.0,  0.0,  0.0 | Act(P,R,Y):   0.6, -0.1, -0.3
[G13-W03] t=3.20s | Des(P,R,Y):   0.0, 35.0,  0.0 | Act(P,R,Y):  -2.7, 29.3, -1.3
[G13-W05] t=3.00s | Des(P,R,Y):   0.0, 35.0,  0.0 | Act(P,R,Y):  -1.3,  6.1, -0.9
[G13-W06] t=3.80s | Des(P,R,Y):   0.0, 35.0,  0.0 | Act(P,R,Y):   0.5, 37.5, -0.1
[G13-W04] t=4.00s | Des(P,R,Y):   0.0,  0.0,  0.0 | Act(P,R,Y):   2.8, 29.3,  0.3
[G13-W03] t=3.40s | Des(P,R,Y):   0.0, 35.0,  0.0 | Act(P,R,Y):  -1.1, 35.7, -0.7
[G13-W02] t=3.00s | Des(P,R,Y):   0.0, 35.0,  0.0 | Act(P,R,Y):  -1.3,  5.0, -1.2
[G13-W05] t=3.20s | Des(P,R,Y):   0.0, 35.0,  0.0 | Act(P,R,Y):  -2.2, 26.8, -1.4
[G13-W06] t=4.00s | Des(P,R,Y):   0.0,  0.0,  0.0 | Act(P,R,Y):   2.1, 29.8,  0.6
[G13-W01] t=2.80s | Des(P,R,Y):   0.0,  0.0,  0.0 | Act(P,R,Y):  -1.4, -0.2, -0.4
[G13-W04] t=4.20s | Des(P,R,Y):   0.0,  0.0,  0.0 | Act(P,R,Y):   1.4,  5.0, -0.0
[G13-W03] t=3.60s | Des(P,R,Y):   0.0, 35.0,  0.0 | Act(P,R,Y):  -0.2, 37.4, -0.3
[G13-W02] t=3.20s | Des(P,R,Y):   0.0, 35.0,  0.0 | Act(P,R,Y):  -1.6, 28.1, -1.5
[G13-W05] t=3.40s | Des(P,R,Y):   0.0, 35.0,  0.0 | Act(P,R,Y):  -0.7, 34.0, -0.9
[G13-W06] t=4.20s | Des(P,R,Y):   0.0,  0.0,  0.0 | Act(P,R,Y):   1.0,  5.4,  0.3
[G13-W01] t=3.00s | Des(P,R,Y):   0.0, 35.0,  0.0 | Act(P,R,Y):  -2.4,  4.8, -0.9
[G13-W03] t=3.80s | Des(P,R,Y):   0.0, 35.0,  0.0 | Act(P,R,Y):   0.3, 37.6, -0.2
[G13-W04] t=4.40s | Des(P,R,Y):   0.0,  0.0,  0.0 | Act(P,R,Y):   0.4,  0.1, -0.3
[G13-W02] t=3.40s | Des(P,R,Y):   0.0, 35.0,  0.0 | Act(P,R,Y):   0.1, 34.7, -0.8
[G13-W05] t=3.60s | Des(P,R,Y):   0.0, 35.0,  0.0 | Act(P,R,Y):   0.1, 36.5, -0.6
[G13-W06] t=4.40s | Des(P,R,Y):   0.0,  0.0,  0.0 | Act(P,R,Y):  -0.1, -0.2, -0.1
[G13-W03] t=4.00s | Des(P,R,Y):   0.0,  0.0,  0.0 | Act(P,R,Y):   1.8, 31.1,  0.5
[G13-W04] t=4.60s | Des(P,R,Y):   0.0,  0.0,  0.0 | Act(P,R,Y):  -1.1, -1.0, -0.9
[G13-W01] t=3.20s | Des(P,R,Y):   0.0, 35.0,  0.0 | Act(P,R,Y):  -3.0, 26.1, -1.3
[G13-W02] t=3.60s | Des(P,R,Y):   0.0, 35.0,  0.0 | Act(P,R,Y):   0.6, 36.3, -0.6
[G13-W05] t=3.80s | Des(P,R,Y):   0.0, 35.0,  0.0 | Act(P,R,Y):   0.5, 37.2, -0.4
[G13-W06] t=4.60s | Des(P,R,Y):   0.0,  0.0,  0.0 | Act(P,R,Y):  -1.5, -1.3, -0.6
[G13-W03] t=4.20s | Des(P,R,Y):   0.0,  0.0,  0.0 | Act(P,R,Y):   1.2,  8.4,  0.2
[G13-W04] t=4.80s | Des(P,R,Y):   0.0,  0.0,  0.0 | Act(P,R,Y):  -1.5, -0.8, -0.9
[G13-W01] t=3.40s | Des(P,R,Y):   0.0, 35.0,  0.0 | Act(P,R,Y):  -1.2, 34.8, -0.5
[G13-W02] t=3.80s | Des(P,R,Y):   0.0, 35.0,  0.0 | Act(P,R,Y):   0.9, 36.7, -0.5
[G13-W05] t=4.00s | Des(P,R,Y):   0.0,  0.0,  0.0 | Act(P,R,Y):   1.8, 31.5,  0.2
[G13-W06] t=4.80s | Des(P,R,Y):   0.0,  0.0,  0.0 | Act(P,R,Y):  -1.9, -1.3, -0.6
[G13-W03] t=4.40s | Des(P,R,Y):   0.0,  0.0,  0.0 | Act(P,R,Y):   0.2,  1.5, -0.0
[G13-W04] t=5.00s | Des(P,R,Y):   0.0,  0.0, 50.0 | Act(P,R,Y):  -2.8, -4.7,  0.1
[G13-W02] t=4.00s | Des(P,R,Y):   0.0,  0.0,  0.0 | Act(P,R,Y):   2.0, 30.3,  0.1
[G13-W01] t=3.60s | Des(P,R,Y):   0.0, 35.0,  0.0 | Act(P,R,Y):  -0.6, 37.3, -0.3
[G13-W05] t=4.20s | Des(P,R,Y):   0.0,  0.0,  0.0 | Act(P,R,Y):   1.2, 10.8,  0.1
[G13-W06] t=5.00s | Des(P,R,Y):   0.0,  0.0, 50.0 | Act(P,R,Y):  -3.2, -5.0,  0.3
[G13-W04] t=5.20s | Des(P,R,Y):   0.0,  0.0, 50.0 | Act(P,R,Y):  -8.9,-21.7, 23.8
[G13-W03] t=4.60s | Des(P,R,Y):   0.0,  0.0,  0.0 | Act(P,R,Y):  -1.0, -0.6, -0.3
[G13-W01] t=3.80s | Des(P,R,Y):   0.0, 35.0,  0.0 | Act(P,R,Y):  -0.1, 38.0, -0.1
[G13-W02] t=4.20s | Des(P,R,Y):   0.0,  0.0,  0.0 | Act(P,R,Y):   1.3,  9.0,  0.1
[G13-W05] t=4.40s | Des(P,R,Y):   0.0,  0.0,  0.0 | Act(P,R,Y):   0.6,  3.4,  0.1
[G13-W06] t=5.20s | Des(P,R,Y):   0.0,  0.0, 50.0 | Act(P,R,Y):  -8.0,-21.4, 23.8
[G13-W04] t=5.40s | Des(P,R,Y):   0.0,  0.0, 50.0 | Act(P,R,Y):  -0.8,-24.3, 10.5
[G13-W03] t=4.80s | Des(P,R,Y):   0.0,  0.0,  0.0 | Act(P,R,Y):  -1.8, -1.3, -0.5
[G13-W01] t=4.00s | Des(P,R,Y):   0.0,  0.0,  0.0 | Act(P,R,Y):   0.9, 32.2,  0.4
[G13-W06] t=5.40s | Des(P,R,Y):   0.0,  0.0, 50.0 | Act(P,R,Y):  -0.9,-23.9, 10.5
[G13-W02] t=4.40s | Des(P,R,Y):   0.0,  0.0,  0.0 | Act(P,R,Y):   0.4,  2.0, -0.3
[G13-W05] t=4.60s | Des(P,R,Y):   0.0,  0.0,  0.0 | Act(P,R,Y):  -0.6,  0.2, -0.4
[G13-W04] t=5.60s | Des(P,R,Y):   0.0,  0.0, 50.0 | Act(P,R,Y):  -0.9,-29.4, 10.7
[G13-W03] t=5.00s | Des(P,R,Y):   0.0,  0.0, 50.0 | Act(P,R,Y):  -3.4, -4.8,  0.3
[G13-W06] t=5.60s | Des(P,R,Y):   0.0,  0.0, 50.0 | Act(P,R,Y):  -1.0,-29.3, 10.6
[G13-W01] t=4.20s | Des(P,R,Y):   0.0,  0.0,  0.0 | Act(P,R,Y):   0.5, 11.6,  0.4
[G13-W04] t=5.80s | Des(P,R,Y):   0.0,  0.0, 50.0 | Act(P,R,Y):  -1.3,-33.8, 20.9
[G13-W05] t=4.80s | Des(P,R,Y):   0.0,  0.0,  0.0 | Act(P,R,Y):  -1.5, -0.8, -0.6
[G13-W02] t=4.60s | Des(P,R,Y):   0.0,  0.0,  0.0 | Act(P,R,Y):  -0.6, -0.1, -0.6
[G13-W06] t=5.80s | Des(P,R,Y):   0.0,  0.0, 50.0 | Act(P,R,Y):  -1.0,-33.9, 20.9
[G13-W03] t=5.20s | Des(P,R,Y):   0.0,  0.0, 50.0 | Act(P,R,Y):  -5.0,-11.5, 23.0
[G13-W04] t=6.00s | Des(P,R,Y):   0.0,  0.0,  0.0 | Act(P,R,Y):   8.9,-26.6, 35.7
[Fixation Controller] Initialized 3-DOF Virtual Work tracking for Eyes.
Eval SUCCESS: G13-W04 | Kp=266.49, Ki=72.92, Kd=29.91 => Score=34.8
[G13-W01] t=4.40s | Des(P,R,Y):   0.0,  0.0,  0.0 | Act(P,R,Y):  -0.3,  3.2,  0.2
[G13-W05] t=5.00s | Des(P,R,Y):   0.0,  0.0, 50.0 | Act(P,R,Y):  -3.5, -4.3,  0.1
[G13-W06] t=6.00s | Des(P,R,Y):   0.0,  0.0,  0.0 | Act(P,R,Y):   8.4,-26.6, 35.8
[Fixation Controller] Initialized 3-DOF Virtual Work tracking for Eyes.
Eval SUCCESS: G13-W06 | Kp=286.92, Ki=135.23, Kd=34.06 => Score=34.8
[G13-W03] t=5.40s | Des(P,R,Y):   0.0,  0.0, 50.0 | Act(P,R,Y):  -3.0, -6.5, 10.8
[G13-W02] t=4.80s | Des(P,R,Y):   0.0,  0.0,  0.0 | Act(P,R,Y):  -1.2, -0.8, -0.8
[G13-W03] t=5.60s | Des(P,R,Y):   0.0,  0.0, 50.0 | Act(P,R,Y):  -1.2, -4.6, 10.7
[G13-W05] t=5.20s | Des(P,R,Y):   0.0,  0.0, 50.0 | Act(P,R,Y):  -3.0, -9.8, 22.7
[G13-W01] t=4.60s | Des(P,R,Y):   0.0,  0.0,  0.0 | Act(P,R,Y):  -1.2, -0.5, -0.3
[G13-W02] t=5.00s | Des(P,R,Y):   0.0,  0.0, 50.0 | Act(P,R,Y):  -3.1, -3.6, -0.1
[G13-W03] t=5.80s | Des(P,R,Y):   0.0,  0.0, 50.0 | Act(P,R,Y):  -1.0,-12.1, 20.8
[G13-W05] t=5.40s | Des(P,R,Y):   0.0,  0.0, 50.0 | Act(P,R,Y):  -2.8, -6.5, 10.8
[G13-W03] t=6.00s | Des(P,R,Y):   0.0,  0.0,  0.0 | Act(P,R,Y):   8.7,-14.8, 35.7
[Fixation Controller] Initialized 3-DOF Virtual Work tracking for Eyes.
Eval SUCCESS: G13-W03 | Kp=287.12, Ki=131.47, Kd=43.41 => Score=30.1
[G13-W02] t=5.20s | Des(P,R,Y):   0.0,  0.0, 50.0 | Act(P,R,Y):  -2.4, -9.3, 22.7
[G13-W01] t=4.80s | Des(P,R,Y):   0.0,  0.0,  0.0 | Act(P,R,Y):  -1.9, -1.6, -0.5
[G13-W05] t=5.60s | Des(P,R,Y):   0.0,  0.0, 50.0 | Act(P,R,Y):  -2.6, -6.1, 10.8
[G13-W05] t=5.80s | Des(P,R,Y):   0.0,  0.0, 50.0 | Act(P,R,Y):  -0.5, -9.9, 20.8
[G13-W02] t=5.40s | Des(P,R,Y):   0.0,  0.0, 50.0 | Act(P,R,Y):  -1.9, -5.0, 10.8
[G13-W01] t=5.00s | Des(P,R,Y):   0.0,  0.0, 50.0 | Act(P,R,Y):  -3.6, -4.0,  0.1
[G13-W05] t=6.00s | Des(P,R,Y):   0.0,  0.0,  0.0 | Act(P,R,Y):   8.1,-14.5, 35.7
[Fixation Controller] Initialized 3-DOF Virtual Work tracking for Eyes.
Eval SUCCESS: G13-W05 | Kp=306.22, Ki=95.24, Kd=54.40 => Score=30.9
[G13-W02] t=5.60s | Des(P,R,Y):   0.0,  0.0, 50.0 | Act(P,R,Y):  -1.6, -2.7, 10.8
[G13-W02] t=5.80s | Des(P,R,Y):   0.0,  0.0, 50.0 | Act(P,R,Y):   0.2, -6.0, 20.7
[G13-W01] t=5.20s | Des(P,R,Y):   0.0,  0.0, 50.0 | Act(P,R,Y):  -3.3, -8.8, 22.5
[G13-W02] t=6.00s | Des(P,R,Y):   0.0,  0.0,  0.0 | Act(P,R,Y):   7.7,-11.8, 35.7
[Fixation Controller] Initialized 3-DOF Virtual Work tracking for Eyes.
Eval SUCCESS: G13-W02 | Kp=385.12, Ki=76.44, Kd=59.00 => Score=28.7
[G13-W01] t=5.40s | Des(P,R,Y):   0.0,  0.0, 50.0 | Act(P,R,Y):  -2.5, -5.4, 10.8
[G13-W01] t=5.60s | Des(P,R,Y):   0.0,  0.0, 50.0 | Act(P,R,Y):  -1.7, -2.6, 10.8
[G13-W01] t=5.80s | Des(P,R,Y):   0.0,  0.0, 50.0 | Act(P,R,Y):  -0.1, -5.1, 20.8
[G13-W01] t=6.00s | Des(P,R,Y):   0.0,  0.0,  0.0 | Act(P,R,Y):   7.0,-10.4, 35.6
[Fixation Controller] Initialized 3-DOF Virtual Work tracking for Eyes.
Eval SUCCESS: G13-W01 | Kp=410.19, Ki=200.09, Kd=75.06 => Score=30.3
   13     78 2.866449759752597e+01 7.7e+00 4.94e+01  2e+01  1e+02 52:53.9  
Gen 13: Best Error = 28.66 | Kp=385.12, Ki=76.44, Kd=59.00

--- Generation 14 ---
Found simbody-visualizer, setting SIMBODY_HOME env var to  C:\Users\User\miniforge3\envs\opensim_env\Lib\opensimFound simbody-visualizer, setting SIMBODY_HOME env var to  C:\Users\User\miniforge3\envs\opensim_env\Lib\opensimFound simbody-visualizer, setting SIMBODY_HOME env var to  C:\Users\User\miniforge3\envs\opensim_env\Lib\opensim


Found simbody-visualizer, setting SIMBODY_HOME env var to  C:\Users\User\miniforge3\envs\opensim_env\Lib\opensim
Found simbody-visualizer, setting SIMBODY_HOME env var to  C:\Users\User\miniforge3\envs\opensim_env\Lib\opensim
Found simbody-visualizer, setting SIMBODY_HOME env var to  C:\Users\User\miniforge3\envs\opensim_env\Lib\opensim
[G14-W04] t=0.20s | Des(P,R,Y):   0.0,  0.0,  0.0 | Act(P,R,Y):  -0.2,  0.8, -0.2
[G14-W06] t=0.20s | Des(P,R,Y):   0.0,  0.0,  0.0 | Act(P,R,Y):  -0.5,  0.4, -0.5
[G14-W03] t=0.20s | Des(P,R,Y):   0.0,  0.0,  0.0 | Act(P,R,Y):  -0.2,  0.4, -0.4
[G14-W05] t=0.20s | Des(P,R,Y):   0.0,  0.0,  0.0 | Act(P,R,Y):   0.2,  1.4,  0.4
[G14-W01] t=0.20s | Des(P,R,Y):   0.0,  0.0,  0.0 | Act(P,R,Y):   0.1,  1.3,  0.3
[G14-W02] t=0.20s | Des(P,R,Y):   0.0,  0.0,  0.0 | Act(P,R,Y):   0.2,  1.0,  0.6
[G14-W06] t=0.40s | Des(P,R,Y):   0.0,  0.0,  0.0 | Act(P,R,Y):  -1.2, -0.6, -0.9
[G14-W03] t=0.40s | Des(P,R,Y):   0.0,  0.0,  0.0 | Act(P,R,Y):  -1.3, -0.3, -1.0
[G14-W04] t=0.40s | Des(P,R,Y):   0.0,  0.0,  0.0 | Act(P,R,Y):  -1.4, -0.6, -0.9
[G14-W01] t=0.40s | Des(P,R,Y):   0.0,  0.0,  0.0 | Act(P,R,Y):  -1.0, -0.2, -0.6
[G14-W05] t=0.40s | Des(P,R,Y):   0.0,  0.0,  0.0 | Act(P,R,Y):  -0.9, -0.1, -0.4
[G14-W02] t=0.40s | Des(P,R,Y):   0.0,  0.0,  0.0 | Act(P,R,Y):  -0.6,  0.1, -0.1
[G14-W03] t=0.60s | Des(P,R,Y):   0.0,  0.0,  0.0 | Act(P,R,Y):  -1.3, -0.6, -0.9
[G14-W06] t=0.60s | Des(P,R,Y):   0.0,  0.0,  0.0 | Act(P,R,Y):  -1.0, -0.5, -0.6
[G14-W04] t=0.60s | Des(P,R,Y):   0.0,  0.0,  0.0 | Act(P,R,Y):  -1.2, -0.9, -0.8
[G14-W05] t=0.60s | Des(P,R,Y):   0.0,  0.0,  0.0 | Act(P,R,Y):  -1.1, -0.5, -0.5
[G14-W01] t=0.60s | Des(P,R,Y):   0.0,  0.0,  0.0 | Act(P,R,Y):  -1.2, -0.6, -0.6
[G14-W02] t=0.60s | Des(P,R,Y):   0.0,  0.0,  0.0 | Act(P,R,Y):  -0.9, -0.4, -0.4
[G14-W03] t=0.80s | Des(P,R,Y):   0.0,  0.0,  0.0 | Act(P,R,Y):  -1.2, -0.4, -0.8
[G14-W06] t=0.80s | Des(P,R,Y):   0.0,  0.0,  0.0 | Act(P,R,Y):  -0.9, -0.6, -0.6
[G14-W04] t=0.80s | Des(P,R,Y):   0.0,  0.0,  0.0 | Act(P,R,Y):  -1.2, -0.7, -0.8
[G14-W05] t=0.80s | Des(P,R,Y):   0.0,  0.0,  0.0 | Act(P,R,Y):  -1.3, -0.7, -0.6
[G14-W01] t=0.80s | Des(P,R,Y):   0.0,  0.0,  0.0 | Act(P,R,Y):  -1.3, -0.7, -0.7
[G14-W03] t=1.00s | Des(P,R,Y):  45.0,  0.0,  0.0 | Act(P,R,Y):   4.5, -1.0, -1.2
[G14-W02] t=0.80s | Des(P,R,Y):   0.0,  0.0,  0.0 | Act(P,R,Y):  -1.2, -0.6, -0.5
[G14-W06] t=1.00s | Des(P,R,Y):  45.0,  0.0,  0.0 | Act(P,R,Y):   4.4, -0.5, -1.0
[G14-W04] t=1.00s | Des(P,R,Y):  45.0,  0.0,  0.0 | Act(P,R,Y):   4.4, -1.1, -1.1
[G14-W03] t=1.20s | Des(P,R,Y):  45.0,  0.0,  0.0 | Act(P,R,Y):  38.9, -0.5, -0.8
[G14-W05] t=1.00s | Des(P,R,Y):  45.0,  0.0,  0.0 | Act(P,R,Y):   4.1, -1.2, -1.1
[G14-W01] t=1.00s | Des(P,R,Y):  45.0,  0.0,  0.0 | Act(P,R,Y):   4.0, -1.2, -1.1
[G14-W06] t=1.20s | Des(P,R,Y):  45.0,  0.0,  0.0 | Act(P,R,Y):  41.6, -0.5, -0.6
[G14-W02] t=1.00s | Des(P,R,Y):  45.0,  0.0,  0.0 | Act(P,R,Y):   4.2, -1.3, -1.0
[G14-W04] t=1.20s | Des(P,R,Y):  45.0,  0.0,  0.0 | Act(P,R,Y):  38.9, -0.7, -0.9
[G14-W03] t=1.40s | Des(P,R,Y):  45.0,  0.0,  0.0 | Act(P,R,Y):  45.3, -0.8, -1.1
[G14-W05] t=1.20s | Des(P,R,Y):  45.0,  0.0,  0.0 | Act(P,R,Y):  33.4, -0.9, -1.0
[G14-W01] t=1.20s | Des(P,R,Y):  45.0,  0.0,  0.0 | Act(P,R,Y):  33.8, -1.0, -1.1
[G14-W06] t=1.40s | Des(P,R,Y):  45.0,  0.0,  0.0 | Act(P,R,Y):  47.0, -0.5, -0.8
[G14-W02] t=1.20s | Des(P,R,Y):  45.0,  0.0,  0.0 | Act(P,R,Y):  33.3, -1.0, -0.9
[G14-W04] t=1.40s | Des(P,R,Y):  45.0,  0.0,  0.0 | Act(P,R,Y):  48.1, -0.5, -0.9
[G14-W03] t=1.60s | Des(P,R,Y):  45.0,  0.0,  0.0 | Act(P,R,Y):  48.0, -0.3, -0.9
[G14-W05] t=1.40s | Des(P,R,Y):  45.0,  0.0,  0.0 | Act(P,R,Y):  43.6, -0.4, -0.8
[G14-W01] t=1.40s | Des(P,R,Y):  45.0,  0.0,  0.0 | Act(P,R,Y):  44.7, -0.3, -0.8
[G14-W06] t=1.60s | Des(P,R,Y):  45.0,  0.0,  0.0 | Act(P,R,Y):  48.4, -0.0, -0.6
[G14-W04] t=1.60s | Des(P,R,Y):  45.0,  0.0,  0.0 | Act(P,R,Y):  50.6, -0.0, -0.7
[G14-W02] t=1.40s | Des(P,R,Y):  45.0,  0.0,  0.0 | Act(P,R,Y):  44.2, -0.5, -0.7
[G14-W03] t=1.80s | Des(P,R,Y):  45.0,  0.0,  0.0 | Act(P,R,Y):  49.6,  0.2, -0.5
[G14-W05] t=1.60s | Des(P,R,Y):  45.0,  0.0,  0.0 | Act(P,R,Y):  46.6, -0.2, -0.8
[G14-W01] t=1.60s | Des(P,R,Y):  45.0,  0.0,  0.0 | Act(P,R,Y):  47.8, -0.2, -0.9
[G14-W06] t=1.80s | Des(P,R,Y):  45.0,  0.0,  0.0 | Act(P,R,Y):  49.3,  0.4, -0.2
[G14-W04] t=1.80s | Des(P,R,Y):  45.0,  0.0,  0.0 | Act(P,R,Y):  51.8,  0.7, -0.1
[G14-W03] t=2.00s | Des(P,R,Y):   0.0,  0.0,  0.0 | Act(P,R,Y):  46.2,  1.4,  0.5
[G14-W02] t=1.60s | Des(P,R,Y):  45.0,  0.0,  0.0 | Act(P,R,Y):  47.3, -0.3, -0.7
[G14-W03] t=2.20s | Des(P,R,Y):   0.0,  0.0,  0.0 | Act(P,R,Y):  12.2,  0.5,  0.1
[G14-W06] t=2.00s | Des(P,R,Y):   0.0,  0.0,  0.0 | Act(P,R,Y):  45.6,  1.4,  0.6
[G14-W01] t=1.80s | Des(P,R,Y):  45.0,  0.0,  0.0 | Act(P,R,Y):  49.7,  0.3, -0.4
[G14-W05] t=1.80s | Des(P,R,Y):  45.0,  0.0,  0.0 | Act(P,R,Y):  48.4,  0.2, -0.5
[G14-W04] t=2.00s | Des(P,R,Y):   0.0,  0.0,  0.0 | Act(P,R,Y):  47.7,  1.8,  1.0
[G14-W02] t=1.80s | Des(P,R,Y):  45.0,  0.0,  0.0 | Act(P,R,Y):  49.2,  0.2, -0.4
[G14-W06] t=2.20s | Des(P,R,Y):   0.0,  0.0,  0.0 | Act(P,R,Y):   8.4,  0.9,  0.2
[G14-W03] t=2.40s | Des(P,R,Y):   0.0,  0.0,  0.0 | Act(P,R,Y):   2.8,  0.0, -0.6
[G14-W04] t=2.20s | Des(P,R,Y):   0.0,  0.0,  0.0 | Act(P,R,Y):  13.0,  0.9,  0.7
[G14-W05] t=2.00s | Des(P,R,Y):   0.0,  0.0,  0.0 | Act(P,R,Y):  45.6,  1.0,  0.2
[G14-W01] t=2.00s | Des(P,R,Y):   0.0,  0.0,  0.0 | Act(P,R,Y):  46.7,  1.5,  0.4
[G14-W06] t=2.40s | Des(P,R,Y):   0.0,  0.0,  0.0 | Act(P,R,Y):   0.0, -0.6, -1.1
[G14-W02] t=2.00s | Des(P,R,Y):   0.0,  0.0,  0.0 | Act(P,R,Y):  46.3,  1.2,  0.3
[G14-W03] t=2.60s | Des(P,R,Y):   0.0,  0.0,  0.0 | Act(P,R,Y):  -0.2,  0.1, -0.5
[G14-W01] t=2.20s | Des(P,R,Y):   0.0,  0.0,  0.0 | Act(P,R,Y):  16.7,  0.7,  0.2
[G14-W04] t=2.40s | Des(P,R,Y):   0.0,  0.0,  0.0 | Act(P,R,Y):   0.7, -0.1, -0.3
[G14-W05] t=2.20s | Des(P,R,Y):   0.0,  0.0,  0.0 | Act(P,R,Y):  15.7,  0.6,  0.0
[G14-W06] t=2.60s | Des(P,R,Y):   0.0,  0.0,  0.0 | Act(P,R,Y):  -0.7, -0.2, -0.5
[G14-W02] t=2.20s | Des(P,R,Y):   0.0,  0.0,  0.0 | Act(P,R,Y):  16.5,  0.7,  0.2
[G14-W03] t=2.80s | Des(P,R,Y):   0.0,  0.0,  0.0 | Act(P,R,Y):  -1.4, -0.2, -0.5
[G14-W04] t=2.60s | Des(P,R,Y):   0.0,  0.0,  0.0 | Act(P,R,Y):  -2.4, -0.0, -0.3
[G14-W01] t=2.40s | Des(P,R,Y):   0.0,  0.0,  0.0 | Act(P,R,Y):   5.3,  0.1, -0.3
[G14-W05] t=2.40s | Des(P,R,Y):   0.0,  0.0,  0.0 | Act(P,R,Y):   5.0,  0.0, -0.4
[G14-W06] t=2.80s | Des(P,R,Y):   0.0,  0.0,  0.0 | Act(P,R,Y):  -1.2, -0.2, -0.5
[G14-W02] t=2.40s | Des(P,R,Y):   0.0,  0.0,  0.0 | Act(P,R,Y):   4.8,  0.0, -0.3
[G14-W03] t=3.00s | Des(P,R,Y):   0.0, 35.0,  0.0 | Act(P,R,Y):  -1.7,  6.3, -0.9
[G14-W04] t=2.80s | Des(P,R,Y):   0.0,  0.0,  0.0 | Act(P,R,Y):  -3.7, -0.1, -0.4
[G14-W01] t=2.60s | Des(P,R,Y):   0.0,  0.0,  0.0 | Act(P,R,Y):   1.0, -0.1, -0.4
[G14-W05] t=2.60s | Des(P,R,Y):   0.0,  0.0,  0.0 | Act(P,R,Y):   1.3, -0.2, -0.4
[G14-W06] t=3.00s | Des(P,R,Y):   0.0, 35.0,  0.0 | Act(P,R,Y):  -1.7,  6.4, -0.9
[G14-W03] t=3.20s | Des(P,R,Y):   0.0, 35.0,  0.0 | Act(P,R,Y):  -2.6, 28.7, -1.3
[G14-W02] t=2.60s | Des(P,R,Y):   0.0,  0.0,  0.0 | Act(P,R,Y):   0.6, -0.1, -0.3
[G14-W04] t=3.00s | Des(P,R,Y):   0.0, 35.0,  0.0 | Act(P,R,Y):  -4.3,  4.1, -0.9
[G14-W06] t=3.20s | Des(P,R,Y):   0.0, 35.0,  0.0 | Act(P,R,Y):  -2.1, 31.2, -1.1
[G14-W03] t=3.40s | Des(P,R,Y):   0.0, 35.0,  0.0 | Act(P,R,Y):  -0.8, 35.4, -0.6
[G14-W05] t=2.80s | Des(P,R,Y):   0.0,  0.0,  0.0 | Act(P,R,Y):  -0.4, -0.3, -0.5
[G14-W01] t=2.80s | Des(P,R,Y):   0.0,  0.0,  0.0 | Act(P,R,Y):  -1.1, -0.3, -0.5
[G14-W04] t=3.20s | Des(P,R,Y):   0.0, 35.0,  0.0 | Act(P,R,Y):  -4.3, 28.9, -1.2
[G14-W06] t=3.40s | Des(P,R,Y):   0.0, 35.0,  0.0 | Act(P,R,Y):  -0.4, 36.4, -0.4
[G14-W02] t=2.80s | Des(P,R,Y):   0.0,  0.0,  0.0 | Act(P,R,Y):  -1.3, -0.3, -0.4
[G14-W03] t=3.60s | Des(P,R,Y):   0.0, 35.0,  0.0 | Act(P,R,Y):  -0.2, 37.1, -0.4
[G14-W04] t=3.40s | Des(P,R,Y):   0.0, 35.0,  0.0 | Act(P,R,Y):  -2.0, 37.1, -0.3
[G14-W05] t=3.00s | Des(P,R,Y):   0.0, 35.0,  0.0 | Act(P,R,Y):  -1.3,  4.6, -1.0
[G14-W01] t=3.00s | Des(P,R,Y):   0.0, 35.0,  0.0 | Act(P,R,Y):  -2.0,  4.2, -0.9
[G14-W06] t=3.60s | Des(P,R,Y):   0.0, 35.0,  0.0 | Act(P,R,Y):   0.0, 37.1, -0.2
[G14-W03] t=3.80s | Des(P,R,Y):   0.0, 35.0,  0.0 | Act(P,R,Y):   0.3, 37.4, -0.3
[G14-W04] t=3.60s | Des(P,R,Y):   0.0, 35.0,  0.0 | Act(P,R,Y):  -1.2, 38.9, -0.1
[G14-W02] t=3.00s | Des(P,R,Y):   0.0, 35.0,  0.0 | Act(P,R,Y):  -2.2,  4.3, -0.7
[G14-W01] t=3.20s | Des(P,R,Y):   0.0, 35.0,  0.0 | Act(P,R,Y):  -2.8, 25.4, -1.3
[G14-W06] t=3.80s | Des(P,R,Y):   0.0, 35.0,  0.0 | Act(P,R,Y):   0.2, 37.0, -0.2
[G14-W05] t=3.20s | Des(P,R,Y):   0.0, 35.0,  0.0 | Act(P,R,Y):  -1.9, 25.3, -1.3
[G14-W03] t=4.00s | Des(P,R,Y):   0.0,  0.0,  0.0 | Act(P,R,Y):   1.7, 31.0,  0.4
[G14-W04] t=3.80s | Des(P,R,Y):   0.0, 35.0,  0.0 | Act(P,R,Y):  -0.6, 38.9,  0.0
[G14-W05] t=3.40s | Des(P,R,Y):   0.0, 35.0,  0.0 | Act(P,R,Y):  -0.5, 33.7, -0.6
[G14-W01] t=3.40s | Des(P,R,Y):   0.0, 35.0,  0.0 | Act(P,R,Y):  -1.1, 34.4, -0.5
[G14-W02] t=3.20s | Des(P,R,Y):   0.0, 35.0,  0.0 | Act(P,R,Y):  -2.8, 25.2, -1.1
[G14-W06] t=4.00s | Des(P,R,Y):   0.0,  0.0,  0.0 | Act(P,R,Y):   1.5, 29.4,  0.4
[G14-W03] t=4.20s | Des(P,R,Y):   0.0,  0.0,  0.0 | Act(P,R,Y):   0.9,  8.8,  0.2
[G14-W04] t=4.00s | Des(P,R,Y):   0.0,  0.0,  0.0 | Act(P,R,Y):   0.8, 32.2,  0.6
[G14-W05] t=3.60s | Des(P,R,Y):   0.0, 35.0,  0.0 | Act(P,R,Y):   0.0, 36.2, -0.4
[G14-W01] t=3.60s | Des(P,R,Y):   0.0, 35.0,  0.0 | Act(P,R,Y):  -0.6, 37.0, -0.3
[G14-W02] t=3.40s | Des(P,R,Y):   0.0, 35.0,  0.0 | Act(P,R,Y):  -1.4, 34.2, -0.4
[G14-W06] t=4.20s | Des(P,R,Y):   0.0,  0.0,  0.0 | Act(P,R,Y):   0.5,  5.4,  0.2
[G14-W03] t=4.40s | Des(P,R,Y):   0.0,  0.0,  0.0 | Act(P,R,Y):   0.1,  1.6, -0.1
[G14-W04] t=4.20s | Des(P,R,Y):   0.0,  0.0,  0.0 | Act(P,R,Y):   0.0,  8.7,  0.3
[G14-W05] t=3.80s | Des(P,R,Y):   0.0, 35.0,  0.0 | Act(P,R,Y):   0.4, 37.0, -0.3
[G14-W01] t=3.80s | Des(P,R,Y):   0.0, 35.0,  0.0 | Act(P,R,Y):  -0.1, 37.8, -0.2
[G14-W02] t=3.60s | Des(P,R,Y):   0.0, 35.0,  0.0 | Act(P,R,Y):  -0.8, 37.0, -0.2
[G14-W06] t=4.40s | Des(P,R,Y):   0.0,  0.0,  0.0 | Act(P,R,Y):  -0.2,  0.2, -0.2
[G14-W03] t=4.60s | Des(P,R,Y):   0.0,  0.0,  0.0 | Act(P,R,Y):  -1.0, -0.6, -0.4
[G14-W04] t=4.40s | Des(P,R,Y):   0.0,  0.0,  0.0 | Act(P,R,Y):  -0.5,  0.9,  0.3
[G14-W05] t=4.00s | Des(P,R,Y):   0.0,  0.0,  0.0 | Act(P,R,Y):   1.4, 31.2,  0.2
[G14-W01] t=4.00s | Des(P,R,Y):   0.0,  0.0,  0.0 | Act(P,R,Y):   1.0, 32.2,  0.3
[G14-W02] t=3.80s | Des(P,R,Y):   0.0, 35.0,  0.0 | Act(P,R,Y):  -0.3, 37.8, -0.1
[G14-W06] t=4.60s | Des(P,R,Y):   0.0,  0.0,  0.0 | Act(P,R,Y):  -1.1, -0.8, -0.3
[G14-W03] t=4.80s | Des(P,R,Y):   0.0,  0.0,  0.0 | Act(P,R,Y):  -1.5, -1.0, -0.4
[G14-W04] t=4.60s | Des(P,R,Y):   0.0,  0.0,  0.0 | Act(P,R,Y):  -1.5, -2.1, -0.2
[G14-W05] t=4.20s | Des(P,R,Y):   0.0,  0.0,  0.0 | Act(P,R,Y):   1.0, 11.5,  0.3
[G14-W01] t=4.20s | Des(P,R,Y):   0.0,  0.0,  0.0 | Act(P,R,Y):   0.6, 12.1,  0.4
[G14-W02] t=4.00s | Des(P,R,Y):   0.0,  0.0,  0.0 | Act(P,R,Y):   0.7, 32.2,  0.3
[G14-W06] t=4.80s | Des(P,R,Y):   0.0,  0.0,  0.0 | Act(P,R,Y):  -1.6, -1.1, -0.5
[G14-W03] t=5.00s | Des(P,R,Y):   0.0,  0.0, 50.0 | Act(P,R,Y):  -3.5, -4.5,  0.3
[G14-W04] t=4.80s | Des(P,R,Y):   0.0,  0.0,  0.0 | Act(P,R,Y):  -2.1, -2.8, -0.4
[G14-W02] t=4.20s | Des(P,R,Y):   0.0,  0.0,  0.0 | Act(P,R,Y):   0.4, 11.9,  0.4
[G14-W01] t=4.40s | Des(P,R,Y):   0.0,  0.0,  0.0 | Act(P,R,Y):  -0.1,  3.9,  0.2
[G14-W05] t=4.40s | Des(P,R,Y):   0.0,  0.0,  0.0 | Act(P,R,Y):   0.3,  3.6,  0.0
[G14-W03] t=5.20s | Des(P,R,Y):   0.0,  0.0, 50.0 | Act(P,R,Y):  -3.8,-11.2, 22.9
[G14-W06] t=5.00s | Des(P,R,Y):   0.0,  0.0, 50.0 | Act(P,R,Y):  -3.1, -3.7,  0.2
[G14-W04] t=5.00s | Des(P,R,Y):   0.0,  0.0, 50.0 | Act(P,R,Y):  -3.9, -5.4,  0.3
[G14-W03] t=5.40s | Des(P,R,Y):   0.0,  0.0, 50.0 | Act(P,R,Y):  -2.3, -5.9, 10.9
[G14-W06] t=5.20s | Des(P,R,Y):   0.0,  0.0, 50.0 | Act(P,R,Y):  -5.8,-16.2, 23.7
[G14-W01] t=4.60s | Des(P,R,Y):   0.0,  0.0,  0.0 | Act(P,R,Y):  -1.2,  0.0, -0.3
[G14-W02] t=4.40s | Des(P,R,Y):   0.0,  0.0,  0.0 | Act(P,R,Y):  -0.1,  3.8,  0.3
[G14-W05] t=4.60s | Des(P,R,Y):   0.0,  0.0,  0.0 | Act(P,R,Y):  -0.7,  0.3, -0.4
[G14-W03] t=5.60s | Des(P,R,Y):   0.0,  0.0, 50.0 | Act(P,R,Y):  -2.1, -4.1, 10.8
[G14-W04] t=5.20s | Des(P,R,Y):   0.0,  0.0, 50.0 | Act(P,R,Y):  -4.1,-13.5, 22.7
[G14-W06] t=5.40s | Des(P,R,Y):   0.0,  0.0, 50.0 | Act(P,R,Y):  -0.4,-13.1, 10.8
[G14-W03] t=5.80s | Des(P,R,Y):   0.0,  0.0, 50.0 | Act(P,R,Y):  -0.5, -7.7, 20.8
[G14-W04] t=5.40s | Des(P,R,Y):   0.0,  0.0, 50.0 | Act(P,R,Y):  -1.6, -5.5, 10.8
[G14-W06] t=5.60s | Des(P,R,Y):   0.0,  0.0, 50.0 | Act(P,R,Y):  -0.5,-20.1, 10.6
[G14-W01] t=4.80s | Des(P,R,Y):   0.0,  0.0,  0.0 | Act(P,R,Y):  -1.9, -1.2, -0.5
[G14-W02] t=4.60s | Des(P,R,Y):   0.0,  0.0,  0.0 | Act(P,R,Y):  -0.9,  0.2, -0.1
[G14-W05] t=4.80s | Des(P,R,Y):   0.0,  0.0,  0.0 | Act(P,R,Y):  -1.4, -0.7, -0.6
[G14-W03] t=6.00s | Des(P,R,Y):   0.0,  0.0,  0.0 | Act(P,R,Y):   8.3,-12.4, 35.7
[Fixation Controller] Initialized 3-DOF Virtual Work tracking for Eyes.
Eval SUCCESS: G14-W03 | Kp=333.93, Ki=135.11, Kd=51.31 => Score=29.5
[G14-W06] t=5.80s | Des(P,R,Y):   0.0,  0.0, 50.0 | Act(P,R,Y):   0.2,-27.9, 20.9
[G14-W04] t=5.60s | Des(P,R,Y):   0.0,  0.0, 50.0 | Act(P,R,Y):  -0.6, -1.5, 10.8
[G14-W04] t=5.80s | Des(P,R,Y):   0.0,  0.0, 50.0 | Act(P,R,Y):   0.7, -3.1, 20.7
[G14-W01] t=5.00s | Des(P,R,Y):   0.0,  0.0, 50.0 | Act(P,R,Y):  -3.4, -3.6,  0.1
[G14-W06] t=6.00s | Des(P,R,Y):   0.0,  0.0,  0.0 | Act(P,R,Y):   7.2,-25.9, 35.6
[G14-W02] t=4.80s | Des(P,R,Y):   0.0,  0.0,  0.0 | Act(P,R,Y):  -1.6, -1.3, -0.3
[Fixation Controller] Initialized 3-DOF Virtual Work tracking for Eyes.
Eval SUCCESS: G14-W06 | Kp=464.89, Ki=178.70, Kd=55.40 => Score=31.7
[G14-W05] t=5.00s | Des(P,R,Y):   0.0,  0.0, 50.0 | Act(P,R,Y):  -2.9, -3.0,  0.1
[G14-W04] t=6.00s | Des(P,R,Y):   0.0,  0.0,  0.0 | Act(P,R,Y):   8.0, -8.9, 35.7
[Fixation Controller] Initialized 3-DOF Virtual Work tracking for Eyes.
Eval SUCCESS: G14-W04 | Kp=381.18, Ki=324.44, Kd=60.95 => Score=30.7
[G14-W01] t=5.20s | Des(P,R,Y):   0.0,  0.0, 50.0 | Act(P,R,Y):  -3.3, -8.1, 22.6
[G14-W05] t=5.20s | Des(P,R,Y):   0.0,  0.0, 50.0 | Act(P,R,Y):  -2.8, -7.3, 22.6
[G14-W02] t=5.00s | Des(P,R,Y):   0.0,  0.0, 50.0 | Act(P,R,Y):  -3.0, -3.3,  0.3
[G14-W01] t=5.40s | Des(P,R,Y):   0.0,  0.0, 50.0 | Act(P,R,Y):  -2.5, -5.2, 10.9
[G14-W05] t=5.40s | Des(P,R,Y):   0.0,  0.0, 50.0 | Act(P,R,Y):  -2.3, -4.6, 10.8
[G14-W02] t=5.20s | Des(P,R,Y):   0.0,  0.0, 50.0 | Act(P,R,Y):  -3.1, -7.9, 22.5
[G14-W01] t=5.60s | Des(P,R,Y):   0.0,  0.0, 50.0 | Act(P,R,Y):  -1.7, -3.0, 10.8
[G14-W05] t=5.60s | Des(P,R,Y):   0.0,  0.0, 50.0 | Act(P,R,Y):  -1.5, -2.5, 10.8
[G14-W02] t=5.40s | Des(P,R,Y):   0.0,  0.0, 50.0 | Act(P,R,Y):  -2.1, -4.4, 10.8
[G14-W01] t=5.80s | Des(P,R,Y):   0.0,  0.0, 50.0 | Act(P,R,Y):  -0.3, -6.5, 20.8
[G14-W05] t=5.80s | Des(P,R,Y):   0.0,  0.0, 50.0 | Act(P,R,Y):  -0.2, -5.3, 20.8
[G14-W01] t=6.00s | Des(P,R,Y):   0.0,  0.0,  0.0 | Act(P,R,Y):   7.0,-12.3, 35.6
[G14-W05] t=6.00s | Des(P,R,Y):   0.0,  0.0,  0.0 | Act(P,R,Y):   6.5,-10.2, 35.6
[Fixation Controller] Initialized 3-DOF Virtual Work tracking for Eyes.
Eval SUCCESS: G14-W01 | Kp=421.71, Ki=187.02, Kd=79.59 => Score=30.5
[Fixation Controller] Initialized 3-DOF Virtual Work tracking for Eyes.
Eval SUCCESS: G14-W05 | Kp=482.10, Ki=131.04, Kd=88.10 => Score=29.1
[G14-W02] t=5.60s | Des(P,R,Y):   0.0,  0.0, 50.0 | Act(P,R,Y):  -1.4, -2.1, 10.8
[G14-W02] t=5.80s | Des(P,R,Y):   0.0,  0.0, 50.0 | Act(P,R,Y):  -0.4, -3.8, 20.8
[G14-W02] t=6.00s | Des(P,R,Y):   0.0,  0.0,  0.0 | Act(P,R,Y):   6.1, -8.6, 35.6
[Fixation Controller] Initialized 3-DOF Virtual Work tracking for Eyes.
Eval SUCCESS: G14-W02 | Kp=590.70, Ki=277.54, Kd=110.87 => Score=29.4
   14     84 2.912767346881888e+01 9.3e+00 7.38e+01  3e+01  2e+02 59:11.8  
Gen 14: Best Error = 28.66 | Kp=385.12, Ki=76.44, Kd=59.00

--- Generation 15 ---
Found simbody-visualizer, setting SIMBODY_HOME env var to  C:\Users\User\miniforge3\envs\opensim_env\Lib\opensim
Found simbody-visualizer, setting SIMBODY_HOME env var to  C:\Users\User\miniforge3\envs\opensim_env\Lib\opensim
Found simbody-visualizer, setting SIMBODY_HOME env var to  C:\Users\User\miniforge3\envs\opensim_env\Lib\opensim
Found simbody-visualizer, setting SIMBODY_HOME env var to  C:\Users\User\miniforge3\envs\opensim_env\Lib\opensim
Found simbody-visualizer, setting SIMBODY_HOME env var to  C:\Users\User\miniforge3\envs\opensim_env\Lib\opensim
Found simbody-visualizer, setting SIMBODY_HOME env var to  C:\Users\User\miniforge3\envs\opensim_env\Lib\opensim
[G15-W06] t=0.20s | Des(P,R,Y):   0.0,  0.0,  0.0 | Act(P,R,Y):  -0.4,  0.3, -0.6
[G15-W02] t=0.20s | Des(P,R,Y):   0.0,  0.0,  0.0 | Act(P,R,Y):   0.0,  1.0,  0.6
[G15-W04] t=0.20s | Des(P,R,Y):   0.0,  0.0,  0.0 | Act(P,R,Y):   0.1,  1.0,  0.8
[G15-W05] t=0.20s | Des(P,R,Y):   0.0,  0.0,  0.0 | Act(P,R,Y):   0.0,  1.0,  0.6
[G15-W01] t=0.20s | Des(P,R,Y):   0.0,  0.0,  0.0 | Act(P,R,Y):   0.1,  1.2,  0.8
[G15-W03] t=0.20s | Des(P,R,Y):   0.0,  0.0,  0.0 | Act(P,R,Y):   0.3,  1.2,  1.0
[G15-W06] t=0.40s | Des(P,R,Y):   0.0,  0.0,  0.0 | Act(P,R,Y):  -1.3, -0.1, -1.2
[G15-W05] t=0.40s | Des(P,R,Y):   0.0,  0.0,  0.0 | Act(P,R,Y):  -0.4,  0.1, -0.0
[G15-W02] t=0.40s | Des(P,R,Y):   0.0,  0.0,  0.0 | Act(P,R,Y):  -0.4,  0.2, -0.0
[G15-W04] t=0.40s | Des(P,R,Y):   0.0,  0.0,  0.0 | Act(P,R,Y):  -0.2,  0.3,  0.1
[G15-W01] t=0.40s | Des(P,R,Y):   0.0,  0.0,  0.0 | Act(P,R,Y):  -0.4,  0.3,  0.0
[G15-W03] t=0.40s | Des(P,R,Y):   0.0,  0.0,  0.0 | Act(P,R,Y):  -0.3,  0.3,  0.1
[G15-W06] t=0.60s | Des(P,R,Y):   0.0,  0.0,  0.0 | Act(P,R,Y):  -1.6, -0.6, -1.3
[G15-W06] t=0.80s | Des(P,R,Y):   0.0,  0.0,  0.0 | Act(P,R,Y):  -1.5, -0.5, -1.3
[G15-W05] t=0.60s | Des(P,R,Y):   0.0,  0.0,  0.0 | Act(P,R,Y):  -0.8, -0.2, -0.3
[G15-W02] t=0.60s | Des(P,R,Y):   0.0,  0.0,  0.0 | Act(P,R,Y):  -0.8, -0.3, -0.3
[G15-W04] t=0.60s | Des(P,R,Y):   0.0,  0.0,  0.0 | Act(P,R,Y):  -0.6, -0.2, -0.2
[G15-W01] t=0.60s | Des(P,R,Y):   0.0,  0.0,  0.0 | Act(P,R,Y):  -0.7, -0.2, -0.2
[G15-W03] t=0.60s | Des(P,R,Y):   0.0,  0.0,  0.0 | Act(P,R,Y):  -0.7, -0.2, -0.3
[G15-W06] t=1.00s | Des(P,R,Y):  45.0,  0.0,  0.0 | Act(P,R,Y):   7.4, -0.2, -1.5
[G15-W05] t=0.80s | Des(P,R,Y):   0.0,  0.0,  0.0 | Act(P,R,Y):  -1.1, -0.5, -0.4
[G15-W06] t=1.20s | Des(P,R,Y):  45.0,  0.0,  0.0 | Act(P,R,Y):  36.9, -0.8, -1.2
[G15-W02] t=0.80s | Des(P,R,Y):   0.0,  0.0,  0.0 | Act(P,R,Y):  -1.1, -0.5, -0.4
[G15-W01] t=0.80s | Des(P,R,Y):   0.0,  0.0,  0.0 | Act(P,R,Y):  -1.1, -0.6, -0.4
[G15-W04] t=0.80s | Des(P,R,Y):   0.0,  0.0,  0.0 | Act(P,R,Y):  -1.0, -0.5, -0.4
[G15-W03] t=0.80s | Des(P,R,Y):   0.0,  0.0,  0.0 | Act(P,R,Y):  -1.2, -0.6, -0.6
[G15-W06] t=1.40s | Des(P,R,Y):  45.0,  0.0,  0.0 | Act(P,R,Y):  43.8, -1.0, -1.5
[G15-W05] t=1.00s | Des(P,R,Y):  45.0,  0.0,  0.0 | Act(P,R,Y):   4.3, -1.0, -0.9
[G15-W02] t=1.00s | Des(P,R,Y):  45.0,  0.0,  0.0 | Act(P,R,Y):   4.3, -1.1, -0.8
[G15-W01] t=1.00s | Des(P,R,Y):  45.0,  0.0,  0.0 | Act(P,R,Y):   3.9, -1.0, -0.9
[G15-W06] t=1.60s | Des(P,R,Y):  45.0,  0.0,  0.0 | Act(P,R,Y):  46.1, -0.8, -1.5
[G15-W04] t=1.00s | Des(P,R,Y):  45.0,  0.0,  0.0 | Act(P,R,Y):   3.9, -1.0, -0.9
[G15-W03] t=1.00s | Des(P,R,Y):  45.0,  0.0,  0.0 | Act(P,R,Y):   4.0, -1.2, -0.9
[G15-W06] t=1.80s | Des(P,R,Y):  45.0,  0.0,  0.0 | Act(P,R,Y):  48.0, -0.3, -1.2
[G15-W05] t=1.20s | Des(P,R,Y):  45.0,  0.0,  0.0 | Act(P,R,Y):  33.6, -0.9, -0.8
[G15-W02] t=1.20s | Des(P,R,Y):  45.0,  0.0,  0.0 | Act(P,R,Y):  33.6, -0.9, -0.8
[G15-W06] t=2.00s | Des(P,R,Y):   0.0,  0.0,  0.0 | Act(P,R,Y):  44.4,  1.0, -0.1
[G15-W01] t=1.20s | Des(P,R,Y):  45.0,  0.0,  0.0 | Act(P,R,Y):  32.3, -1.1, -0.8
[G15-W03] t=1.20s | Des(P,R,Y):  45.0,  0.0,  0.0 | Act(P,R,Y):  30.2, -1.2, -1.0
[G15-W04] t=1.20s | Des(P,R,Y):  45.0,  0.0,  0.0 | Act(P,R,Y):  33.2, -1.2, -0.8
[G15-W06] t=2.20s | Des(P,R,Y):   0.0,  0.0,  0.0 | Act(P,R,Y):  13.2,  0.4, -0.5
[G15-W05] t=1.40s | Des(P,R,Y):  45.0,  0.0,  0.0 | Act(P,R,Y):  43.5, -0.5, -0.6
[G15-W02] t=1.40s | Des(P,R,Y):  45.0,  0.0,  0.0 | Act(P,R,Y):  43.5, -0.5, -0.6
[G15-W01] t=1.40s | Des(P,R,Y):  45.0,  0.0,  0.0 | Act(P,R,Y):  43.1, -0.5, -0.6
[G15-W06] t=2.40s | Des(P,R,Y):   0.0,  0.0,  0.0 | Act(P,R,Y):   4.8,  0.5, -0.8
[G15-W03] t=1.40s | Des(P,R,Y):  45.0,  0.0,  0.0 | Act(P,R,Y):  42.8, -0.6, -0.7
[G15-W04] t=1.40s | Des(P,R,Y):  45.0,  0.0,  0.0 | Act(P,R,Y):  44.4, -0.3, -0.5
[G15-W05] t=1.60s | Des(P,R,Y):  45.0,  0.0,  0.0 | Act(P,R,Y):  46.1, -0.3, -0.6
[G15-W06] t=2.60s | Des(P,R,Y):   0.0,  0.0,  0.0 | Act(P,R,Y):   1.6,  0.2, -0.9
[G15-W02] t=1.60s | Des(P,R,Y):  45.0,  0.0,  0.0 | Act(P,R,Y):  46.1, -0.3, -0.6
[G15-W01] t=1.60s | Des(P,R,Y):  45.0,  0.0,  0.0 | Act(P,R,Y):  46.2, -0.3, -0.6
[G15-W03] t=1.60s | Des(P,R,Y):  45.0,  0.0,  0.0 | Act(P,R,Y):  47.4, -0.4, -0.8
[G15-W04] t=1.60s | Des(P,R,Y):  45.0,  0.0,  0.0 | Act(P,R,Y):  47.3, -0.2, -0.5
[G15-W06] t=2.80s | Des(P,R,Y):   0.0,  0.0,  0.0 | Act(P,R,Y):   0.1, -0.0, -1.1
[G15-W05] t=1.80s | Des(P,R,Y):  45.0,  0.0,  0.0 | Act(P,R,Y):  47.6,  0.2, -0.4
[G15-W02] t=1.80s | Des(P,R,Y):  45.0,  0.0,  0.0 | Act(P,R,Y):  47.7,  0.2, -0.4
[G15-W01] t=1.80s | Des(P,R,Y):  45.0,  0.0,  0.0 | Act(P,R,Y):  48.0,  0.1, -0.4
[G15-W06] t=3.00s | Des(P,R,Y):   0.0, 35.0,  0.0 | Act(P,R,Y):  -0.3,  6.4, -1.4
[G15-W04] t=1.80s | Des(P,R,Y):  45.0,  0.0,  0.0 | Act(P,R,Y):  48.9,  0.1, -0.3
[G15-W03] t=1.80s | Des(P,R,Y):  45.0,  0.0,  0.0 | Act(P,R,Y):  49.8,  0.1, -0.5
[G15-W05] t=2.00s | Des(P,R,Y):   0.0,  0.0,  0.0 | Act(P,R,Y):  45.0,  0.9,  0.3
[G15-W02] t=2.00s | Des(P,R,Y):   0.0,  0.0,  0.0 | Act(P,R,Y):  45.0,  0.9,  0.3
[G15-W06] t=3.20s | Des(P,R,Y):   0.0, 35.0,  0.0 | Act(P,R,Y):  -1.4, 27.8, -1.8
[G15-W01] t=2.00s | Des(P,R,Y):   0.0,  0.0,  0.0 | Act(P,R,Y):  45.4,  0.9,  0.3
[G15-W04] t=2.00s | Des(P,R,Y):   0.0,  0.0,  0.0 | Act(P,R,Y):  46.2,  0.9,  0.3
[G15-W03] t=2.00s | Des(P,R,Y):   0.0,  0.0,  0.0 | Act(P,R,Y):  47.3,  1.1,  0.3
[G15-W05] t=2.20s | Des(P,R,Y):   0.0,  0.0,  0.0 | Act(P,R,Y):  14.9,  0.4,  0.0
[G15-W02] t=2.20s | Des(P,R,Y):   0.0,  0.0,  0.0 | Act(P,R,Y):  14.9,  0.5,  0.1
[G15-W06] t=3.40s | Des(P,R,Y):   0.0, 35.0,  0.0 | Act(P,R,Y):   0.2, 34.0, -1.4
[G15-W01] t=2.20s | Des(P,R,Y):   0.0,  0.0,  0.0 | Act(P,R,Y):  16.4,  0.5,  0.0
[G15-W04] t=2.20s | Des(P,R,Y):   0.0,  0.0,  0.0 | Act(P,R,Y):  16.4,  0.5,  0.1
[G15-W03] t=2.20s | Des(P,R,Y):   0.0,  0.0,  0.0 | Act(P,R,Y):  20.3,  0.6,  0.2
[G15-W05] t=2.40s | Des(P,R,Y):   0.0,  0.0,  0.0 | Act(P,R,Y):   4.3,  0.0, -0.4
[G15-W06] t=3.60s | Des(P,R,Y):   0.0, 35.0,  0.0 | Act(P,R,Y):   1.2, 35.9, -1.1
[G15-W02] t=2.40s | Des(P,R,Y):   0.0,  0.0,  0.0 | Act(P,R,Y):   4.2,  0.0, -0.4
[G15-W01] t=2.40s | Des(P,R,Y):   0.0,  0.0,  0.0 | Act(P,R,Y):   5.1, -0.0, -0.3
[G15-W04] t=2.40s | Des(P,R,Y):   0.0,  0.0,  0.0 | Act(P,R,Y):   4.4, -0.0, -0.3
[G15-W03] t=2.40s | Des(P,R,Y):   0.0,  0.0,  0.0 | Act(P,R,Y):   7.3,  0.1, -0.1
[G15-W06] t=3.80s | Des(P,R,Y):   0.0, 35.0,  0.0 | Act(P,R,Y):   1.6, 36.2, -1.0
[G15-W05] t=2.60s | Des(P,R,Y):   0.0,  0.0,  0.0 | Act(P,R,Y):   0.9, -0.0, -0.3
[G15-W02] t=2.60s | Des(P,R,Y):   0.0,  0.0,  0.0 | Act(P,R,Y):   0.9, -0.0, -0.3
[G15-W06] t=4.00s | Des(P,R,Y):   0.0,  0.0,  0.0 | Act(P,R,Y):   3.2, 30.3, -0.3
[G15-W01] t=2.60s | Des(P,R,Y):   0.0,  0.0,  0.0 | Act(P,R,Y):   1.2,  0.0, -0.2
[G15-W04] t=2.60s | Des(P,R,Y):   0.0,  0.0,  0.0 | Act(P,R,Y):   0.3,  0.0, -0.2
[G15-W03] t=2.60s | Des(P,R,Y):   0.0,  0.0,  0.0 | Act(P,R,Y):   1.4,  0.1, -0.1
[G15-W06] t=4.20s | Des(P,R,Y):   0.0,  0.0,  0.0 | Act(P,R,Y):   2.7,  9.2, -0.4
[G15-W05] t=2.80s | Des(P,R,Y):   0.0,  0.0,  0.0 | Act(P,R,Y):  -0.6, -0.3, -0.4
[G15-W02] t=2.80s | Des(P,R,Y):   0.0,  0.0,  0.0 | Act(P,R,Y):  -0.6, -0.2, -0.4
[G15-W01] t=2.80s | Des(P,R,Y):   0.0,  0.0,  0.0 | Act(P,R,Y):  -0.7, -0.2, -0.3
[G15-W04] t=2.80s | Des(P,R,Y):   0.0,  0.0,  0.0 | Act(P,R,Y):  -1.5, -0.3, -0.3
[G15-W03] t=2.80s | Des(P,R,Y):   0.0,  0.0,  0.0 | Act(P,R,Y):  -1.5, -0.1, -0.2
[G15-W06] t=4.40s | Des(P,R,Y):   0.0,  0.0,  0.0 | Act(P,R,Y):   1.5,  2.4, -0.8
[G15-W05] t=3.00s | Des(P,R,Y):   0.0, 35.0,  0.0 | Act(P,R,Y):  -1.4,  4.8, -0.8
[G15-W02] t=3.00s | Des(P,R,Y):   0.0, 35.0,  0.0 | Act(P,R,Y):  -1.3,  4.0, -0.7
[G15-W06] t=4.60s | Des(P,R,Y):   0.0,  0.0,  0.0 | Act(P,R,Y):   0.2,  0.3, -1.1
[G15-W01] t=3.00s | Des(P,R,Y):   0.0, 35.0,  0.0 | Act(P,R,Y):  -1.6,  3.9, -0.7
[G15-W04] t=3.00s | Des(P,R,Y):   0.0, 35.0,  0.0 | Act(P,R,Y):  -2.4,  4.6, -0.6
[G15-W03] t=3.00s | Des(P,R,Y):   0.0, 35.0,  0.0 | Act(P,R,Y):  -3.0,  3.5, -0.6
[G15-W05] t=3.20s | Des(P,R,Y):   0.0, 35.0,  0.0 | Act(P,R,Y):  -1.8, 25.8, -1.1
[G15-W06] t=4.80s | Des(P,R,Y):   0.0,  0.0,  0.0 | Act(P,R,Y):  -0.5, -0.3, -1.2
[G15-W02] t=3.20s | Des(P,R,Y):   0.0, 35.0,  0.0 | Act(P,R,Y):  -1.8, 25.5, -1.1
[G15-W01] t=3.20s | Des(P,R,Y):   0.0, 35.0,  0.0 | Act(P,R,Y):  -2.1, 24.7, -1.1
[G15-W04] t=3.20s | Des(P,R,Y):   0.0, 35.0,  0.0 | Act(P,R,Y):  -2.7, 25.7, -0.9
[G15-W03] t=3.20s | Des(P,R,Y):   0.0, 35.0,  0.0 | Act(P,R,Y):  -3.7, 22.9, -1.0
[G15-W06] t=5.00s | Des(P,R,Y):   0.0,  0.0, 50.0 | Act(P,R,Y):  -2.0, -4.0, -0.4
[G15-W05] t=3.40s | Des(P,R,Y):   0.0, 35.0,  0.0 | Act(P,R,Y):  -1.0, 33.4, -0.7
[G15-W02] t=3.40s | Des(P,R,Y):   0.0, 35.0,  0.0 | Act(P,R,Y):  -1.1, 33.3, -0.7
[G15-W01] t=3.40s | Des(P,R,Y):   0.0, 35.0,  0.0 | Act(P,R,Y):  -1.5, 32.9, -0.7
[G15-W06] t=5.20s | Des(P,R,Y):   0.0,  0.0, 50.0 | Act(P,R,Y):  -3.4, -8.8, 23.0
[G15-W05] t=3.60s | Des(P,R,Y):   0.0, 35.0,  0.0 | Act(P,R,Y):  -0.1, 36.1, -0.3
[G15-W04] t=3.40s | Des(P,R,Y):   0.0, 35.0,  0.0 | Act(P,R,Y):  -2.1, 33.7, -0.6
[G15-W03] t=3.40s | Des(P,R,Y):   0.0, 35.0,  0.0 | Act(P,R,Y):  -3.1, 32.4, -0.8
[G15-W02] t=3.60s | Des(P,R,Y):   0.0, 35.0,  0.0 | Act(P,R,Y):  -0.1, 36.1, -0.3
[G15-W06] t=5.40s | Des(P,R,Y):   0.0,  0.0, 50.0 | Act(P,R,Y):  -3.2, -7.4, 10.8
[G15-W05] t=3.80s | Des(P,R,Y):   0.0, 35.0,  0.0 | Act(P,R,Y):   0.3, 36.8, -0.2
[G15-W01] t=3.60s | Des(P,R,Y):   0.0, 35.0,  0.0 | Act(P,R,Y):  -0.6, 36.1, -0.4
[G15-W06] t=5.60s | Des(P,R,Y):   0.0,  0.0, 50.0 | Act(P,R,Y):  -1.8, -7.5, 10.7
[G15-W04] t=3.60s | Des(P,R,Y):   0.0, 35.0,  0.0 | Act(P,R,Y):  -1.3, 36.7, -0.3
[G15-W02] t=3.80s | Des(P,R,Y):   0.0, 35.0,  0.0 | Act(P,R,Y):   0.3, 36.9, -0.2
[G15-W03] t=3.60s | Des(P,R,Y):   0.0, 35.0,  0.0 | Act(P,R,Y):  -2.0, 36.9, -0.3
[G15-W06] t=5.80s | Des(P,R,Y):   0.0,  0.0, 50.0 | Act(P,R,Y):  -0.1,-16.5, 20.9
[G15-W05] t=4.00s | Des(P,R,Y):   0.0,  0.0,  0.0 | Act(P,R,Y):   1.1, 30.7,  0.2
[G15-W01] t=3.80s | Des(P,R,Y):   0.0, 35.0,  0.0 | Act(P,R,Y):   0.1, 37.2, -0.1
[G15-W03] t=3.80s | Des(P,R,Y):   0.0, 35.0,  0.0 | Act(P,R,Y):  -0.9, 38.9,  0.1
[G15-W04] t=3.80s | Des(P,R,Y):   0.0, 35.0,  0.0 | Act(P,R,Y):  -0.4, 37.9,  0.0
[G15-W02] t=4.00s | Des(P,R,Y):   0.0,  0.0,  0.0 | Act(P,R,Y):   1.0, 30.9,  0.2
[G15-W06] t=6.00s | Des(P,R,Y):   0.0,  0.0,  0.0 | Act(P,R,Y):   8.9,-18.0, 35.7
[Fixation Controller] Initialized 3-DOF Virtual Work tracking for Eyes.
Eval SUCCESS: G15-W06 | Kp=240.62, Ki=23.52, Kd=38.63 => Score=31.2
[G15-W05] t=4.20s | Des(P,R,Y):   0.0,  0.0,  0.0 | Act(P,R,Y):   0.8, 10.6,  0.3
[G15-W01] t=4.00s | Des(P,R,Y):   0.0,  0.0,  0.0 | Act(P,R,Y):   0.9, 31.7,  0.3
[G15-W02] t=4.20s | Des(P,R,Y):   0.0,  0.0,  0.0 | Act(P,R,Y):   0.7, 10.5,  0.2
[G15-W03] t=4.00s | Des(P,R,Y):   0.0,  0.0,  0.0 | Act(P,R,Y):   0.1, 34.3,  0.5
[G15-W04] t=4.00s | Des(P,R,Y):   0.0,  0.0,  0.0 | Act(P,R,Y):   0.4, 32.0,  0.4
[G15-W01] t=4.20s | Des(P,R,Y):   0.0,  0.0,  0.0 | Act(P,R,Y):   0.6, 11.8,  0.3
[G15-W05] t=4.40s | Des(P,R,Y):   0.0,  0.0,  0.0 | Act(P,R,Y):   0.3,  3.3,  0.1
[G15-W03] t=4.20s | Des(P,R,Y):   0.0,  0.0,  0.0 | Act(P,R,Y):   0.0, 15.0,  0.4
[G15-W04] t=4.20s | Des(P,R,Y):   0.0,  0.0,  0.0 | Act(P,R,Y):   0.1, 11.3,  0.3
[G15-W02] t=4.40s | Des(P,R,Y):   0.0,  0.0,  0.0 | Act(P,R,Y):   0.3,  3.3,  0.1
[G15-W01] t=4.40s | Des(P,R,Y):   0.0,  0.0,  0.0 | Act(P,R,Y):   0.3,  4.2,  0.3
[G15-W05] t=4.60s | Des(P,R,Y):   0.0,  0.0,  0.0 | Act(P,R,Y):  -0.4,  0.4, -0.2
[G15-W03] t=4.40s | Des(P,R,Y):   0.0,  0.0,  0.0 | Act(P,R,Y):  -0.1,  6.0,  0.5
[G15-W04] t=4.40s | Des(P,R,Y):   0.0,  0.0,  0.0 | Act(P,R,Y):   0.0,  3.7,  0.4
[G15-W02] t=4.60s | Des(P,R,Y):   0.0,  0.0,  0.0 | Act(P,R,Y):  -0.5,  0.4, -0.2
[G15-W01] t=4.60s | Des(P,R,Y):   0.0,  0.0,  0.0 | Act(P,R,Y):  -0.4,  0.8, -0.1
[G15-W05] t=4.80s | Des(P,R,Y):   0.0,  0.0,  0.0 | Act(P,R,Y):  -1.1, -0.6, -0.4
[G15-W03] t=4.60s | Des(P,R,Y):   0.0,  0.0,  0.0 | Act(P,R,Y):  -0.7,  1.2,  0.2
[G15-W04] t=4.60s | Des(P,R,Y):   0.0,  0.0,  0.0 | Act(P,R,Y):  -0.6,  0.3,  0.0
[G15-W02] t=4.80s | Des(P,R,Y):   0.0,  0.0,  0.0 | Act(P,R,Y):  -1.1, -0.6, -0.4
[G15-W01] t=4.80s | Des(P,R,Y):   0.0,  0.0,  0.0 | Act(P,R,Y):  -1.1, -0.6, -0.3
[G15-W05] t=5.00s | Des(P,R,Y):   0.0,  0.0, 50.0 | Act(P,R,Y):  -2.5, -2.7,  0.3
[G15-W03] t=4.80s | Des(P,R,Y):   0.0,  0.0,  0.0 | Act(P,R,Y):  -1.5, -1.3, -0.2
[G15-W02] t=5.00s | Des(P,R,Y):   0.0,  0.0, 50.0 | Act(P,R,Y):  -2.5, -2.5,  0.3
[G15-W04] t=4.80s | Des(P,R,Y):   0.0,  0.0,  0.0 | Act(P,R,Y):  -1.3, -1.1, -0.2
[G15-W05] t=5.20s | Des(P,R,Y):   0.0,  0.0, 50.0 | Act(P,R,Y):  -2.6, -7.9, 22.3
[G15-W01] t=5.00s | Des(P,R,Y):   0.0,  0.0, 50.0 | Act(P,R,Y):  -2.6, -2.6,  0.3
[G15-W02] t=5.20s | Des(P,R,Y):   0.0,  0.0, 50.0 | Act(P,R,Y):  -2.6, -7.5, 22.3
[G15-W03] t=5.00s | Des(P,R,Y):   0.0,  0.0, 50.0 | Act(P,R,Y):  -3.0, -4.2,  0.6
[G15-W05] t=5.40s | Des(P,R,Y):   0.0,  0.0, 50.0 | Act(P,R,Y):  -1.8, -3.9, 10.8
[G15-W04] t=5.00s | Des(P,R,Y):   0.0,  0.0, 50.0 | Act(P,R,Y):  -2.5, -3.0,  0.4
[G15-W01] t=5.20s | Des(P,R,Y):   0.0,  0.0, 50.0 | Act(P,R,Y):  -2.5, -6.6, 22.5
[G15-W02] t=5.40s | Des(P,R,Y):   0.0,  0.0, 50.0 | Act(P,R,Y):  -1.7, -3.7, 10.8
[G15-W05] t=5.60s | Des(P,R,Y):   0.0,  0.0, 50.0 | Act(P,R,Y):  -1.2, -1.7, 10.8
[G15-W03] t=5.20s | Des(P,R,Y):   0.0,  0.0, 50.0 | Act(P,R,Y):  -3.3, -8.5, 22.5
[G15-W04] t=5.20s | Des(P,R,Y):   0.0,  0.0, 50.0 | Act(P,R,Y):  -2.7, -8.7, 22.4
[G15-W01] t=5.40s | Des(P,R,Y):   0.0,  0.0, 50.0 | Act(P,R,Y):  -1.9, -3.8, 10.8
[G15-W02] t=5.60s | Des(P,R,Y):   0.0,  0.0, 50.0 | Act(P,R,Y):  -1.3, -1.8, 10.8
[G15-W05] t=5.80s | Des(P,R,Y):   0.0,  0.0, 50.0 | Act(P,R,Y):  -0.5, -3.7, 20.8
[G15-W03] t=5.40s | Des(P,R,Y):   0.0,  0.0, 50.0 | Act(P,R,Y):  -2.2, -5.3, 10.8
[G15-W04] t=5.40s | Des(P,R,Y):   0.0,  0.0, 50.0 | Act(P,R,Y):  -1.7, -4.2, 10.8
[G15-W02] t=5.80s | Des(P,R,Y):   0.0,  0.0, 50.0 | Act(P,R,Y):  -0.3, -3.2, 20.8
[G15-W05] t=6.00s | Des(P,R,Y):   0.0,  0.0,  0.0 | Act(P,R,Y):   5.8, -8.1, 35.6
[Fixation Controller] Initialized 3-DOF Virtual Work tracking for Eyes.
Eval SUCCESS: G15-W05 | Kp=696.79, Ki=179.12, Kd=120.92 => Score=27.8
[G15-W01] t=5.60s | Des(P,R,Y):   0.0,  0.0, 50.0 | Act(P,R,Y):  -1.5, -2.2, 10.8
[G15-W03] t=5.60s | Des(P,R,Y):   0.0,  0.0, 50.0 | Act(P,R,Y):  -1.5, -3.0, 10.8
[G15-W02] t=6.00s | Des(P,R,Y):   0.0,  0.0,  0.0 | Act(P,R,Y):   5.9, -8.8, 35.6
[Fixation Controller] Initialized 3-DOF Virtual Work tracking for Eyes.
Eval SUCCESS: G15-W02 | Kp=709.14, Ki=185.52, Kd=122.64 => Score=27.8
[G15-W04] t=5.60s | Des(P,R,Y):   0.0,  0.0, 50.0 | Act(P,R,Y):  -1.2, -2.0, 10.8
[G15-W01] t=5.80s | Des(P,R,Y):   0.0,  0.0, 50.0 | Act(P,R,Y):  -0.5, -3.4, 20.8
[G15-W03] t=5.80s | Des(P,R,Y):   0.0,  0.0, 50.0 | Act(P,R,Y):  -0.6, -5.7, 20.8
[G15-W04] t=5.80s | Des(P,R,Y):   0.0,  0.0, 50.0 | Act(P,R,Y):  -0.3, -2.5, 20.7
[G15-W01] t=6.00s | Des(P,R,Y):   0.0,  0.0,  0.0 | Act(P,R,Y):   5.6, -8.0, 35.6
[Fixation Controller] Initialized 3-DOF Virtual Work tracking for Eyes.
Eval SUCCESS: G15-W01 | Kp=722.95, Ki=241.35, Kd=135.61 => Score=28.6
[G15-W03] t=6.00s | Des(P,R,Y):   0.0,  0.0,  0.0 | Act(P,R,Y):   5.6,-10.2, 35.5
[Fixation Controller] Initialized 3-DOF Virtual Work tracking for Eyes.
Eval SUCCESS: G15-W03 | Kp=628.80, Ki=404.91, Kd=142.34 => Score=32.0
[G15-W04] t=6.00s | Des(P,R,Y):   0.0,  0.0,  0.0 | Act(P,R,Y):   5.5, -8.3, 35.6
[Fixation Controller] Initialized 3-DOF Virtual Work tracking for Eyes.
Eval SUCCESS: G15-W04 | Kp=848.71, Ki=420.18, Kd=154.16 => Score=28.7
   15     90 2.775518099404995e+01 9.6e+00 1.09e+02  4e+01  2e+02 66:10.6  
Gen 15: Best Error = 27.76 | Kp=696.79, Ki=179.12, Kd=120.92

=================================================================
Round 3 Optimization Finished!
Best PID: Kp=696.79, Ki=179.12, Kd=120.92
Best Step Error: 27.76
=================================================================
