=================================================================
ROUND 3: Step-Input PID Re-Optimization (with tuned reflexes)
Frozen Reflexes: G_ton=8.76, G_sc=4.33, G_phas=6.06
                 kp_prop=0.441, k_gamma_dyn=52.36, k_gamma_stat=92.37
Searching: Kp, Ki, Kd
=================================================================
(3_w,6)-aCMA-ES (mu_w=2.0,w_1=63%) in dimension 3 (seed=1025183, Thu Oct  1 21:15:00 2026)

--- Generation 1 ---
Found simbody-visualizer, setting SIMBODY_HOME env var to  C:\Users\User\miniforge3\envs\opensim_env\Lib\opensim
Found simbody-visualizer, setting SIMBODY_HOME env var to  C:\Users\User\miniforge3\envs\opensim_env\Lib\opensimFound simbody-visualizer, setting SIMBODY_HOME env var to  C:\Users\User\miniforge3\envs\opensim_env\Lib\opensimFound simbody-visualizer, setting SIMBODY_HOME env var to  C:\Users\User\miniforge3\envs\opensim_env\Lib\opensim


Found simbody-visualizer, setting SIMBODY_HOME env var to  C:\Users\User\miniforge3\envs\opensim_env\Lib\opensim
Found simbody-visualizer, setting SIMBODY_HOME env var to  C:\Users\User\miniforge3\envs\opensim_env\Lib\opensim
[G01-W04] t=0.20s | Des_P:   0.0 | Des_R:   0.0 | Des_Y:   0.0 | Act_P:   -1.4 | Act_R:    0.9 | Act_Y:   -0.2
[G01-W03] t=0.20s | Des_P:   0.0 | Des_R:   0.0 | Des_Y:   0.0 | Act_P:   -1.1 | Act_R:    1.1 | Act_Y:    0.0
[G01-W02] t=0.20s | Des_P:   0.0 | Des_R:   0.0 | Des_Y:   0.0 | Act_P:   -0.6 | Act_R:    1.3 | Act_Y:    0.6
[G01-W06] t=0.20s | Des_P:   0.0 | Des_R:   0.0 | Des_Y:   0.0 | Act_P:   -0.0 | Act_R:    1.6 | Act_Y:    1.4
[G01-W05] t=0.20s | Des_P:   0.0 | Des_R:   0.0 | Des_Y:   0.0 | Act_P:    0.3 | Act_R:    1.9 | Act_Y:    1.8
[G01-W04] t=0.40s | Des_P:   0.0 | Des_R:   0.0 | Des_Y:   0.0 | Act_P:   -1.9 | Act_R:    0.6 | Act_Y:   -0.3
[G01-W03] t=0.40s | Des_P:   0.0 | Des_R:   0.0 | Des_Y:   0.0 | Act_P:   -2.0 | Act_R:    0.4 | Act_Y:   -0.2
[G01-W01] t=0.20s | Des_P:   0.0 | Des_R:   0.0 | Des_Y:   0.0 | Act_P:   -1.2 | Act_R:    1.0 | Act_Y:   -0.0
[G01-W02] t=0.40s | Des_P:   0.0 | Des_R:   0.0 | Des_Y:   0.0 | Act_P:   -1.6 | Act_R:    0.8 | Act_Y:    0.1
[G01-W06] t=0.40s | Des_P:   0.0 | Des_R:   0.0 | Des_Y:   0.0 | Act_P:   -1.1 | Act_R:    1.2 | Act_Y:    0.6
[G01-W05] t=0.40s | Des_P:   0.0 | Des_R:   0.0 | Des_Y:   0.0 | Act_P:   -0.9 | Act_R:    1.6 | Act_Y:    1.0
[G01-W04] t=0.60s | Des_P:   0.0 | Des_R:   0.0 | Des_Y:   0.0 | Act_P:   -2.3 | Act_R:    0.3 | Act_Y:   -0.2
[G01-W03] t=0.60s | Des_P:   0.0 | Des_R:   0.0 | Des_Y:   0.0 | Act_P:   -2.5 | Act_R:    0.4 | Act_Y:   -0.2
[G01-W02] t=0.60s | Des_P:   0.0 | Des_R:   0.0 | Des_Y:   0.0 | Act_P:   -2.4 | Act_R:    0.6 | Act_Y:   -0.1
[G01-W06] t=0.60s | Des_P:   0.0 | Des_R:   0.0 | Des_Y:   0.0 | Act_P:   -2.0 | Act_R:    1.0 | Act_Y:    0.2
[G01-W04] t=0.80s | Des_P:   0.0 | Des_R:   0.0 | Des_Y:   0.0 | Act_P:   -2.5 | Act_R:    0.4 | Act_Y:   -0.3
[G01-W05] t=0.60s | Des_P:   0.0 | Des_R:   0.0 | Des_Y:   0.0 | Act_P:   -1.9 | Act_R:    1.4 | Act_Y:    0.6
[G01-W03] t=0.80s | Des_P:   0.0 | Des_R:   0.0 | Des_Y:   0.0 | Act_P:   -2.7 | Act_R:    0.4 | Act_Y:   -0.3
[G01-W02] t=0.80s | Des_P:   0.0 | Des_R:   0.0 | Des_Y:   0.0 | Act_P:   -3.0 | Act_R:    0.5 | Act_Y:   -0.3
[G01-W04] t=1.00s | Des_P:   0.0 | Des_R:   0.0 | Des_Y:   0.0 | Act_P:   -1.8 | Act_R:   -0.0 | Act_Y:   -0.5
[G01-W01] t=0.40s | Des_P:   0.0 | Des_R:   0.0 | Des_Y:   0.0 | Act_P:   -2.1 | Act_R:    0.5 | Act_Y:   -0.3
[G01-W06] t=0.80s | Des_P:   0.0 | Des_R:   0.0 | Des_Y:   0.0 | Act_P:   -3.0 | Act_R:    0.7 | Act_Y:   -0.2
[G01-W05] t=0.80s | Des_P:   0.0 | Des_R:   0.0 | Des_Y:   0.0 | Act_P:   -3.0 | Act_R:    1.1 | Act_Y:    0.1
[G01-W03] t=1.00s | Des_P:   0.0 | Des_R:   0.0 | Des_Y:   0.0 | Act_P:   -2.2 | Act_R:    0.2 | Act_Y:   -0.4
[G01-W04] t=1.20s | Des_P:   9.4 | Des_R:   0.0 | Des_Y:   0.0 | Act_P:   11.0 | Act_R:   -1.0 | Act_Y:   -1.2
[G01-W02] t=1.00s | Des_P:   0.0 | Des_R:   0.0 | Des_Y:   0.0 | Act_P:   -3.0 | Act_R:    0.2 | Act_Y:   -0.5
[G01-W06] t=1.00s | Des_P:   0.0 | Des_R:   0.0 | Des_Y:   0.0 | Act_P:   -3.4 | Act_R:    0.3 | Act_Y:   -0.5
[G01-W03] t=1.20s | Des_P:   9.4 | Des_R:   0.0 | Des_Y:   0.0 | Act_P:   10.5 | Act_R:   -0.9 | Act_Y:   -1.1
[G01-W05] t=1.00s | Des_P:   0.0 | Des_R:   0.0 | Des_Y:   0.0 | Act_P:   -3.7 | Act_R:    0.6 | Act_Y:   -0.4
[G01-W04] t=1.40s | Des_P:  35.6 | Des_R:   0.0 | Des_Y:   0.0 | Act_P:   37.5 | Act_R:   -0.7 | Act_Y:   -0.5
[G01-W02] t=1.20s | Des_P:   9.4 | Des_R:   0.0 | Des_Y:   0.0 | Act_P:    9.2 | Act_R:   -0.7 | Act_Y:   -1.0
[G01-W03] t=1.40s | Des_P:  35.6 | Des_R:   0.0 | Des_Y:   0.0 | Act_P:   36.9 | Act_R:   -0.6 | Act_Y:   -0.6
[G01-W04] t=1.60s | Des_P:  45.0 | Des_R:   0.0 | Des_Y:   0.0 | Act_P:   44.1 | Act_R:    0.9 | Act_Y:    0.0
[G01-W06] t=1.20s | Des_P:   9.4 | Des_R:   0.0 | Des_Y:   0.0 | Act_P:    8.1 | Act_R:   -0.6 | Act_Y:   -1.1
[G01-W05] t=1.20s | Des_P:   9.4 | Des_R:   0.0 | Des_Y:   0.0 | Act_P:    7.6 | Act_R:   -0.2 | Act_Y:   -1.1
[G01-W01] t=0.60s | Des_P:   0.0 | Des_R:   0.0 | Des_Y:   0.0 | Act_P:   -2.6 | Act_R:    0.5 | Act_Y:   -0.2
[G01-W02] t=1.40s | Des_P:  35.6 | Des_R:   0.0 | Des_Y:   0.0 | Act_P:   35.9 | Act_R:   -0.5 | Act_Y:   -0.7
[G01-W03] t=1.60s | Des_P:  45.0 | Des_R:   0.0 | Des_Y:   0.0 | Act_P:   44.0 | Act_R:    0.8 | Act_Y:    0.0
[G01-W04] t=1.80s | Des_P:  45.0 | Des_R:   0.0 | Des_Y:   0.0 | Act_P:   44.5 | Act_R:    0.9 | Act_Y:   -0.0
[G01-W06] t=1.40s | Des_P:  35.6 | Des_R:   0.0 | Des_Y:   0.0 | Act_P:   34.5 | Act_R:   -0.4 | Act_Y:   -0.9
[G01-W03] t=1.80s | Des_P:  45.0 | Des_R:   0.0 | Des_Y:   0.0 | Act_P:   44.3 | Act_R:    0.8 | Act_Y:   -0.0
[G01-W05] t=1.40s | Des_P:  35.6 | Des_R:   0.0 | Des_Y:   0.0 | Act_P:   33.7 | Act_R:   -0.6 | Act_Y:   -1.0
[G01-W02] t=1.60s | Des_P:  45.0 | Des_R:   0.0 | Des_Y:   0.0 | Act_P:   43.4 | Act_R:    0.9 | Act_Y:   -0.1
[G01-W04] t=2.00s | Des_P:  45.0 | Des_R:   0.0 | Des_Y:   0.0 | Act_P:   44.4 | Act_R:    0.7 | Act_Y:    0.1
[G01-W06] t=1.60s | Des_P:  45.0 | Des_R:   0.0 | Des_Y:   0.0 | Act_P:   42.7 | Act_R:    0.6 | Act_Y:   -0.2
[G01-W02] t=1.80s | Des_P:  45.0 | Des_R:   0.0 | Des_Y:   0.0 | Act_P:   43.7 | Act_R:    0.9 | Act_Y:   -0.1
[G01-W03] t=2.00s | Des_P:  45.0 | Des_R:   0.0 | Des_Y:   0.0 | Act_P:   44.3 | Act_R:    0.6 | Act_Y:    0.1
[G01-W05] t=1.60s | Des_P:  45.0 | Des_R:   0.0 | Des_Y:   0.0 | Act_P:   41.9 | Act_R:    0.3 | Act_Y:   -0.6
[G01-W04] t=2.20s | Des_P:  45.0 | Des_R:   0.0 | Des_Y:   0.0 | Act_P:   43.0 | Act_R:    0.5 | Act_Y:    0.1
[G01-W06] t=1.80s | Des_P:  45.0 | Des_R:   0.0 | Des_Y:   0.0 | Act_P:   42.3 | Act_R:    1.0 | Act_Y:   -0.1
[G01-W03] t=2.20s | Des_P:  45.0 | Des_R:   0.0 | Des_Y:   0.0 | Act_P:   43.3 | Act_R:    0.4 | Act_Y:    0.1
[G01-W02] t=2.00s | Des_P:  45.0 | Des_R:   0.0 | Des_Y:   0.0 | Act_P:   44.1 | Act_R:    0.8 | Act_Y:    0.1
[G01-W01] t=0.80s | Des_P:   0.0 | Des_R:   0.0 | Des_Y:   0.0 | Act_P:   -2.8 | Act_R:    0.3 | Act_Y:   -0.3
[G01-W04] t=2.40s | Des_P:  45.0 | Des_R:   0.0 | Des_Y:   0.0 | Act_P:   41.4 | Act_R:    0.3 | Act_Y:    0.0
[G01-W05] t=1.80s | Des_P:  45.0 | Des_R:   0.0 | Des_Y:   0.0 | Act_P:   41.5 | Act_R:    0.9 | Act_Y:   -0.3
[G01-W03] t=2.40s | Des_P:  45.0 | Des_R:   0.0 | Des_Y:   0.0 | Act_P:   41.9 | Act_R:    0.2 | Act_Y:    0.1
[G01-W06] t=2.00s | Des_P:  45.0 | Des_R:   0.0 | Des_Y:   0.0 | Act_P:   42.7 | Act_R:    1.0 | Act_Y:    0.1
[G01-W02] t=2.20s | Des_P:  45.0 | Des_R:   0.0 | Des_Y:   0.0 | Act_P:   43.6 | Act_R:    0.5 | Act_Y:    0.2
[G01-W04] t=2.60s | Des_P:  45.0 | Des_R:   0.0 | Des_Y:   0.0 | Act_P:   40.1 | Act_R:    0.1 | Act_Y:   -0.1
[G01-W05] t=2.00s | Des_P:  45.0 | Des_R:   0.0 | Des_Y:   0.0 | Act_P:   41.5 | Act_R:    1.1 | Act_Y:   -0.1
[G01-W03] t=2.60s | Des_P:  45.0 | Des_R:   0.0 | Des_Y:   0.0 | Act_P:   40.8 | Act_R:    0.1 | Act_Y:   -0.1
[G01-W06] t=2.20s | Des_P:  45.0 | Des_R:   0.0 | Des_Y:   0.0 | Act_P:   42.6 | Act_R:    0.8 | Act_Y:    0.1
[G01-W02] t=2.40s | Des_P:  45.0 | Des_R:   0.0 | Des_Y:   0.0 | Act_P:   42.4 | Act_R:    0.2 | Act_Y:    0.1
[G01-W04] t=2.80s | Des_P:  45.0 | Des_R:   0.0 | Des_Y:   0.0 | Act_P:   39.3 | Act_R:    0.1 | Act_Y:   -0.2
[G01-W05] t=2.20s | Des_P:  45.0 | Des_R:   0.0 | Des_Y:   0.0 | Act_P:   41.4 | Act_R:    1.0 | Act_Y:    0.1
[G01-W03] t=2.80s | Des_P:  45.0 | Des_R:   0.0 | Des_Y:   0.0 | Act_P:   40.2 | Act_R:    0.0 | Act_Y:   -0.2
[G01-W04] t=3.00s | Des_P:  45.0 | Des_R:   0.0 | Des_Y:   0.0 | Act_P:   39.1 | Act_R:    0.4 | Act_Y:   -0.3
[G01-W06] t=2.40s | Des_P:  45.0 | Des_R:   0.0 | Des_Y:   0.0 | Act_P:   42.0 | Act_R:    0.5 | Act_Y:    0.1
[G01-W02] t=2.60s | Des_P:  45.0 | Des_R:   0.0 | Des_Y:   0.0 | Act_P:   41.4 | Act_R:   -0.0 | Act_Y:   -0.0
[G01-W01] t=1.00s | Des_P:   0.0 | Des_R:   0.0 | Des_Y:   0.0 | Act_P:   -2.1 | Act_R:    0.1 | Act_Y:   -0.5
[G01-W04] t=3.20s | Des_P:  45.0 | Des_R:   7.3 | Des_Y:   0.0 | Act_P:   39.4 | Act_R:   10.8 | Act_Y:   -0.5
[G01-W05] t=2.40s | Des_P:  45.0 | Des_R:   0.0 | Des_Y:   0.0 | Act_P:   41.1 | Act_R:    0.9 | Act_Y:    0.1
[G01-W03] t=3.00s | Des_P:  45.0 | Des_R:   0.0 | Des_Y:   0.0 | Act_P:   39.9 | Act_R:    0.3 | Act_Y:   -0.3
[G01-W06] t=2.60s | Des_P:  45.0 | Des_R:   0.0 | Des_Y:   0.0 | Act_P:   41.2 | Act_R:    0.2 | Act_Y:   -0.0
[G01-W02] t=2.80s | Des_P:  45.0 | Des_R:   0.0 | Des_Y:   0.0 | Act_P:   40.7 | Act_R:   -0.1 | Act_Y:   -0.2
[G01-W04] t=3.40s | Des_P:  45.0 | Des_R:  27.7 | Des_Y:   0.0 | Act_P:   41.5 | Act_R:   32.4 | Act_Y:   -0.9
[G01-W03] t=3.20s | Des_P:  45.0 | Des_R:   7.3 | Des_Y:   0.0 | Act_P:   40.2 | Act_R:   10.4 | Act_Y:   -0.5
[G01-W05] t=2.60s | Des_P:  45.0 | Des_R:   0.0 | Des_Y:   0.0 | Act_P:   40.7 | Act_R:    0.5 | Act_Y:    0.1
100000.0
[Fixation Controller] Initialized 3-DOF Virtual Work tracking for Eyes.
Eval CRASHED: G01-W06 | Kp=762.49, Ki=168.99, Kd=186.22
[G01-W02] t=3.00s | Des_P:  45.0 | Des_R:   0.0 | Des_Y:   0.0 | Act_P:   40.3 | Act_R:    0.0 | Act_Y:   -0.3
[G01-W03] t=3.40s | Des_P:  45.0 | Des_R:  27.7 | Des_Y:   0.0 | Act_P:   41.5 | Act_R:   31.0 | Act_Y:   -1.2
[G01-W05] t=2.80s | Des_P:  45.0 | Des_R:   0.0 | Des_Y:   0.0 | Act_P:   40.2 | Act_R:    0.3 | Act_Y:   -0.0
[G01-W04] t=3.60s | Des_P:  45.0 | Des_R:  35.0 | Des_Y:   0.0 | Act_P:   44.2 | Act_R:   38.8 | Act_Y:   -0.5
[G01-W02] t=3.20s | Des_P:  45.0 | Des_R:   7.3 | Des_Y:   0.0 | Act_P:   40.5 | Act_R:    9.9 | Act_Y:   -0.5
[G01-W03] t=3.60s | Des_P:  45.0 | Des_R:  35.0 | Des_Y:   0.0 | Act_P:   44.4 | Act_R:   38.2 | Act_Y:   -0.4
[G01-W05] t=3.00s | Des_P:  45.0 | Des_R:   0.0 | Des_Y:   0.0 | Act_P:   39.9 | Act_R:    0.2 | Act_Y:   -0.2
[G01-W01] t=1.20s | Des_P:   9.4 | Des_R:   0.0 | Des_Y:   0.0 | Act_P:   10.6 | Act_R:   -1.0 | Act_Y:   -1.2
[G01-W02] t=3.40s | Des_P:  45.0 | Des_R:  27.7 | Des_Y:   0.0 | Act_P:   42.0 | Act_R:   31.2 | Act_Y:   -0.9
[G01-W04] t=3.80s | Des_P:  45.0 | Des_R:  35.0 | Des_Y:   0.0 | Act_P:   46.1 | Act_R:   39.0 | Act_Y:   -0.2
[G01-W05] t=3.20s | Des_P:  45.0 | Des_R:   7.3 | Des_Y:   0.0 | Act_P:   39.8 | Act_R:    9.8 | Act_Y:   -0.4
[G01-W03] t=3.80s | Des_P:  45.0 | Des_R:  35.0 | Des_Y:   0.0 | Act_P:   46.1 | Act_R:   38.5 | Act_Y:   -0.1
[G01-W02] t=3.60s | Des_P:  45.0 | Des_R:  35.0 | Des_Y:   0.0 | Act_P:   44.5 | Act_R:   37.7 | Act_Y:   -0.5
[G01-W04] t=4.00s | Des_P:  45.0 | Des_R:  35.0 | Des_Y:   0.0 | Act_P:   47.3 | Act_R:   38.6 | Act_Y:    0.1
[G01-W03] t=4.00s | Des_P:  45.0 | Des_R:  35.0 | Des_Y:   0.0 | Act_P:   47.2 | Act_R:   38.2 | Act_Y:    0.2
[G01-W05] t=3.40s | Des_P:  45.0 | Des_R:  27.7 | Des_Y:   0.0 | Act_P:   40.6 | Act_R:   30.8 | Act_Y:   -0.8
[G01-W04] t=4.20s | Des_P:  45.0 | Des_R:  35.0 | Des_Y:   0.0 | Act_P:   47.9 | Act_R:   38.0 | Act_Y:    0.3
[G01-W02] t=3.80s | Des_P:  45.0 | Des_R:  35.0 | Des_Y:   0.0 | Act_P:   46.2 | Act_R:   38.1 | Act_Y:   -0.2
[G01-W03] t=4.20s | Des_P:  45.0 | Des_R:  35.0 | Des_Y:   0.0 | Act_P:   47.6 | Act_R:   37.5 | Act_Y:    0.2
[G01-W05] t=3.60s | Des_P:  45.0 | Des_R:  35.0 | Des_Y:   0.0 | Act_P:   42.3 | Act_R:   36.9 | Act_Y:   -0.8
[G01-W01] t=1.40s | Des_P:  35.6 | Des_R:   0.0 | Des_Y:   0.0 | Act_P:   37.3 | Act_R:   -0.7 | Act_Y:   -0.6
[G01-W04] t=4.40s | Des_P:  45.0 | Des_R:  35.0 | Des_Y:   0.0 | Act_P:   48.1 | Act_R:   37.0 | Act_Y:    0.2
[G01-W02] t=4.00s | Des_P:  45.0 | Des_R:  35.0 | Des_Y:   0.0 | Act_P:   47.4 | Act_R:   37.8 | Act_Y:    0.0
[G01-W03] t=4.40s | Des_P:  45.0 | Des_R:  35.0 | Des_Y:   0.0 | Act_P:   47.9 | Act_R:   36.8 | Act_Y:    0.3
[G01-W05] t=3.80s | Des_P:  45.0 | Des_R:  35.0 | Des_Y:   0.0 | Act_P:   44.3 | Act_R:   37.9 | Act_Y:   -0.5
[G01-W02] t=4.20s | Des_P:  45.0 | Des_R:  35.0 | Des_Y:   0.0 | Act_P:   48.1 | Act_R:   37.3 | Act_Y:    0.3
[G01-W01] t=1.60s | Des_P:  45.0 | Des_R:   0.0 | Des_Y:   0.0 | Act_P:   44.1 | Act_R:    0.9 | Act_Y:    0.0
[G01-W04] t=4.60s | Des_P:  45.0 | Des_R:  35.0 | Des_Y:   0.0 | Act_P:   48.2 | Act_R:   36.4 | Act_Y:    0.0
[G01-W01] t=1.80s | Des_P:  45.0 | Des_R:   0.0 | Des_Y:   0.0 | Act_P:   44.5 | Act_R:    0.9 | Act_Y:   -0.0
[G01-W03] t=4.60s | Des_P:  45.0 | Des_R:  35.0 | Des_Y:   0.0 | Act_P:   47.9 | Act_R:   36.1 | Act_Y:    0.0
[G01-W05] t=4.00s | Des_P:  45.0 | Des_R:  35.0 | Des_Y:   0.0 | Act_P:   45.9 | Act_R:   38.0 | Act_Y:   -0.3
[G01-W02] t=4.40s | Des_P:  45.0 | Des_R:  35.0 | Des_Y:   0.0 | Act_P:   48.3 | Act_R:   36.5 | Act_Y:    0.2
[G01-W01] t=2.00s | Des_P:  45.0 | Des_R:   0.0 | Des_Y:   0.0 | Act_P:   44.5 | Act_R:    0.7 | Act_Y:    0.1
[G01-W02] t=4.60s | Des_P:  45.0 | Des_R:  35.0 | Des_Y:   0.0 | Act_P:   48.2 | Act_R:   35.8 | Act_Y:    0.0
[G01-W05] t=4.20s | Des_P:  45.0 | Des_R:  35.0 | Des_Y:   0.0 | Act_P:   47.1 | Act_R:   37.7 | Act_Y:   -0.1
[G01-W04] t=4.80s | Des_P:  45.0 | Des_R:  35.0 | Des_Y:   0.0 | Act_P:   48.3 | Act_R:   36.1 | Act_Y:   -0.2
[G01-W01] t=2.20s | Des_P:  45.0 | Des_R:   0.0 | Des_Y:   0.0 | Act_P:   43.2 | Act_R:    0.4 | Act_Y:    0.2
[G01-W03] t=4.80s | Des_P:  45.0 | Des_R:  35.0 | Des_Y:   0.0 | Act_P:   47.8 | Act_R:   36.0 | Act_Y:   -0.2
[G01-W01] t=2.40s | Des_P:  45.0 | Des_R:   0.0 | Des_Y:   0.0 | Act_P:   41.7 | Act_R:    0.2 | Act_Y:    0.1
[G01-W05] t=4.40s | Des_P:  45.0 | Des_R:  35.0 | Des_Y:   0.0 | Act_P:   48.2 | Act_R:   37.1 | Act_Y:    0.1
[G01-W02] t=4.80s | Des_P:  45.0 | Des_R:  35.0 | Des_Y:   0.0 | Act_P:   48.0 | Act_R:   35.4 | Act_Y:   -0.3
[G01-W03] t=5.00s | Des_P:  45.0 | Des_R:  35.0 | Des_Y:   0.0 | Act_P:   47.9 | Act_R:   36.1 | Act_Y:   -0.4
[G01-W04] t=5.00s | Des_P:  45.0 | Des_R:  35.0 | Des_Y:   0.0 | Act_P:   48.4 | Act_R:   36.3 | Act_Y:   -0.3
[G01-W01] t=2.60s | Des_P:  45.0 | Des_R:   0.0 | Des_Y:   0.0 | Act_P:   40.4 | Act_R:    0.0 | Act_Y:   -0.1
[G01-W05] t=4.60s | Des_P:  45.0 | Des_R:  35.0 | Des_Y:   0.0 | Act_P:   48.7 | Act_R:   36.3 | Act_Y:   -0.0
[G01-W02] t=5.00s | Des_P:  45.0 | Des_R:  35.0 | Des_Y:   0.0 | Act_P:   48.1 | Act_R:   35.7 | Act_Y:   -0.4
[G01-W03] t=5.20s | Des_P:  45.0 | Des_R:  35.0 | Des_Y:  10.5 | Act_P:   44.9 | Act_R:   28.7 | Act_Y:    9.1
[G01-W04] t=5.20s | Des_P:  45.0 | Des_R:  35.0 | Des_Y:  10.5 | Act_P:   45.0 | Act_R:   29.7 | Act_Y:    9.0
[G01-W03] t=5.40s | Des_P:  45.0 | Des_R:  35.0 | Des_Y:  39.5 | Act_P:   45.8 | Act_R:    6.0 | Act_Y:   10.1
[G01-W04] t=5.40s | Des_P:  45.0 | Des_R:  35.0 | Des_Y:  39.5 | Act_P:   45.6 | Act_R:    8.1 | Act_Y:   10.1
[G01-W02] t=5.20s | Des_P:  45.0 | Des_R:  35.0 | Des_Y:  10.5 | Act_P:   45.8 | Act_R:   27.0 | Act_Y:    9.2
[G01-W01] t=2.80s | Des_P:  45.0 | Des_R:   0.0 | Des_Y:   0.0 | Act_P:   39.6 | Act_R:    0.1 | Act_Y:   -0.2
[G01-W05] t=4.80s | Des_P:  45.0 | Des_R:  35.0 | Des_Y:   0.0 | Act_P:   48.8 | Act_R:   35.6 | Act_Y:   -0.4
[G01-W03] t=5.60s | Des_P:  45.0 | Des_R:  35.0 | Des_Y:  50.0 | Act_P:   46.3 | Act_R:   -8.1 | Act_Y:   10.4
[G01-W04] t=5.60s | Des_P:  45.0 | Des_R:  35.0 | Des_Y:  50.0 | Act_P:   46.5 | Act_R:   -8.5 | Act_Y:   10.4
[G01-W02] t=5.40s | Des_P:  45.0 | Des_R:  35.0 | Des_Y:  39.5 | Act_P:   46.3 | Act_R:    3.3 | Act_Y:   10.1
[G01-W03] t=5.80s | Des_P:  45.0 | Des_R:  35.0 | Des_Y:  50.0 | Act_P:   46.3 | Act_R:  -17.9 | Act_Y:   20.4
[G01-W04] t=5.80s | Des_P:  45.0 | Des_R:  35.0 | Des_Y:  50.0 | Act_P:   46.3 | Act_R:  -17.7 | Act_Y:   20.4
[G01-W02] t=5.60s | Des_P:  45.0 | Des_R:  35.0 | Des_Y:  50.0 | Act_P:   46.8 | Act_R:  -11.5 | Act_Y:   10.5
[G01-W05] t=5.00s | Des_P:  45.0 | Des_R:  35.0 | Des_Y:   0.0 | Act_P:   48.8 | Act_R:   35.3 | Act_Y:   -0.7
[G01-W03] t=6.00s | Des_P:  45.0 | Des_R:  35.0 | Des_Y:  50.0 | Act_P:   47.0 | Act_R:  -28.4 | Act_Y:   36.9
[G01-W03] Kp=740.9, Gton=8.760 | Err=0.7097
0.7097264600845837
[Fixation Controller] Initialized 3-DOF Virtual Work tracking for Eyes.
Eval CRASHED: G01-W03 | Kp=740.88, Ki=150.94, Kd=82.63
[G01-W04] t=6.00s | Des_P:  45.0 | Des_R:  35.0 | Des_Y:  50.0 | Act_P:   46.9 | Act_R:  -25.2 | Act_Y:   36.5
[G01-W04] Kp=629.3, Gton=8.760 | Err=0.6880
0.6879590263312988
[Fixation Controller] Initialized 3-DOF Virtual Work tracking for Eyes.
Eval CRASHED: G01-W04 | Kp=629.28, Ki=124.46, Kd=68.44
[G01-W02] t=5.80s | Des_P:  45.0 | Des_R:  35.0 | Des_Y:  50.0 | Act_P:   46.7 | Act_R:  -21.7 | Act_Y:   20.3
[G01-W05] t=5.20s | Des_P:  45.0 | Des_R:  35.0 | Des_Y:  10.5 | Act_P:   47.7 | Act_R:   24.0 | Act_Y:    9.3
[G01-W01] t=3.00s | Des_P:  45.0 | Des_R:   0.0 | Des_Y:   0.0 | Act_P:   39.4 | Act_R:    0.4 | Act_Y:   -0.3
[G01-W02] t=6.00s | Des_P:  45.0 | Des_R:  35.0 | Des_Y:  50.0 | Act_P:   47.0 | Act_R:  -30.5 | Act_Y:   36.9
[G01-W02] Kp=753.9, Gton=8.760 | Err=0.7858
0.7857782630219197
[Fixation Controller] Initialized 3-DOF Virtual Work tracking for Eyes.
Eval CRASHED: G01-W02 | Kp=753.89, Ki=199.61, Kd=120.51
[G01-W05] t=5.40s | Des_P:  45.0 | Des_R:  35.0 | Des_Y:  39.5 | Act_P:   47.6 | Act_R:    0.4 | Act_Y:   10.2
[G01-W05] t=5.60s | Des_P:  45.0 | Des_R:  35.0 | Des_Y:  50.0 | Act_P:   47.8 | Act_R:  -13.4 | Act_Y:   10.4
[G01-W05] t=5.80s | Des_P:  45.0 | Des_R:  35.0 | Des_Y:  50.0 | Act_P:   47.8 | Act_R:  -23.9 | Act_Y:   20.1
[G01-W01] t=3.20s | Des_P:  45.0 | Des_R:   7.3 | Des_Y:   0.0 | Act_P:   39.7 | Act_R:   10.6 | Act_Y:   -0.5
[G01-W05] t=6.00s | Des_P:  45.0 | Des_R:  35.0 | Des_Y:  50.0 | Act_P:   47.9 | Act_R:  -20.4 | Act_Y:   35.0
[G01-W05] Kp=665.4, Gton=8.760 | Err=0.8032
0.8032296174451995
[Fixation Controller] Initialized 3-DOF Virtual Work tracking for Eyes.
Eval CRASHED: G01-W05 | Kp=665.37, Ki=180.71, Kd=226.00
[G01-W01] t=3.40s | Des_P:  45.0 | Des_R:  27.7 | Des_Y:   0.0 | Act_P:   41.2 | Act_R:   31.5 | Act_Y:   -1.2
[G01-W01] t=3.60s | Des_P:  45.0 | Des_R:  35.0 | Des_Y:   0.0 | Act_P:   44.4 | Act_R:   38.7 | Act_Y:   -0.4
[G01-W01] t=3.80s | Des_P:  45.0 | Des_R:  35.0 | Des_Y:   0.0 | Act_P:   46.4 | Act_R:   38.9 | Act_Y:   -0.2
[G01-W01] t=4.00s | Des_P:  45.0 | Des_R:  35.0 | Des_Y:   0.0 | Act_P:   47.6 | Act_R:   38.6 | Act_Y:    0.2
[G01-W01] t=4.20s | Des_P:  45.0 | Des_R:  35.0 | Des_Y:   0.0 | Act_P:   48.2 | Act_R:   37.7 | Act_Y:    0.3
[G01-W01] t=4.40s | Des_P:  45.0 | Des_R:  35.0 | Des_Y:   0.0 | Act_P:   48.4 | Act_R:   36.8 | Act_Y:    0.3
[G01-W01] t=4.60s | Des_P:  45.0 | Des_R:  35.0 | Des_Y:   0.0 | Act_P:   48.5 | Act_R:   36.1 | Act_Y:    0.1
[G01-W01] t=4.80s | Des_P:  45.0 | Des_R:  35.0 | Des_Y:   0.0 | Act_P:   48.5 | Act_R:   35.9 | Act_Y:   -0.2
[G01-W01] t=5.00s | Des_P:  45.0 | Des_R:  35.0 | Des_Y:   0.0 | Act_P:   48.5 | Act_R:   36.0 | Act_Y:   -0.3
[G01-W01] t=5.20s | Des_P:  45.0 | Des_R:  35.0 | Des_Y:  10.5 | Act_P:   45.3 | Act_R:   29.4 | Act_Y:    9.1
[G01-W01] t=5.40s | Des_P:  45.0 | Des_R:  35.0 | Des_Y:  39.5 | Act_P:   45.8 | Act_R:    7.3 | Act_Y:   10.1
[G01-W01] t=5.60s | Des_P:  45.0 | Des_R:  35.0 | Des_Y:  50.0 | Act_P:   46.4 | Act_R:   -7.4 | Act_Y:   10.4
[G01-W01] t=5.80s | Des_P:  45.0 | Des_R:  35.0 | Des_Y:  50.0 | Act_P:   46.5 | Act_R:  -15.7 | Act_Y:   20.3
[G01-W01] t=6.00s | Des_P:  45.0 | Des_R:  35.0 | Des_Y:  50.0 | Act_P:   47.1 | Act_R:  -22.6 | Act_Y:   36.5
[G01-W01] Kp=633.5, Gton=8.760 | Err=0.6634
0.6634088544586718
[Fixation Controller] Initialized 3-DOF Virtual Work tracking for Eyes.
Eval CRASHED: G01-W01 | Kp=633.50, Ki=158.82, Kd=75.03
Iterat #Fevals   function value  axis ratio  sigma  min&max std  t[m:s]
    1      6 1.822179273127208e+06 1.0e+00 5.61e+01  6e+01  6e+01 21:21.7  
Gen 1: Best Error = 1822179.27 | Kp=629.28, Ki=124.46, Kd=68.44

--- Generation 2 ---
Found simbody-visualizer, setting SIMBODY_HOME env var to  C:\Users\User\miniforge3\envs\opensim_env\Lib\opensimFound simbody-visualizer, setting SIMBODY_HOME env var to  C:\Users\User\miniforge3\envs\opensim_env\Lib\opensimFound simbody-visualizer, setting SIMBODY_HOME env var to  C:\Users\User\miniforge3\envs\opensim_env\Lib\opensim

Found simbody-visualizer, setting SIMBODY_HOME env var to  C:\Users\User\miniforge3\envs\opensim_env\Lib\opensim

Found simbody-visualizer, setting SIMBODY_HOME env var to  C:\Users\User\miniforge3\envs\opensim_env\Lib\opensim
Found simbody-visualizer, setting SIMBODY_HOME env var to  C:\Users\User\miniforge3\envs\opensim_env\Lib\opensim
[G02-W03] t=0.20s | Des_P:   0.0 | Des_R:   0.0 | Des_Y:   0.0 | Act_P:   -2.4 | Act_R:   -0.0 | Act_Y:   -0.9
[G02-W04] t=0.20s | Des_P:   0.0 | Des_R:   0.0 | Des_Y:   0.0 | Act_P:   -1.7 | Act_R:    0.5 | Act_Y:   -0.5
[G02-W06] t=0.20s | Des_P:   0.0 | Des_R:   0.0 | Des_Y:   0.0 | Act_P:   -1.0 | Act_R:    1.3 | Act_Y:    0.2
[G02-W05] t=0.20s | Des_P:   0.0 | Des_R:   0.0 | Des_Y:   0.0 | Act_P:   -0.5 | Act_R:    1.5 | Act_Y:    0.8
[G02-W02] t=0.20s | Des_P:   0.0 | Des_R:   0.0 | Des_Y:   0.0 | Act_P:   -0.5 | Act_R:    1.4 | Act_Y:    0.7
[G02-W01] t=0.20s | Des_P:   0.0 | Des_R:   0.0 | Des_Y:   0.0 | Act_P:   -0.5 | Act_R:    1.4 | Act_Y:    0.7
[G02-W03] t=0.40s | Des_P:   0.0 | Des_R:   0.0 | Des_Y:   0.0 | Act_P:   -1.7 | Act_R:    0.0 | Act_Y:   -0.5
[G02-W04] t=0.40s | Des_P:   0.0 | Des_R:   0.0 | Des_Y:   0.0 | Act_P:   -1.9 | Act_R:    0.3 | Act_Y:   -0.4
[G02-W06] t=0.40s | Des_P:   0.0 | Des_R:   0.0 | Des_Y:   0.0 | Act_P:   -2.0 | Act_R:    0.8 | Act_Y:   -0.1
[G02-W01] t=0.40s | Des_P:   0.0 | Des_R:   0.0 | Des_Y:   0.0 | Act_P:   -1.7 | Act_R:    1.1 | Act_Y:    0.1
[G02-W02] t=0.40s | Des_P:   0.0 | Des_R:   0.0 | Des_Y:   0.0 | Act_P:   -1.7 | Act_R:    0.9 | Act_Y:    0.1
[G02-W05] t=0.40s | Des_P:   0.0 | Des_R:   0.0 | Des_Y:   0.0 | Act_P:   -1.7 | Act_R:    1.0 | Act_Y:    0.2
[G02-W03] t=0.60s | Des_P:   0.0 | Des_R:   0.0 | Des_Y:   0.0 | Act_P:   -1.9 | Act_R:    0.4 | Act_Y:   -0.2
[G02-W04] t=0.60s | Des_P:   0.0 | Des_R:   0.0 | Des_Y:   0.0 | Act_P:   -2.2 | Act_R:    0.2 | Act_Y:   -0.2
[G02-W06] t=0.60s | Des_P:   0.0 | Des_R:   0.0 | Des_Y:   0.0 | Act_P:   -2.7 | Act_R:    0.7 | Act_Y:   -0.1
[G02-W03] t=0.80s | Des_P:   0.0 | Des_R:   0.0 | Des_Y:   0.0 | Act_P:   -1.9 | Act_R:    0.4 | Act_Y:   -0.3
[G02-W01] t=0.60s | Des_P:   0.0 | Des_R:   0.0 | Des_Y:   0.0 | Act_P:   -2.7 | Act_R:    0.7 | Act_Y:   -0.1
[G02-W02] t=0.60s | Des_P:   0.0 | Des_R:   0.0 | Des_Y:   0.0 | Act_P:   -2.5 | Act_R:    0.7 | Act_Y:   -0.1
[G02-W05] t=0.60s | Des_P:   0.0 | Des_R:   0.0 | Des_Y:   0.0 | Act_P:   -2.6 | Act_R:    0.9 | Act_Y:   -0.0
[G02-W04] t=0.80s | Des_P:   0.0 | Des_R:   0.0 | Des_Y:   0.0 | Act_P:   -2.2 | Act_R:    0.2 | Act_Y:   -0.3
[G02-W06] t=0.80s | Des_P:   0.0 | Des_R:   0.0 | Des_Y:   0.0 | Act_P:   -3.1 | Act_R:    0.6 | Act_Y:   -0.3
[G02-W03] t=1.00s | Des_P:   0.0 | Des_R:   0.0 | Des_Y:   0.0 | Act_P:   -1.5 | Act_R:    0.0 | Act_Y:   -0.4
[G02-W01] t=0.80s | Des_P:   0.0 | Des_R:   0.0 | Des_Y:   0.0 | Act_P:   -3.4 | Act_R:    0.6 | Act_Y:   -0.3
[G02-W05] t=0.80s | Des_P:   0.0 | Des_R:   0.0 | Des_Y:   0.0 | Act_P:   -3.4 | Act_R:    0.6 | Act_Y:   -0.2
[G02-W02] t=0.80s | Des_P:   0.0 | Des_R:   0.0 | Des_Y:   0.0 | Act_P:   -3.2 | Act_R:    0.5 | Act_Y:   -0.3
[G02-W04] t=1.00s | Des_P:   0.0 | Des_R:   0.0 | Des_Y:   0.0 | Act_P:   -1.4 | Act_R:   -0.1 | Act_Y:   -0.4
[G02-W03] t=1.20s | Des_P:   9.4 | Des_R:   0.0 | Des_Y:   0.0 | Act_P:   11.6 | Act_R:   -1.0 | Act_Y:   -0.9
[G02-W06] t=1.00s | Des_P:   0.0 | Des_R:   0.0 | Des_Y:   0.0 | Act_P:   -2.7 | Act_R:    0.3 | Act_Y:   -0.5
[G02-W04] t=1.20s | Des_P:   9.4 | Des_R:   0.0 | Des_Y:   0.0 | Act_P:   11.8 | Act_R:   -1.2 | Act_Y:   -0.9
[G02-W01] t=1.00s | Des_P:   0.0 | Des_R:   0.0 | Des_Y:   0.0 | Act_P:   -3.4 | Act_R:    0.3 | Act_Y:   -0.5
[G02-W05] t=1.00s | Des_P:   0.0 | Des_R:   0.0 | Des_Y:   0.0 | Act_P:   -3.5 | Act_R:    0.6 | Act_Y:   -0.4
[G02-W02] t=1.00s | Des_P:   0.0 | Des_R:   0.0 | Des_Y:   0.0 | Act_P:   -3.2 | Act_R:    0.3 | Act_Y:   -0.5
[G02-W03] t=1.40s | Des_P:  35.6 | Des_R:   0.0 | Des_Y:   0.0 | Act_P:   37.5 | Act_R:   -0.4 | Act_Y:   -0.4
[G02-W06] t=1.20s | Des_P:   9.4 | Des_R:   0.0 | Des_Y:   0.0 | Act_P:    9.9 | Act_R:   -0.8 | Act_Y:   -1.0
[G02-W04] t=1.40s | Des_P:  35.6 | Des_R:   0.0 | Des_Y:   0.0 | Act_P:   37.6 | Act_R:   -0.5 | Act_Y:   -0.5
[G02-W01] t=1.20s | Des_P:   9.4 | Des_R:   0.0 | Des_Y:   0.0 | Act_P:    9.0 | Act_R:   -0.7 | Act_Y:   -1.2
[G02-W03] t=1.60s | Des_P:  45.0 | Des_R:   0.0 | Des_Y:   0.0 | Act_P:   43.7 | Act_R:    1.1 | Act_Y:    0.0
[G02-W05] t=1.20s | Des_P:   9.4 | Des_R:   0.0 | Des_Y:   0.0 | Act_P:    8.4 | Act_R:   -0.4 | Act_Y:   -1.2
[G02-W02] t=1.20s | Des_P:   9.4 | Des_R:   0.0 | Des_Y:   0.0 | Act_P:    9.0 | Act_R:   -0.5 | Act_Y:   -1.1
[G02-W06] t=1.40s | Des_P:  35.6 | Des_R:   0.0 | Des_Y:   0.0 | Act_P:   36.5 | Act_R:   -0.5 | Act_Y:   -0.7
[G02-W04] t=1.60s | Des_P:  45.0 | Des_R:   0.0 | Des_Y:   0.0 | Act_P:   44.2 | Act_R:    0.9 | Act_Y:    0.1
[G02-W03] t=1.80s | Des_P:  45.0 | Des_R:   0.0 | Des_Y:   0.0 | Act_P:   44.3 | Act_R:    0.8 | Act_Y:   -0.0
[G02-W01] t=1.40s | Des_P:  35.6 | Des_R:   0.0 | Des_Y:   0.0 | Act_P:   35.6 | Act_R:   -0.7 | Act_Y:   -0.9
[G02-W05] t=1.40s | Des_P:  35.6 | Des_R:   0.0 | Des_Y:   0.0 | Act_P:   35.0 | Act_R:   -0.3 | Act_Y:   -0.9
[G02-W02] t=1.40s | Des_P:  35.6 | Des_R:   0.0 | Des_Y:   0.0 | Act_P:   35.5 | Act_R:   -0.5 | Act_Y:   -0.9
[G02-W06] t=1.60s | Des_P:  45.0 | Des_R:   0.0 | Des_Y:   0.0 | Act_P:   43.8 | Act_R:    1.0 | Act_Y:    0.0
[G02-W04] t=1.80s | Des_P:  45.0 | Des_R:   0.0 | Des_Y:   0.0 | Act_P:   44.7 | Act_R:    0.8 | Act_Y:   -0.0
[G02-W03] t=2.00s | Des_P:  45.0 | Des_R:   0.0 | Des_Y:   0.0 | Act_P:   43.8 | Act_R:    0.7 | Act_Y:    0.0
[G02-W01] t=1.60s | Des_P:  45.0 | Des_R:   0.0 | Des_Y:   0.0 | Act_P:   43.4 | Act_R:    0.7 | Act_Y:   -0.2
[G02-W05] t=1.60s | Des_P:  45.0 | Des_R:   0.0 | Des_Y:   0.0 | Act_P:   42.9 | Act_R:    0.9 | Act_Y:   -0.1
[G02-W02] t=1.60s | Des_P:  45.0 | Des_R:   0.0 | Des_Y:   0.0 | Act_P:   43.3 | Act_R:    0.8 | Act_Y:   -0.1
[G02-W06] t=1.80s | Des_P:  45.0 | Des_R:   0.0 | Des_Y:   0.0 | Act_P:   43.9 | Act_R:    0.9 | Act_Y:   -0.0
[G02-W04] t=2.00s | Des_P:  45.0 | Des_R:   0.0 | Des_Y:   0.0 | Act_P:   44.5 | Act_R:    0.6 | Act_Y:    0.1
[G02-W03] t=2.20s | Des_P:  45.0 | Des_R:   0.0 | Des_Y:   0.0 | Act_P:   42.3 | Act_R:    0.6 | Act_Y:    0.1
[G02-W01] t=1.80s | Des_P:  45.0 | Des_R:   0.0 | Des_Y:   0.0 | Act_P:   43.6 | Act_R:    0.9 | Act_Y:   -0.1
[G02-W05] t=1.80s | Des_P:  45.0 | Des_R:   0.0 | Des_Y:   0.0 | Act_P:   42.8 | Act_R:    1.1 | Act_Y:   -0.1
[G02-W02] t=1.80s | Des_P:  45.0 | Des_R:   0.0 | Des_Y:   0.0 | Act_P:   43.4 | Act_R:    1.0 | Act_Y:   -0.0
[G02-W04] t=2.20s | Des_P:  45.0 | Des_R:   0.0 | Des_Y:   0.0 | Act_P:   43.1 | Act_R:    0.4 | Act_Y:    0.1
[G02-W06] t=2.00s | Des_P:  45.0 | Des_R:   0.0 | Des_Y:   0.0 | Act_P:   43.8 | Act_R:    0.9 | Act_Y:    0.1
[G02-W03] t=2.40s | Des_P:  45.0 | Des_R:   0.0 | Des_Y:   0.0 | Act_P:   41.0 | Act_R:    0.3 | Act_Y:    0.0
[G02-W01] t=2.00s | Des_P:  45.0 | Des_R:   0.0 | Des_Y:   0.0 | Act_P:   44.1 | Act_R:    0.8 | Act_Y:    0.1
[G02-W05] t=2.00s | Des_P:  45.0 | Des_R:   0.0 | Des_Y:   0.0 | Act_P:   43.1 | Act_R:    1.1 | Act_Y:    0.1
[G02-W04] t=2.40s | Des_P:  45.0 | Des_R:   0.0 | Des_Y:   0.0 | Act_P:   41.6 | Act_R:    0.2 | Act_Y:    0.0
[G02-W02] t=2.00s | Des_P:  45.0 | Des_R:   0.0 | Des_Y:   0.0 | Act_P:   43.8 | Act_R:    0.8 | Act_Y:    0.1
[G02-W03] t=2.60s | Des_P:  45.0 | Des_R:   0.0 | Des_Y:   0.0 | Act_P:   39.8 | Act_R:    0.1 | Act_Y:   -0.1
[G02-W06] t=2.20s | Des_P:  45.0 | Des_R:   0.0 | Des_Y:   0.0 | Act_P:   42.7 | Act_R:    0.6 | Act_Y:    0.1
[G02-W03] t=2.80s | Des_P:  45.0 | Des_R:   0.0 | Des_Y:   0.0 | Act_P:   39.1 | Act_R:    0.1 | Act_Y:   -0.3
[G02-W04] t=2.60s | Des_P:  45.0 | Des_R:   0.0 | Des_Y:   0.0 | Act_P:   40.5 | Act_R:   -0.0 | Act_Y:   -0.1
[G02-W01] t=2.20s | Des_P:  45.0 | Des_R:   0.0 | Des_Y:   0.0 | Act_P:   43.5 | Act_R:    0.6 | Act_Y:    0.2
[G02-W05] t=2.20s | Des_P:  45.0 | Des_R:   0.0 | Des_Y:   0.0 | Act_P:   42.5 | Act_R:    0.8 | Act_Y:    0.2
[G02-W02] t=2.20s | Des_P:  45.0 | Des_R:   0.0 | Des_Y:   0.0 | Act_P:   43.2 | Act_R:    0.6 | Act_Y:    0.2
[G02-W06] t=2.40s | Des_P:  45.0 | Des_R:   0.0 | Des_Y:   0.0 | Act_P:   41.3 | Act_R:    0.5 | Act_Y:    0.0
[G02-W03] t=3.00s | Des_P:  45.0 | Des_R:   0.0 | Des_Y:   0.0 | Act_P:   39.2 | Act_R:    0.5 | Act_Y:   -0.3
[G02-W04] t=2.80s | Des_P:  45.0 | Des_R:   0.0 | Des_Y:   0.0 | Act_P:   39.8 | Act_R:    0.1 | Act_Y:   -0.2
[G02-W01] t=2.40s | Des_P:  45.0 | Des_R:   0.0 | Des_Y:   0.0 | Act_P:   42.3 | Act_R:    0.2 | Act_Y:    0.2
[G02-W05] t=2.40s | Des_P:  45.0 | Des_R:   0.0 | Des_Y:   0.0 | Act_P:   41.4 | Act_R:    0.6 | Act_Y:    0.1
[G02-W06] t=2.60s | Des_P:  45.0 | Des_R:   0.0 | Des_Y:   0.0 | Act_P:   40.1 | Act_R:    0.2 | Act_Y:   -0.1
[G02-W02] t=2.40s | Des_P:  45.0 | Des_R:   0.0 | Des_Y:   0.0 | Act_P:   42.1 | Act_R:    0.3 | Act_Y:    0.1
[G02-W03] t=3.20s | Des_P:  45.0 | Des_R:   7.3 | Des_Y:   0.0 | Act_P:   39.7 | Act_R:   10.9 | Act_Y:   -0.5
[G02-W04] t=3.00s | Des_P:  45.0 | Des_R:   0.0 | Des_Y:   0.0 | Act_P:   39.7 | Act_R:    0.5 | Act_Y:   -0.2
[G02-W06] t=2.80s | Des_P:  45.0 | Des_R:   0.0 | Des_Y:   0.0 | Act_P:   39.3 | Act_R:    0.3 | Act_Y:   -0.2
[G02-W01] t=2.60s | Des_P:  45.0 | Des_R:   0.0 | Des_Y:   0.0 | Act_P:   41.1 | Act_R:   -0.1 | Act_Y:    0.0
[G02-W05] t=2.60s | Des_P:  45.0 | Des_R:   0.0 | Des_Y:   0.0 | Act_P:   40.3 | Act_R:    0.2 | Act_Y:   -0.0
[G02-W03] t=3.40s | Des_P:  45.0 | Des_R:  27.7 | Des_Y:   0.0 | Act_P:   41.8 | Act_R:   32.5 | Act_Y:   -1.0
[G02-W02] t=2.60s | Des_P:  45.0 | Des_R:   0.0 | Des_Y:   0.0 | Act_P:   41.1 | Act_R:   -0.0 | Act_Y:   -0.0
[G02-W04] t=3.20s | Des_P:  45.0 | Des_R:   7.3 | Des_Y:   0.0 | Act_P:   40.1 | Act_R:   10.7 | Act_Y:   -0.5
[G02-W06] t=3.00s | Des_P:  45.0 | Des_R:   0.0 | Des_Y:   0.0 | Act_P:   38.9 | Act_R:    0.4 | Act_Y:   -0.3
[G02-W01] t=2.80s | Des_P:  45.0 | Des_R:   0.0 | Des_Y:   0.0 | Act_P:   40.4 | Act_R:   -0.2 | Act_Y:   -0.2
[G02-W05] t=2.80s | Des_P:  45.0 | Des_R:   0.0 | Des_Y:   0.0 | Act_P:   39.6 | Act_R:    0.1 | Act_Y:   -0.2
[G02-W02] t=2.80s | Des_P:  45.0 | Des_R:   0.0 | Des_Y:   0.0 | Act_P:   40.4 | Act_R:   -0.0 | Act_Y:   -0.2
[G02-W04] t=3.40s | Des_P:  45.0 | Des_R:  27.7 | Des_Y:   0.0 | Act_P:   42.2 | Act_R:   32.0 | Act_Y:   -0.9
[G02-W03] t=3.60s | Des_P:  45.0 | Des_R:  35.0 | Des_Y:   0.0 | Act_P:   44.5 | Act_R:   38.9 | Act_Y:   -0.5
[G02-W06] t=3.20s | Des_P:  45.0 | Des_R:   7.3 | Des_Y:   0.0 | Act_P:   39.1 | Act_R:   10.8 | Act_Y:   -0.5
[G02-W01] t=3.00s | Des_P:  45.0 | Des_R:   0.0 | Des_Y:   0.0 | Act_P:   40.0 | Act_R:   -0.0 | Act_Y:   -0.3
[G02-W05] t=3.00s | Des_P:  45.0 | Des_R:   0.0 | Des_Y:   0.0 | Act_P:   39.2 | Act_R:    0.3 | Act_Y:   -0.3
[G02-W02] t=3.00s | Des_P:  45.0 | Des_R:   0.0 | Des_Y:   0.0 | Act_P:   40.1 | Act_R:    0.0 | Act_Y:   -0.3
[G02-W04] t=3.60s | Des_P:  45.0 | Des_R:  35.0 | Des_Y:   0.0 | Act_P:   44.8 | Act_R:   38.5 | Act_Y:   -0.4
[G02-W03] t=3.80s | Des_P:  45.0 | Des_R:  35.0 | Des_Y:   0.0 | Act_P:   46.4 | Act_R:   39.2 | Act_Y:   -0.1
[G02-W06] t=3.40s | Des_P:  45.0 | Des_R:  27.7 | Des_Y:   0.0 | Act_P:   40.4 | Act_R:   31.6 | Act_Y:   -1.1
[G02-W01] t=3.20s | Des_P:  45.0 | Des_R:   7.3 | Des_Y:   0.0 | Act_P:   40.3 | Act_R:    9.9 | Act_Y:   -0.5
[G02-W05] t=3.20s | Des_P:  45.0 | Des_R:   7.3 | Des_Y:   0.0 | Act_P:   39.2 | Act_R:   10.2 | Act_Y:   -0.5
[G02-W02] t=3.20s | Des_P:  45.0 | Des_R:   7.3 | Des_Y:   0.0 | Act_P:   40.3 | Act_R:    9.9 | Act_Y:   -0.5
[G02-W04] t=3.80s | Des_P:  45.0 | Des_R:  35.0 | Des_Y:   0.0 | Act_P:   46.6 | Act_R:   38.7 | Act_Y:   -0.1
[G02-W03] t=4.00s | Des_P:  45.0 | Des_R:  35.0 | Des_Y:   0.0 | Act_P:   47.4 | Act_R:   38.7 | Act_Y:    0.2
[G02-W06] t=3.60s | Des_P:  45.0 | Des_R:  35.0 | Des_Y:   0.0 | Act_P:   43.4 | Act_R:   38.7 | Act_Y:   -0.5
[G02-W01] t=3.40s | Des_P:  45.0 | Des_R:  27.7 | Des_Y:   0.0 | Act_P:   41.9 | Act_R:   31.1 | Act_Y:   -1.0
[G02-W05] t=3.40s | Des_P:  45.0 | Des_R:  27.7 | Des_Y:   0.0 | Act_P:   40.6 | Act_R:   30.9 | Act_Y:   -1.0
[G02-W02] t=3.40s | Des_P:  45.0 | Des_R:  27.7 | Des_Y:   0.0 | Act_P:   41.7 | Act_R:   31.1 | Act_Y:   -0.9
[G02-W04] t=4.00s | Des_P:  45.0 | Des_R:  35.0 | Des_Y:   0.0 | Act_P:   47.6 | Act_R:   38.2 | Act_Y:    0.2
[G02-W03] t=4.20s | Des_P:  45.0 | Des_R:  35.0 | Des_Y:   0.0 | Act_P:   47.9 | Act_R:   38.1 | Act_Y:    0.3
[G02-W01] t=3.60s | Des_P:  45.0 | Des_R:  35.0 | Des_Y:   0.0 | Act_P:   44.5 | Act_R:   37.8 | Act_Y:   -0.7
[G02-W05] t=3.60s | Des_P:  45.0 | Des_R:  35.0 | Des_Y:   0.0 | Act_P:   43.0 | Act_R:   37.9 | Act_Y:   -0.7
[G02-W04] t=4.20s | Des_P:  45.0 | Des_R:  35.0 | Des_Y:   0.0 | Act_P:   48.1 | Act_R:   37.4 | Act_Y:    0.3
[G02-W06] t=3.80s | Des_P:  45.0 | Des_R:  35.0 | Des_Y:   0.0 | Act_P:   45.4 | Act_R:   39.1 | Act_Y:   -0.2
[G02-W02] t=3.60s | Des_P:  45.0 | Des_R:  35.0 | Des_Y:   0.0 | Act_P:   44.2 | Act_R:   37.7 | Act_Y:   -0.6
[G02-W03] t=4.40s | Des_P:  45.0 | Des_R:  35.0 | Des_Y:   0.0 | Act_P:   48.0 | Act_R:   37.0 | Act_Y:    0.2
[G02-W01] t=3.80s | Des_P:  45.0 | Des_R:  35.0 | Des_Y:   0.0 | Act_P:   46.8 | Act_R:   38.5 | Act_Y:   -0.3
[G02-W04] t=4.40s | Des_P:  45.0 | Des_R:  35.0 | Des_Y:   0.0 | Act_P:   48.2 | Act_R:   36.5 | Act_Y:    0.2
[G02-W06] t=4.00s | Des_P:  45.0 | Des_R:  35.0 | Des_Y:   0.0 | Act_P:   46.6 | Act_R:   38.9 | Act_Y:    0.1
[G02-W05] t=3.80s | Des_P:  45.0 | Des_R:  35.0 | Des_Y:   0.0 | Act_P:   45.2 | Act_R:   38.7 | Act_Y:   -0.3
[G02-W02] t=3.80s | Des_P:  45.0 | Des_R:  35.0 | Des_Y:   0.0 | Act_P:   46.2 | Act_R:   38.3 | Act_Y:   -0.2
[G02-W01] t=4.00s | Des_P:  45.0 | Des_R:  35.0 | Des_Y:   0.0 | Act_P:   48.1 | Act_R:   38.2 | Act_Y:    0.0
[G02-W06] t=4.20s | Des_P:  45.0 | Des_R:  35.0 | Des_Y:   0.0 | Act_P:   47.2 | Act_R:   38.3 | Act_Y:    0.2
[G02-W02] t=4.00s | Des_P:  45.0 | Des_R:  35.0 | Des_Y:   0.0 | Act_P:   47.4 | Act_R:   38.0 | Act_Y:   -0.0
[G02-W03] t=4.60s | Des_P:  45.0 | Des_R:  35.0 | Des_Y:   0.0 | Act_P:   48.1 | Act_R:   36.3 | Act_Y:   -0.0
[G02-W05] t=4.00s | Des_P:  45.0 | Des_R:  35.0 | Des_Y:   0.0 | Act_P:   46.5 | Act_R:   38.6 | Act_Y:   -0.1
[G02-W01] t=4.20s | Des_P:  45.0 | Des_R:  35.0 | Des_Y:   0.0 | Act_P:   49.0 | Act_R:   37.5 | Act_Y:    0.3
[G02-W04] t=4.60s | Des_P:  45.0 | Des_R:  35.0 | Des_Y:   0.0 | Act_P:   48.2 | Act_R:   35.9 | Act_Y:    0.0
[G02-W06] t=4.40s | Des_P:  45.0 | Des_R:  35.0 | Des_Y:   0.0 | Act_P:   47.6 | Act_R:   37.6 | Act_Y:    0.2
[G02-W02] t=4.20s | Des_P:  45.0 | Des_R:  35.0 | Des_Y:   0.0 | Act_P:   48.3 | Act_R:   37.5 | Act_Y:    0.2
[G02-W05] t=4.20s | Des_P:  45.0 | Des_R:  35.0 | Des_Y:   0.0 | Act_P:   47.5 | Act_R:   38.1 | Act_Y:    0.2
[G02-W01] t=4.40s | Des_P:  45.0 | Des_R:  35.0 | Des_Y:   0.0 | Act_P:   49.3 | Act_R:   36.5 | Act_Y:    0.3
[G02-W03] t=4.80s | Des_P:  45.0 | Des_R:  35.0 | Des_Y:   0.0 | Act_P:   48.2 | Act_R:   36.2 | Act_Y:   -0.2
[G02-W02] t=4.40s | Des_P:  45.0 | Des_R:  35.0 | Des_Y:   0.0 | Act_P:   48.6 | Act_R:   36.6 | Act_Y:    0.3
[G02-W04] t=4.80s | Des_P:  45.0 | Des_R:  35.0 | Des_Y:   0.0 | Act_P:   48.2 | Act_R:   35.7 | Act_Y:   -0.2
[G02-W05] t=4.40s | Des_P:  45.0 | Des_R:  35.0 | Des_Y:   0.0 | Act_P:   48.0 | Act_R:   37.3 | Act_Y:    0.2
[G02-W06] t=4.60s | Des_P:  45.0 | Des_R:  35.0 | Des_Y:   0.0 | Act_P:   47.6 | Act_R:   36.8 | Act_Y:   -0.0
[G02-W01] t=4.60s | Des_P:  45.0 | Des_R:  35.0 | Des_Y:   0.0 | Act_P:   49.2 | Act_R:   35.6 | Act_Y:    0.1
[G02-W02] t=4.60s | Des_P:  45.0 | Des_R:  35.0 | Des_Y:   0.0 | Act_P:   48.5 | Act_R:   35.9 | Act_Y:    0.1
[G02-W03] t=5.00s | Des_P:  45.0 | Des_R:  35.0 | Des_Y:   0.0 | Act_P:   48.3 | Act_R:   36.4 | Act_Y:   -0.4
[G02-W05] t=4.60s | Des_P:  45.0 | Des_R:  35.0 | Des_Y:   0.0 | Act_P:   48.0 | Act_R:   36.6 | Act_Y:   -0.0
[G02-W04] t=5.00s | Des_P:  45.0 | Des_R:  35.0 | Des_Y:   0.0 | Act_P:   48.3 | Act_R:   36.0 | Act_Y:   -0.3
[G02-W01] t=4.80s | Des_P:  45.0 | Des_R:  35.0 | Des_Y:   0.0 | Act_P:   48.8 | Act_R:   35.1 | Act_Y:   -0.4
[G02-W06] t=4.80s | Des_P:  45.0 | Des_R:  35.0 | Des_Y:   0.0 | Act_P:   47.4 | Act_R:   36.3 | Act_Y:   -0.4
[G02-W03] t=5.20s | Des_P:  45.0 | Des_R:  35.0 | Des_Y:  10.5 | Act_P:   44.6 | Act_R:   30.5 | Act_Y:    8.6
[G02-W02] t=4.80s | Des_P:  45.0 | Des_R:  35.0 | Des_Y:   0.0 | Act_P:   48.3 | Act_R:   35.4 | Act_Y:   -0.3
[G02-W04] t=5.20s | Des_P:  45.0 | Des_R:  35.0 | Des_Y:  10.5 | Act_P:   44.8 | Act_R:   30.1 | Act_Y:    8.9
[G02-W05] t=4.80s | Des_P:  45.0 | Des_R:  35.0 | Des_Y:   0.0 | Act_P:   47.8 | Act_R:   36.1 | Act_Y:   -0.5
[G02-W03] t=5.40s | Des_P:  45.0 | Des_R:  35.0 | Des_Y:  39.5 | Act_P:   45.5 | Act_R:    8.2 | Act_Y:   10.1
[G02-W01] t=5.00s | Des_P:  45.0 | Des_R:  35.0 | Des_Y:   0.0 | Act_P:   49.0 | Act_R:   35.3 | Act_Y:   -0.5
[G02-W06] t=5.00s | Des_P:  45.0 | Des_R:  35.0 | Des_Y:   0.0 | Act_P:   47.6 | Act_R:   36.5 | Act_Y:   -0.6
[G02-W04] t=5.40s | Des_P:  45.0 | Des_R:  35.0 | Des_Y:  39.5 | Act_P:   45.6 | Act_R:    7.6 | Act_Y:   10.1
[G02-W03] t=5.60s | Des_P:  45.0 | Des_R:  35.0 | Des_Y:  50.0 | Act_P:   46.4 | Act_R:   -6.7 | Act_Y:   10.4
[G02-W02] t=5.00s | Des_P:  45.0 | Des_R:  35.0 | Des_Y:   0.0 | Act_P:   48.4 | Act_R:   35.7 | Act_Y:   -0.4
[G02-W04] t=5.60s | Des_P:  45.0 | Des_R:  35.0 | Des_Y:  50.0 | Act_P:   46.4 | Act_R:   -7.3 | Act_Y:   10.4
[G02-W05] t=5.00s | Des_P:  45.0 | Des_R:  35.0 | Des_Y:   0.0 | Act_P:   48.0 | Act_R:   36.1 | Act_Y:   -0.6
[G02-W06] t=5.20s | Des_P:  45.0 | Des_R:  35.0 | Des_Y:  10.5 | Act_P:   45.0 | Act_R:   28.5 | Act_Y:    8.9
[G02-W01] t=5.20s | Des_P:  45.0 | Des_R:  35.0 | Des_Y:  10.5 | Act_P:   46.5 | Act_R:   26.9 | Act_Y:    9.2
[G02-W03] t=5.80s | Des_P:  45.0 | Des_R:  35.0 | Des_Y:  50.0 | Act_P:   46.2 | Act_R:  -16.2 | Act_Y:   20.3
[G02-W04] t=5.80s | Des_P:  45.0 | Des_R:  35.0 | Des_Y:  50.0 | Act_P:   46.3 | Act_R:  -16.4 | Act_Y:   20.4
[G02-W06] t=5.40s | Des_P:  45.0 | Des_R:  35.0 | Des_Y:  39.5 | Act_P:   45.8 | Act_R:    4.3 | Act_Y:   10.1
[G02-W01] t=5.40s | Des_P:  45.0 | Des_R:  35.0 | Des_Y:  39.5 | Act_P:   46.7 | Act_R:    4.0 | Act_Y:   10.1
[G02-W02] t=5.20s | Des_P:  45.0 | Des_R:  35.0 | Des_Y:  10.5 | Act_P:   46.1 | Act_R:   26.2 | Act_Y:    9.1
[G02-W03] t=6.00s | Des_P:  45.0 | Des_R:  35.0 | Des_Y:  50.0 | Act_P:   47.6 | Act_R:  -26.1 | Act_Y:   36.7
[G02-W03] Kp=623.4, Gton=8.760 | Err=0.6726
0.6726157437449973
[Fixation Controller] Initialized 3-DOF Virtual Work tracking for Eyes.
Eval CRASHED: G02-W03 | Kp=623.44, Ki=109.87, Kd=49.08
[G02-W05] t=5.20s | Des_P:  45.0 | Des_R:  35.0 | Des_Y:  10.5 | Act_P:   45.9 | Act_R:   27.0 | Act_Y:    9.1
[G02-W06] t=5.60s | Des_P:  45.0 | Des_R:  35.0 | Des_Y:  50.0 | Act_P:   46.1 | Act_R:  -10.3 | Act_Y:   10.4
[G02-W01] t=5.60s | Des_P:  45.0 | Des_R:  35.0 | Des_Y:  50.0 | Act_P:   46.8 | Act_R:   -9.9 | Act_Y:   10.4
[G02-W04] t=6.00s | Des_P:  45.0 | Des_R:  35.0 | Des_Y:  50.0 | Act_P:   47.2 | Act_R:  -24.4 | Act_Y:   36.6
[G02-W04] Kp=669.0, Gton=8.760 | Err=0.6695
0.6694862617913674
[G02-W02] t=5.40s | Des_P:  45.0 | Des_R:  35.0 | Des_Y:  39.5 | Act_P:   46.4 | Act_R:    2.2 | Act_Y:   10.2
[Fixation Controller] Initialized 3-DOF Virtual Work tracking for Eyes.
Eval CRASHED: G02-W04 | Kp=669.02, Ki=181.23, Kd=60.18
[G02-W05] t=5.40s | Des_P:  45.0 | Des_R:  35.0 | Des_Y:  39.5 | Act_P:   46.3 | Act_R:    2.7 | Act_Y:   10.2
[G02-W02] t=5.60s | Des_P:  45.0 | Des_R:  35.0 | Des_Y:  50.0 | Act_P:   46.6 | Act_R:  -11.6 | Act_Y:   10.4
[G02-W01] t=5.80s | Des_P:  45.0 | Des_R:  35.0 | Des_Y:  50.0 | Act_P:   46.9 | Act_R:  -18.7 | Act_Y:   20.2
[G02-W06] t=5.80s | Des_P:  45.0 | Des_R:  35.0 | Des_Y:  50.0 | Act_P:   46.4 | Act_R:  -20.4 | Act_Y:   20.3
[G02-W05] t=5.60s | Des_P:  45.0 | Des_R:  35.0 | Des_Y:  50.0 | Act_P:   46.9 | Act_R:  -12.0 | Act_Y:   10.4
[G02-W01] t=6.00s | Des_P:  45.0 | Des_R:  35.0 | Des_Y:  50.0 | Act_P:   47.3 | Act_R:  -28.9 | Act_Y:   36.8
[G02-W01] Kp=627.0, Gton=8.760 | Err=0.7376
0.7375802387359484
[Fixation Controller] Initialized 3-DOF Virtual Work tracking for Eyes.
Eval CRASHED: G02-W01 | Kp=627.00, Ki=240.95, Kd=116.40
[G02-W06] t=6.00s | Des_P:  45.0 | Des_R:  35.0 | Des_Y:  50.0 | Act_P:   47.2 | Act_R:  -29.8 | Act_Y:   36.7
[G02-W06] Kp=662.0, Gton=8.760 | Err=0.7658
0.7657609456099531
[Fixation Controller] Initialized 3-DOF Virtual Work tracking for Eyes.
Eval CRASHED: G02-W06 | Kp=662.02, Ki=74.77, Kd=87.05
[G02-W02] t=5.80s | Des_P:  45.0 | Des_R:  35.0 | Des_Y:  50.0 | Act_P:   46.7 | Act_R:  -20.2 | Act_Y:   20.2
[G02-W05] t=5.80s | Des_P:  45.0 | Des_R:  35.0 | Des_Y:  50.0 | Act_P:   46.6 | Act_R:  -26.0 | Act_Y:   20.4
[G02-W02] t=6.00s | Des_P:  45.0 | Des_R:  35.0 | Des_Y:  50.0 | Act_P:   47.3 | Act_R:  -28.7 | Act_Y:   36.9
[G02-W02] Kp=700.3, Gton=8.760 | Err=0.7701
0.7700565367526386
[Fixation Controller] Initialized 3-DOF Virtual Work tracking for Eyes.
Eval CRASHED: G02-W02 | Kp=700.35, Ki=190.97, Kd=123.49
[G02-W05] t=6.00s | Des_P:  45.0 | Des_R:  35.0 | Des_Y:  50.0 | Act_P:   47.0 | Act_R:  -30.7 | Act_Y:   36.5
[G02-W05] Kp=667.0, Gton=8.760 | Err=0.8248
0.8247932437148274
[Fixation Controller] Initialized 3-DOF Virtual Work tracking for Eyes.
Eval CRASHED: G02-W05 | Kp=667.05, Ki=98.96, Kd=125.83
    2     12 1.782394372516762e+06 1.3e+00 5.63e+01  5e+01  6e+01 29:50.5  
Gen 2: Best Error = 1782394.37 | Kp=623.44, Ki=109.87, Kd=49.08

--- Generation 3 ---
Found simbody-visualizer, setting SIMBODY_HOME env var to  C:\Users\User\miniforge3\envs\opensim_env\Lib\opensim
Found simbody-visualizer, setting SIMBODY_HOME env var to  C:\Users\User\miniforge3\envs\opensim_env\Lib\opensimFound simbody-visualizer, setting SIMBODY_HOME env var to  C:\Users\User\miniforge3\envs\opensim_env\Lib\opensim
Found simbody-visualizer, setting SIMBODY_HOME env var to  C:\Users\User\miniforge3\envs\opensim_env\Lib\opensim

Found simbody-visualizer, setting SIMBODY_HOME env var to  C:\Users\User\miniforge3\envs\opensim_env\Lib\opensim
Found simbody-visualizer, setting SIMBODY_HOME env var to  C:\Users\User\miniforge3\envs\opensim_env\Lib\opensim
[G03-W04] t=0.20s | Des_P:   0.0 | Des_R:   0.0 | Des_Y:   0.0 | Act_P:   -2.0 | Act_R:    0.3 | Act_Y:   -0.7
[G03-W05] t=0.20s | Des_P:   0.0 | Des_R:   0.0 | Des_Y:   0.0 | Act_P:   -1.7 | Act_R:    0.7 | Act_Y:   -0.4
[G03-W01] t=0.20s | Des_P:   0.0 | Des_R:   0.0 | Des_Y:   0.0 | Act_P:   -1.9 | Act_R:    0.5 | Act_Y:   -0.6
[G03-W02] t=0.20s | Des_P:   0.0 | Des_R:   0.0 | Des_Y:   0.0 | Act_P:   -7.1 | Act_R:   -1.5 | Act_Y:   -3.0
[G03-W03] t=0.20s | Des_P:   0.0 | Des_R:   0.0 | Des_Y:   0.0 | Act_P:   -0.3 | Act_R:    1.5 | Act_Y:    1.1
[G03-W06] t=0.20s | Des_P:   0.0 | Des_R:   0.0 | Des_Y:   0.0 | Act_P:   -0.2 | Act_R:    1.6 | Act_Y:    1.2
[G03-W02] t=0.40s | Des_P:   0.0 | Des_R:   0.0 | Des_Y:   0.0 | Act_P:    5.1 | Act_R:    3.7 | Act_Y:    2.8
[G03-W05] t=0.40s | Des_P:   0.0 | Des_R:   0.0 | Des_Y:   0.0 | Act_P:   -1.9 | Act_R:    0.3 | Act_Y:   -0.5
[G03-W04] t=0.40s | Des_P:   0.0 | Des_R:   0.0 | Des_Y:   0.0 | Act_P:   -1.9 | Act_R:    0.1 | Act_Y:   -0.5
[G03-W01] t=0.40s | Des_P:   0.0 | Des_R:   0.0 | Des_Y:   0.0 | Act_P:   -2.0 | Act_R:    0.1 | Act_Y:   -0.6
[G03-W02] t=0.60s | Des_P:   0.0 | Des_R:   0.0 | Des_Y:   0.0 | Act_P:   -3.6 | Act_R:   -1.6 | Act_Y:   -0.1
[G03-W03] t=0.40s | Des_P:   0.0 | Des_R:   0.0 | Des_Y:   0.0 | Act_P:   -1.5 | Act_R:    1.3 | Act_Y:    0.4
[G03-W06] t=0.40s | Des_P:   0.0 | Des_R:   0.0 | Des_Y:   0.0 | Act_P:   -1.4 | Act_R:    1.3 | Act_Y:    0.5
[G03-W05] t=0.60s | Des_P:   0.0 | Des_R:   0.0 | Des_Y:   0.0 | Act_P:   -2.0 | Act_R:    0.5 | Act_Y:   -0.2
[G03-W01] t=0.60s | Des_P:   0.0 | Des_R:   0.0 | Des_Y:   0.0 | Act_P:   -2.0 | Act_R:    0.4 | Act_Y:   -0.2
[G03-W04] t=0.60s | Des_P:   0.0 | Des_R:   0.0 | Des_Y:   0.0 | Act_P:   -2.0 | Act_R:    0.4 | Act_Y:   -0.2
[G03-W02] t=0.80s | Des_P:   0.0 | Des_R:   0.0 | Des_Y:   0.0 | Act_P:   -7.7 | Act_R:   -0.2 | Act_Y:   -1.9
[G03-W03] t=0.60s | Des_P:   0.0 | Des_R:   0.0 | Des_Y:   0.0 | Act_P:   -2.5 | Act_R:    0.9 | Act_Y:    0.1
[G03-W06] t=0.60s | Des_P:   0.0 | Des_R:   0.0 | Des_Y:   0.0 | Act_P:   -2.6 | Act_R:    1.2 | Act_Y:    0.2
[G03-W05] t=0.80s | Des_P:   0.0 | Des_R:   0.0 | Des_Y:   0.0 | Act_P:   -2.4 | Act_R:    0.3 | Act_Y:   -0.3
[G03-W02] t=1.00s | Des_P:   0.0 | Des_R:   0.0 | Des_Y:   0.0 | Act_P:   -0.6 | Act_R:    1.6 | Act_Y:    0.7
[G03-W04] t=0.80s | Des_P:   0.0 | Des_R:   0.0 | Des_Y:   0.0 | Act_P:   -2.0 | Act_R:    0.2 | Act_Y:   -0.3
[G03-W01] t=0.80s | Des_P:   0.0 | Des_R:   0.0 | Des_Y:   0.0 | Act_P:   -2.1 | Act_R:    0.2 | Act_Y:   -0.3
[G03-W02] t=1.20s | Des_P:   9.4 | Des_R:   0.0 | Des_Y:   0.0 | Act_P:    9.3 | Act_R:   -2.8 | Act_Y:   -1.2
[G03-W04] t=1.00s | Des_P:   0.0 | Des_R:   0.0 | Des_Y:   0.0 | Act_P:   -1.4 | Act_R:   -0.1 | Act_Y:   -0.4
[G03-W05] t=1.00s | Des_P:   0.0 | Des_R:   0.0 | Des_Y:   0.0 | Act_P:   -1.8 | Act_R:    0.1 | Act_Y:   -0.5
[G03-W01] t=1.00s | Des_P:   0.0 | Des_R:   0.0 | Des_Y:   0.0 | Act_P:   -1.4 | Act_R:   -0.0 | Act_Y:   -0.5
[G03-W03] t=0.80s | Des_P:   0.0 | Des_R:   0.0 | Des_Y:   0.0 | Act_P:   -3.4 | Act_R:    0.7 | Act_Y:   -0.2
[G03-W06] t=0.80s | Des_P:   0.0 | Des_R:   0.0 | Des_Y:   0.0 | Act_P:   -3.6 | Act_R:    0.9 | Act_Y:   -0.1
[G03-W02] t=1.40s | Des_P:  35.6 | Des_R:   0.0 | Des_Y:   0.0 | Act_P:   34.2 | Act_R:   -0.5 | Act_Y:   -2.9
[G03-W04] t=1.20s | Des_P:   9.4 | Des_R:   0.0 | Des_Y:   0.0 | Act_P:   11.8 | Act_R:   -0.9 | Act_Y:   -1.0
[G03-W01] t=1.20s | Des_P:   9.4 | Des_R:   0.0 | Des_Y:   0.0 | Act_P:   11.7 | Act_R:   -1.1 | Act_Y:   -1.0
[G03-W05] t=1.20s | Des_P:   9.4 | Des_R:   0.0 | Des_Y:   0.0 | Act_P:   11.4 | Act_R:   -1.1 | Act_Y:   -1.0
[G03-W02] t=1.60s | Des_P:  45.0 | Des_R:   0.0 | Des_Y:   0.0 | Act_P:   48.7 | Act_R:    2.9 | Act_Y:    1.9
[G03-W03] t=1.00s | Des_P:   0.0 | Des_R:   0.0 | Des_Y:   0.0 | Act_P:   -3.7 | Act_R:    0.6 | Act_Y:   -0.4
[G03-W06] t=1.00s | Des_P:   0.0 | Des_R:   0.0 | Des_Y:   0.0 | Act_P:   -4.0 | Act_R:    0.6 | Act_Y:   -0.4
[G03-W02] t=1.80s | Des_P:  45.0 | Des_R:   0.0 | Des_Y:   0.0 | Act_P:   43.2 | Act_R:    0.1 | Act_Y:   -0.4
[G03-W04] t=1.40s | Des_P:  35.6 | Des_R:   0.0 | Des_Y:   0.0 | Act_P:   37.7 | Act_R:   -0.6 | Act_Y:   -0.4
[G03-W05] t=1.40s | Des_P:  35.6 | Des_R:   0.0 | Des_Y:   0.0 | Act_P:   37.4 | Act_R:   -0.6 | Act_Y:   -0.7
[G03-W01] t=1.40s | Des_P:  35.6 | Des_R:   0.0 | Des_Y:   0.0 | Act_P:   37.7 | Act_R:   -0.6 | Act_Y:   -0.5
[G03-W02] t=2.00s | Des_P:  45.0 | Des_R:   0.0 | Des_Y:   0.0 | Act_P:   42.8 | Act_R:    1.0 | Act_Y:   -0.2
[G03-W03] t=1.20s | Des_P:   9.4 | Des_R:   0.0 | Des_Y:   0.0 | Act_P:    8.0 | Act_R:   -0.3 | Act_Y:   -1.2
[G03-W04] t=1.60s | Des_P:  45.0 | Des_R:   0.0 | Des_Y:   0.0 | Act_P:   44.2 | Act_R:    1.0 | Act_Y:    0.1
[G03-W06] t=1.20s | Des_P:   9.4 | Des_R:   0.0 | Des_Y:   0.0 | Act_P:    7.7 | Act_R:   -0.4 | Act_Y:   -1.1
[G03-W05] t=1.60s | Des_P:  45.0 | Des_R:   0.0 | Des_Y:   0.0 | Act_P:   43.8 | Act_R:    1.0 | Act_Y:   -0.0
[G03-W01] t=1.60s | Des_P:  45.0 | Des_R:   0.0 | Des_Y:   0.0 | Act_P:   44.1 | Act_R:    1.0 | Act_Y:    0.0
[G03-W02] t=2.20s | Des_P:  45.0 | Des_R:   0.0 | Des_Y:   0.0 | Act_P:   46.2 | Act_R:    2.4 | Act_Y:    2.5
[G03-W05] t=1.80s | Des_P:  45.0 | Des_R:   0.0 | Des_Y:   0.0 | Act_P:   44.1 | Act_R:    1.0 | Act_Y:   -0.1
[G03-W04] t=1.80s | Des_P:  45.0 | Des_R:   0.0 | Des_Y:   0.0 | Act_P:   44.6 | Act_R:    0.8 | Act_Y:   -0.0
[G03-W02] t=2.40s | Des_P:  45.0 | Des_R:   0.0 | Des_Y:   0.0 | Act_P:   38.4 | Act_R:   -4.9 | Act_Y:   -1.8
[G03-W01] t=1.80s | Des_P:  45.0 | Des_R:   0.0 | Des_Y:   0.0 | Act_P:   44.5 | Act_R:    0.9 | Act_Y:   -0.0
[G03-W03] t=1.40s | Des_P:  35.6 | Des_R:   0.0 | Des_Y:   0.0 | Act_P:   34.5 | Act_R:   -0.4 | Act_Y:   -1.0
[G03-W06] t=1.40s | Des_P:  35.6 | Des_R:   0.0 | Des_Y:   0.0 | Act_P:   34.1 | Act_R:   -0.3 | Act_Y:   -1.0
[G03-W02] t=2.60s | Des_P:  45.0 | Des_R:   0.0 | Des_Y:   0.0 | Act_P:   40.8 | Act_R:    2.2 | Act_Y:    0.3
[G03-W04] t=2.00s | Des_P:  45.0 | Des_R:   0.0 | Des_Y:   0.0 | Act_P:   44.3 | Act_R:    0.6 | Act_Y:    0.1
[G03-W05] t=2.00s | Des_P:  45.0 | Des_R:   0.0 | Des_Y:   0.0 | Act_P:   43.8 | Act_R:    1.0 | Act_Y:    0.0
[G03-W01] t=2.00s | Des_P:  45.0 | Des_R:   0.0 | Des_Y:   0.0 | Act_P:   44.3 | Act_R:    0.6 | Act_Y:    0.1
[G03-W03] t=1.60s | Des_P:  45.0 | Des_R:   0.0 | Des_Y:   0.0 | Act_P:   42.6 | Act_R:    0.9 | Act_Y:   -0.2
[G03-W02] t=2.80s | Des_P:  45.0 | Des_R:   0.0 | Des_Y:   0.0 | Act_P:   44.0 | Act_R:    0.7 | Act_Y:    1.8
[G03-W06] t=1.60s | Des_P:  45.0 | Des_R:   0.0 | Des_Y:   0.0 | Act_P:   42.1 | Act_R:    0.9 | Act_Y:   -0.3
[G03-W04] t=2.20s | Des_P:  45.0 | Des_R:   0.0 | Des_Y:   0.0 | Act_P:   42.9 | Act_R:    0.5 | Act_Y:    0.1
[G03-W05] t=2.20s | Des_P:  45.0 | Des_R:   0.0 | Des_Y:   0.0 | Act_P:   42.3 | Act_R:    0.8 | Act_Y:    0.1
[G03-W01] t=2.20s | Des_P:  45.0 | Des_R:   0.0 | Des_Y:   0.0 | Act_P:   42.8 | Act_R:    0.4 | Act_Y:    0.1
[G03-W02] t=3.00s | Des_P:  45.0 | Des_R:   0.0 | Des_Y:   0.0 | Act_P:   36.1 | Act_R:   -4.7 | Act_Y:   -3.4
[G03-W03] t=1.80s | Des_P:  45.0 | Des_R:   0.0 | Des_Y:   0.0 | Act_P:   42.3 | Act_R:    1.3 | Act_Y:   -0.1
[G03-W06] t=1.80s | Des_P:  45.0 | Des_R:   0.0 | Des_Y:   0.0 | Act_P:   41.8 | Act_R:    1.4 | Act_Y:   -0.1
[G03-W04] t=2.40s | Des_P:  45.0 | Des_R:   0.0 | Des_Y:   0.0 | Act_P:   41.4 | Act_R:    0.3 | Act_Y:    0.0
[G03-W02] t=3.20s | Des_P:  45.0 | Des_R:   7.3 | Des_Y:   0.0 | Act_P:   40.6 | Act_R:   14.3 | Act_Y:    0.7
[G03-W05] t=2.40s | Des_P:  45.0 | Des_R:   0.0 | Des_Y:   0.0 | Act_P:   40.5 | Act_R:    0.6 | Act_Y:    0.0
[G03-W01] t=2.40s | Des_P:  45.0 | Des_R:   0.0 | Des_Y:   0.0 | Act_P:   41.3 | Act_R:    0.3 | Act_Y:    0.0
[G03-W03] t=2.00s | Des_P:  45.0 | Des_R:   0.0 | Des_Y:   0.0 | Act_P:   42.6 | Act_R:    1.2 | Act_Y:    0.1
[G03-W06] t=2.00s | Des_P:  45.0 | Des_R:   0.0 | Des_Y:   0.0 | Act_P:   42.0 | Act_R:    1.3 | Act_Y:    0.0
[G03-W04] t=2.60s | Des_P:  45.0 | Des_R:   0.0 | Des_Y:   0.0 | Act_P:   40.2 | Act_R:    0.1 | Act_Y:   -0.1
[G03-W05] t=2.60s | Des_P:  45.0 | Des_R:   0.0 | Des_Y:   0.0 | Act_P:   39.1 | Act_R:    0.3 | Act_Y:   -0.1
[G03-W01] t=2.60s | Des_P:  45.0 | Des_R:   0.0 | Des_Y:   0.0 | Act_P:   40.0 | Act_R:    0.1 | Act_Y:   -0.1
[G03-W02] t=3.40s | Des_P:  45.0 | Des_R:  27.7 | Des_Y:   0.0 | Act_P:   41.9 | Act_R:   30.7 | Act_Y:   -1.6
[G03-W03] t=2.20s | Des_P:  45.0 | Des_R:   0.0 | Des_Y:   0.0 | Act_P:   42.1 | Act_R:    1.0 | Act_Y:    0.1
[G03-W04] t=2.80s | Des_P:  45.0 | Des_R:   0.0 | Des_Y:   0.0 | Act_P:   39.6 | Act_R:    0.1 | Act_Y:   -0.2
[G03-W05] t=2.80s | Des_P:  45.0 | Des_R:   0.0 | Des_Y:   0.0 | Act_P:   38.2 | Act_R:    0.4 | Act_Y:   -0.3
[G03-W01] t=2.80s | Des_P:  45.0 | Des_R:   0.0 | Des_Y:   0.0 | Act_P:   39.3 | Act_R:    0.2 | Act_Y:   -0.2
[G03-W06] t=2.20s | Des_P:  45.0 | Des_R:   0.0 | Des_Y:   0.0 | Act_P:   41.6 | Act_R:    1.1 | Act_Y:    0.1
[G03-W02] t=3.60s | Des_P:  45.0 | Des_R:  35.0 | Des_Y:   0.0 | Act_P:   45.6 | Act_R:   40.7 | Act_Y:   -0.4
[G03-W04] t=3.00s | Des_P:  45.0 | Des_R:   0.0 | Des_Y:   0.0 | Act_P:   39.4 | Act_R:    0.5 | Act_Y:   -0.3
[G03-W05] t=3.00s | Des_P:  45.0 | Des_R:   0.0 | Des_Y:   0.0 | Act_P:   37.9 | Act_R:    0.7 | Act_Y:   -0.4
[G03-W01] t=3.00s | Des_P:  45.0 | Des_R:   0.0 | Des_Y:   0.0 | Act_P:   39.2 | Act_R:    0.5 | Act_Y:   -0.3
[G03-W03] t=2.40s | Des_P:  45.0 | Des_R:   0.0 | Des_Y:   0.0 | Act_P:   41.2 | Act_R:    0.7 | Act_Y:    0.1
[G03-W06] t=2.40s | Des_P:  45.0 | Des_R:   0.0 | Des_Y:   0.0 | Act_P:   40.8 | Act_R:    0.8 | Act_Y:    0.1
[G03-W02] t=3.80s | Des_P:  45.0 | Des_R:  35.0 | Des_Y:   0.0 | Act_P:   47.1 | Act_R:   39.7 | Act_Y:    0.9
[G03-W04] t=3.20s | Des_P:  45.0 | Des_R:   7.3 | Des_Y:   0.0 | Act_P:   40.0 | Act_R:   10.9 | Act_Y:   -0.5
[G03-W01] t=3.20s | Des_P:  45.0 | Des_R:   7.3 | Des_Y:   0.0 | Act_P:   39.6 | Act_R:   10.8 | Act_Y:   -0.5
[G03-W05] t=3.20s | Des_P:  45.0 | Des_R:   7.3 | Des_Y:   0.0 | Act_P:   38.3 | Act_R:   11.1 | Act_Y:   -0.6
[G03-W03] t=2.60s | Des_P:  45.0 | Des_R:   0.0 | Des_Y:   0.0 | Act_P:   40.2 | Act_R:    0.3 | Act_Y:   -0.0
[G03-W02] t=4.00s | Des_P:  45.0 | Des_R:  35.0 | Des_Y:   0.0 | Act_P:   46.6 | Act_R:   37.8 | Act_Y:   -1.0
[G03-W06] t=2.60s | Des_P:  45.0 | Des_R:   0.0 | Des_Y:   0.0 | Act_P:   39.9 | Act_R:    0.4 | Act_Y:    0.0
[G03-W04] t=3.40s | Des_P:  45.0 | Des_R:  27.7 | Des_Y:   0.0 | Act_P:   42.2 | Act_R:   32.2 | Act_Y:   -0.9
[G03-W01] t=3.40s | Des_P:  45.0 | Des_R:  27.7 | Des_Y:   0.0 | Act_P:   41.9 | Act_R:   32.4 | Act_Y:   -0.9
[G03-W05] t=3.40s | Des_P:  45.0 | Des_R:  27.7 | Des_Y:   0.0 | Act_P:   40.6 | Act_R:   32.8 | Act_Y:   -1.0
[G03-W02] t=4.20s | Des_P:  45.0 | Des_R:  35.0 | Des_Y:   0.0 | Act_P:   49.0 | Act_R:   39.3 | Act_Y:    1.7
[G03-W03] t=2.80s | Des_P:  45.0 | Des_R:   0.0 | Des_Y:   0.0 | Act_P:   39.5 | Act_R:    0.2 | Act_Y:   -0.1
[G03-W06] t=2.80s | Des_P:  45.0 | Des_R:   0.0 | Des_Y:   0.0 | Act_P:   39.1 | Act_R:    0.3 | Act_Y:   -0.1
[G03-W04] t=3.60s | Des_P:  45.0 | Des_R:  35.0 | Des_Y:   0.0 | Act_P:   44.6 | Act_R:   38.6 | Act_Y:   -0.5
[G03-W02] t=4.40s | Des_P:  45.0 | Des_R:  35.0 | Des_Y:   0.0 | Act_P:   47.0 | Act_R:   35.5 | Act_Y:   -0.8
[G03-W05] t=3.60s | Des_P:  45.0 | Des_R:  35.0 | Des_Y:   0.0 | Act_P:   43.5 | Act_R:   39.5 | Act_Y:   -0.6
[G03-W01] t=3.60s | Des_P:  45.0 | Des_R:  35.0 | Des_Y:   0.0 | Act_P:   44.7 | Act_R:   38.8 | Act_Y:   -0.5
[G03-W03] t=3.00s | Des_P:  45.0 | Des_R:   0.0 | Des_Y:   0.0 | Act_P:   39.0 | Act_R:    0.3 | Act_Y:   -0.3
[G03-W06] t=3.00s | Des_P:  45.0 | Des_R:   0.0 | Des_Y:   0.0 | Act_P:   38.6 | Act_R:    0.3 | Act_Y:   -0.3
[G03-W02] t=4.60s | Des_P:  45.0 | Des_R:  35.0 | Des_Y:   0.0 | Act_P:   48.3 | Act_R:   37.4 | Act_Y:    0.2
[G03-W04] t=3.80s | Des_P:  45.0 | Des_R:  35.0 | Des_Y:   0.0 | Act_P:   46.5 | Act_R:   38.8 | Act_Y:   -0.1
[G03-W03] t=3.20s | Des_P:  45.0 | Des_R:   7.3 | Des_Y:   0.0 | Act_P:   39.1 | Act_R:   10.0 | Act_Y:   -0.5
[G03-W01] t=3.80s | Des_P:  45.0 | Des_R:  35.0 | Des_Y:   0.0 | Act_P:   46.6 | Act_R:   39.0 | Act_Y:   -0.2
[G03-W06] t=3.20s | Des_P:  45.0 | Des_R:   7.3 | Des_Y:   0.0 | Act_P:   38.6 | Act_R:   10.1 | Act_Y:   -0.5
[G03-W05] t=3.80s | Des_P:  45.0 | Des_R:  35.0 | Des_Y:   0.0 | Act_P:   45.6 | Act_R:   39.9 | Act_Y:   -0.3
[G03-W02] t=4.80s | Des_P:  45.0 | Des_R:  35.0 | Des_Y:   0.0 | Act_P:   48.0 | Act_R:   36.2 | Act_Y:   -0.2
[G03-W04] t=4.00s | Des_P:  45.0 | Des_R:  35.0 | Des_Y:   0.0 | Act_P:   47.5 | Act_R:   38.4 | Act_Y:    0.2
[G03-W03] t=3.40s | Des_P:  45.0 | Des_R:  27.7 | Des_Y:   0.0 | Act_P:   40.2 | Act_R:   30.8 | Act_Y:   -1.0
[G03-W01] t=4.00s | Des_P:  45.0 | Des_R:  35.0 | Des_Y:   0.0 | Act_P:   47.6 | Act_R:   38.5 | Act_Y:    0.2
[G03-W06] t=3.40s | Des_P:  45.0 | Des_R:  27.7 | Des_Y:   0.0 | Act_P:   39.7 | Act_R:   31.2 | Act_Y:   -0.9
[G03-W02] t=5.00s | Des_P:  45.0 | Des_R:  35.0 | Des_Y:   0.0 | Act_P:   48.0 | Act_R:   36.9 | Act_Y:   -1.0
[G03-W04] t=4.20s | Des_P:  45.0 | Des_R:  35.0 | Des_Y:   0.0 | Act_P:   47.9 | Act_R:   37.7 | Act_Y:    0.3
[G03-W05] t=4.00s | Des_P:  45.0 | Des_R:  35.0 | Des_Y:   0.0 | Act_P:   46.8 | Act_R:   39.4 | Act_Y:    0.0
[G03-W01] t=4.20s | Des_P:  45.0 | Des_R:  35.0 | Des_Y:   0.0 | Act_P:   48.2 | Act_R:   37.8 | Act_Y:    0.3
[G03-W03] t=3.60s | Des_P:  45.0 | Des_R:  35.0 | Des_Y:   0.0 | Act_P:   42.7 | Act_R:   37.9 | Act_Y:   -0.6
[G03-W06] t=3.60s | Des_P:  45.0 | Des_R:  35.0 | Des_Y:   0.0 | Act_P:   42.1 | Act_R:   38.1 | Act_Y:   -0.8
[G03-W02] t=5.20s | Des_P:  45.0 | Des_R:  35.0 | Des_Y:  10.5 | Act_P:   44.0 | Act_R:   31.6 | Act_Y:    8.0
[G03-W05] t=4.20s | Des_P:  45.0 | Des_R:  35.0 | Des_Y:   0.0 | Act_P:   47.5 | Act_R:   38.9 | Act_Y:    0.3
[G03-W04] t=4.40s | Des_P:  45.0 | Des_R:  35.0 | Des_Y:   0.0 | Act_P:   48.0 | Act_R:   36.7 | Act_Y:    0.2
[G03-W01] t=4.40s | Des_P:  45.0 | Des_R:  35.0 | Des_Y:   0.0 | Act_P:   48.3 | Act_R:   36.7 | Act_Y:    0.2
[G03-W02] t=5.40s | Des_P:  45.0 | Des_R:  35.0 | Des_Y:  39.5 | Act_P:   45.5 | Act_R:   11.0 | Act_Y:    9.9
[G03-W03] t=3.80s | Des_P:  45.0 | Des_R:  35.0 | Des_Y:   0.0 | Act_P:   44.8 | Act_R:   38.8 | Act_Y:   -0.4
[G03-W06] t=3.80s | Des_P:  45.0 | Des_R:  35.0 | Des_Y:   0.0 | Act_P:   44.4 | Act_R:   39.0 | Act_Y:   -0.4
[G03-W05] t=4.40s | Des_P:  45.0 | Des_R:  35.0 | Des_Y:   0.0 | Act_P:   47.7 | Act_R:   37.8 | Act_Y:    0.1
[G03-W02] t=5.60s | Des_P:  45.0 | Des_R:  35.0 | Des_Y:  50.0 | Act_P:   47.1 | Act_R:   -4.3 | Act_Y:   10.3
[G03-W02] t=5.80s | Des_P:  45.0 | Des_R:  35.0 | Des_Y:  50.0 | Act_P:   48.4 | Act_R:  -10.2 | Act_Y:   20.1
[G03-W04] t=4.60s | Des_P:  45.0 | Des_R:  35.0 | Des_Y:   0.0 | Act_P:   48.1 | Act_R:   36.1 | Act_Y:    0.0
[G03-W06] t=4.00s | Des_P:  45.0 | Des_R:  35.0 | Des_Y:   0.0 | Act_P:   45.9 | Act_R:   38.9 | Act_Y:   -0.3
[G03-W01] t=4.60s | Des_P:  45.0 | Des_R:  35.0 | Des_Y:   0.0 | Act_P:   48.4 | Act_R:   36.0 | Act_Y:    0.0[G03-W03] t=4.00s | Des_P:  45.0 | Des_R:  35.0 | Des_Y:   0.0 | Act_P:   46.1 | Act_R:   38.6 | Act_Y:   -0.2

[G03-W05] t=4.60s | Des_P:  45.0 | Des_R:  35.0 | Des_Y:   0.0 | Act_P:   47.9 | Act_R:   37.1 | Act_Y:   -0.1
[G03-W02] t=6.00s | Des_P:  45.0 | Des_R:  35.0 | Des_Y:  50.0 | Act_P:   47.6 | Act_R:  -20.8 | Act_Y:   36.3
[G03-W02] Kp=581.0, Gton=8.760 | Err=0.6285
0.6285159594016945
[Fixation Controller] Initialized 3-DOF Virtual Work tracking for Eyes.
Eval CRASHED: G03-W02 | Kp=581.00, Ki=63.86, Kd=9.76
[G03-W03] t=4.20s | Des_P:  45.0 | Des_R:  35.0 | Des_Y:   0.0 | Act_P:   47.2 | Act_R:   38.2 | Act_Y:    0.0
[G03-W06] t=4.20s | Des_P:  45.0 | Des_R:  35.0 | Des_Y:   0.0 | Act_P:   47.2 | Act_R:   38.6 | Act_Y:    0.0
[G03-W01] t=4.80s | Des_P:  45.0 | Des_R:  35.0 | Des_Y:   0.0 | Act_P:   48.4 | Act_R:   35.9 | Act_Y:   -0.2
[G03-W04] t=4.80s | Des_P:  45.0 | Des_R:  35.0 | Des_Y:   0.0 | Act_P:   48.1 | Act_R:   36.0 | Act_Y:   -0.2
[G03-W05] t=4.80s | Des_P:  45.0 | Des_R:  35.0 | Des_Y:   0.0 | Act_P:   48.0 | Act_R:   36.9 | Act_Y:   -0.3
[G03-W03] t=4.40s | Des_P:  45.0 | Des_R:  35.0 | Des_Y:   0.0 | Act_P:   47.9 | Act_R:   37.4 | Act_Y:    0.2
[G03-W06] t=4.40s | Des_P:  45.0 | Des_R:  35.0 | Des_Y:   0.0 | Act_P:   48.0 | Act_R:   37.8 | Act_Y:    0.2
[G03-W01] t=5.00s | Des_P:  45.0 | Des_R:  35.0 | Des_Y:   0.0 | Act_P:   48.5 | Act_R:   36.2 | Act_Y:   -0.3
[G03-W04] t=5.00s | Des_P:  45.0 | Des_R:  35.0 | Des_Y:   0.0 | Act_P:   48.2 | Act_R:   36.2 | Act_Y:   -0.3
[G03-W05] t=5.00s | Des_P:  45.0 | Des_R:  35.0 | Des_Y:   0.0 | Act_P:   48.2 | Act_R:   37.1 | Act_Y:   -0.4
[G03-W03] t=4.60s | Des_P:  45.0 | Des_R:  35.0 | Des_Y:   0.0 | Act_P:   48.0 | Act_R:   36.7 | Act_Y:   -0.0
[G03-W06] t=4.60s | Des_P:  45.0 | Des_R:  35.0 | Des_Y:   0.0 | Act_P:   48.1 | Act_R:   37.0 | Act_Y:   -0.1
[G03-W01] t=5.20s | Des_P:  45.0 | Des_R:  35.0 | Des_Y:  10.5 | Act_P:   44.9 | Act_R:   30.2 | Act_Y:    8.8
[G03-W04] t=5.20s | Des_P:  45.0 | Des_R:  35.0 | Des_Y:  10.5 | Act_P:   44.7 | Act_R:   30.3 | Act_Y:    8.8
[G03-W01] t=5.40s | Des_P:  45.0 | Des_R:  35.0 | Des_Y:  39.5 | Act_P:   45.6 | Act_R:    7.8 | Act_Y:   10.1
[G03-W05] t=5.20s | Des_P:  45.0 | Des_R:  35.0 | Des_Y:  10.5 | Act_P:   44.8 | Act_R:   30.7 | Act_Y:    8.8
[G03-W03] t=4.80s | Des_P:  45.0 | Des_R:  35.0 | Des_Y:   0.0 | Act_P:   47.9 | Act_R:   36.2 | Act_Y:   -0.4
[G03-W06] t=4.80s | Des_P:  45.0 | Des_R:  35.0 | Des_Y:   0.0 | Act_P:   48.1 | Act_R:   36.4 | Act_Y:   -0.5
[G03-W04] t=5.40s | Des_P:  45.0 | Des_R:  35.0 | Des_Y:  39.5 | Act_P:   45.6 | Act_R:    7.7 | Act_Y:   10.1
[G03-W01] t=5.60s | Des_P:  45.0 | Des_R:  35.0 | Des_Y:  50.0 | Act_P:   46.4 | Act_R:   -7.2 | Act_Y:   10.4
[G03-W05] t=5.40s | Des_P:  45.0 | Des_R:  35.0 | Des_Y:  39.5 | Act_P:   45.3 | Act_R:    9.3 | Act_Y:   10.1
[G03-W04] t=5.60s | Des_P:  45.0 | Des_R:  35.0 | Des_Y:  50.0 | Act_P:   46.3 | Act_R:   -7.3 | Act_Y:   10.4
[G03-W01] t=5.80s | Des_P:  45.0 | Des_R:  35.0 | Des_Y:  50.0 | Act_P:   46.3 | Act_R:  -16.2 | Act_Y:   20.3
[G03-W05] t=5.60s | Des_P:  45.0 | Des_R:  35.0 | Des_Y:  50.0 | Act_P:   46.4 | Act_R:   -8.0 | Act_Y:   10.4
[G03-W03] t=5.00s | Des_P:  45.0 | Des_R:  35.0 | Des_Y:   0.0 | Act_P:   48.2 | Act_R:   36.3 | Act_Y:   -0.5
[G03-W06] t=5.00s | Des_P:  45.0 | Des_R:  35.0 | Des_Y:   0.0 | Act_P:   48.4 | Act_R:   36.5 | Act_Y:   -0.6
[G03-W04] t=5.80s | Des_P:  45.0 | Des_R:  35.0 | Des_Y:  50.0 | Act_P:   46.2 | Act_R:  -16.2 | Act_Y:   20.3
[G03-W05] t=5.80s | Des_P:  45.0 | Des_R:  35.0 | Des_Y:  50.0 | Act_P:   46.3 | Act_R:  -16.2 | Act_Y:   20.2
[G03-W01] t=6.00s | Des_P:  45.0 | Des_R:  35.0 | Des_Y:  50.0 | Act_P:   47.4 | Act_R:  -25.5 | Act_Y:   36.6
[G03-W01] Kp=613.6, Gton=8.760 | Err=0.6738
0.6737653088109332
[Fixation Controller] Initialized 3-DOF Virtual Work tracking for Eyes.
Eval CRASHED: G03-W01 | Kp=613.58, Ki=148.11, Kd=57.27
[G03-W04] t=6.00s | Des_P:  45.0 | Des_R:  35.0 | Des_Y:  50.0 | Act_P:   47.0 | Act_R:  -28.0 | Act_Y:   36.8
[G03-W04] Kp=654.2, Gton=8.760 | Err=0.6820
0.6820114917127799
[Fixation Controller] Initialized 3-DOF Virtual Work tracking for Eyes.
Eval CRASHED: G03-W04 | Kp=654.25, Ki=142.49, Kd=55.53
[G03-W06] t=5.20s | Des_P:  45.0 | Des_R:  35.0 | Des_Y:  10.5 | Act_P:   46.5 | Act_R:   26.8 | Act_Y:    9.1
[G03-W03] t=5.20s | Des_P:  45.0 | Des_R:  35.0 | Des_Y:  10.5 | Act_P:   46.2 | Act_R:   27.1 | Act_Y:    9.2
[G03-W05] t=6.00s | Des_P:  45.0 | Des_R:  35.0 | Des_Y:  50.0 | Act_P:   47.5 | Act_R:  -25.9 | Act_Y:   36.7
[G03-W05] Kp=563.1, Gton=8.760 | Err=0.6829
0.6829321998652798
[Fixation Controller] Initialized 3-DOF Virtual Work tracking for Eyes.
Eval CRASHED: G03-W05 | Kp=563.05, Ki=52.69, Kd=60.29
[G03-W03] t=5.40s | Des_P:  45.0 | Des_R:  35.0 | Des_Y:  39.5 | Act_P:   46.4 | Act_R:    3.2 | Act_Y:   10.1
[G03-W06] t=5.40s | Des_P:  45.0 | Des_R:  35.0 | Des_Y:  39.5 | Act_P:   46.7 | Act_R:    3.6 | Act_Y:   10.1
[G03-W06] t=5.60s | Des_P:  45.0 | Des_R:  35.0 | Des_Y:  50.0 | Act_P:   47.1 | Act_R:  -10.8 | Act_Y:   10.5
[G03-W03] t=5.60s | Des_P:  45.0 | Des_R:  35.0 | Des_Y:  50.0 | Act_P:   46.9 | Act_R:  -11.3 | Act_Y:   10.5
[G03-W06] t=5.80s | Des_P:  45.0 | Des_R:  35.0 | Des_Y:  50.0 | Act_P:   47.0 | Act_R:  -20.4 | Act_Y:   20.2
[G03-W03] t=5.80s | Des_P:  45.0 | Des_R:  35.0 | Des_Y:  50.0 | Act_P:   46.8 | Act_R:  -21.2 | Act_Y:   20.3
[G03-W06] t=6.00s | Des_P:  45.0 | Des_R:  35.0 | Des_Y:  50.0 | Act_P:   48.1 | Act_R:  -22.4 | Act_Y:   36.5
[G03-W06] Kp=597.8, Gton=8.760 | Err=0.7548
0.754805116123099
[Fixation Controller] Initialized 3-DOF Virtual Work tracking for Eyes.
Eval CRASHED: G03-W06 | Kp=597.78, Ki=85.28, Kd=148.99
[G03-W03] t=6.00s | Des_P:  45.0 | Des_R:  35.0 | Des_Y:  50.0 | Act_P:   47.5 | Act_R:  -27.6 | Act_Y:   36.7
[G03-W03] Kp=649.2, Gton=8.760 | Err=0.7813
0.78133815686675
[Fixation Controller] Initialized 3-DOF Virtual Work tracking for Eyes.
Eval CRASHED: G03-W03 | Kp=649.21, Ki=93.02, Kd=142.18
    3     18 1.654612226879281e+06 1.2e+00 6.62e+01  7e+01  7e+01 37:13.5  
Gen 3: Best Error = 1654612.23 | Kp=581.00, Ki=63.86, Kd=9.76

--- Generation 4 ---
Found simbody-visualizer, setting SIMBODY_HOME env var to  C:\Users\User\miniforge3\envs\opensim_env\Lib\opensim
Found simbody-visualizer, setting SIMBODY_HOME env var to  C:\Users\User\miniforge3\envs\opensim_env\Lib\opensim
Found simbody-visualizer, setting SIMBODY_HOME env var to  C:\Users\User\miniforge3\envs\opensim_env\Lib\opensim
Found simbody-visualizer, setting SIMBODY_HOME env var to  C:\Users\User\miniforge3\envs\opensim_env\Lib\opensim
Found simbody-visualizer, setting SIMBODY_HOME env var to  C:\Users\User\miniforge3\envs\opensim_env\Lib\opensim
Found simbody-visualizer, setting SIMBODY_HOME env var to  C:\Users\User\miniforge3\envs\opensim_env\Lib\opensim
[G04-W02] t=0.20s | Des_P:   0.0 | Des_R:   0.0 | Des_Y:   0.0 | Act_P:   -2.9 | Act_R:   -0.4 | Act_Y:   -1.3
[G04-W04] t=0.20s | Des_P:   0.0 | Des_R:   0.0 | Des_Y:   0.0 | Act_P:   -1.0 | Act_R:    1.2 | Act_Y:    0.1
[G04-W01] t=0.20s | Des_P:   0.0 | Des_R:   0.0 | Des_Y:   0.0 | Act_P:   -0.7 | Act_R:    1.6 | Act_Y:    0.5
[G04-W06] t=0.20s | Des_P:   0.0 | Des_R:   0.0 | Des_Y:   0.0 | Act_P:   -0.4 | Act_R:    1.9 | Act_Y:    0.9
[G04-W03] t=0.20s | Des_P:   0.0 | Des_R:   0.0 | Des_Y:   0.0 | Act_P:   -8.4 | Act_R:    3.5 | Act_Y:   -1.4
[G04-W05] t=0.20s | Des_P:   0.0 | Des_R:   0.0 | Des_Y:   0.0 | Act_P:   -0.5 | Act_R:    1.4 | Act_Y:    0.8
[G04-W02] t=0.40s | Des_P:   0.0 | Des_R:   0.0 | Des_Y:   0.0 | Act_P:   -1.8 | Act_R:    0.4 | Act_Y:   -0.5
[G04-W03] t=0.40s | Des_P:   0.0 | Des_R:   0.0 | Des_Y:   0.0 | Act_P:   -5.4 | Act_R:    1.0 | Act_Y:    5.6
[G04-W04] t=0.40s | Des_P:   0.0 | Des_R:   0.0 | Des_Y:   0.0 | Act_P:   -2.0 | Act_R:    0.6 | Act_Y:   -0.2
[G04-W01] t=0.40s | Des_P:   0.0 | Des_R:   0.0 | Des_Y:   0.0 | Act_P:   -2.2 | Act_R:    1.1 | Act_Y:   -0.0
[G04-W06] t=0.40s | Des_P:   0.0 | Des_R:   0.0 | Des_Y:   0.0 | Act_P:   -2.3 | Act_R:    1.6 | Act_Y:    0.2
[G04-W05] t=0.40s | Des_P:   0.0 | Des_R:   0.0 | Des_Y:   0.0 | Act_P:   -1.8 | Act_R:    1.0 | Act_Y:    0.1
[G04-W02] t=0.60s | Des_P:   0.0 | Des_R:   0.0 | Des_Y:   0.0 | Act_P:   -2.1 | Act_R:    0.2 | Act_Y:   -0.4
[G04-W03] t=0.60s | Des_P:   0.0 | Des_R:   0.0 | Des_Y:   0.0 | Act_P:   -2.6 | Act_R:    8.1 | Act_Y:   -4.9
[G04-W04] t=0.60s | Des_P:   0.0 | Des_R:   0.0 | Des_Y:   0.0 | Act_P:   -2.6 | Act_R:    0.5 | Act_Y:   -0.2
[G04-W02] t=0.80s | Des_P:   0.0 | Des_R:   0.0 | Des_Y:   0.0 | Act_P:   -1.7 | Act_R:    0.4 | Act_Y:   -0.3
[G04-W01] t=0.60s | Des_P:   0.0 | Des_R:   0.0 | Des_Y:   0.0 | Act_P:   -3.2 | Act_R:    1.1 | Act_Y:   -0.1
[G04-W06] t=0.60s | Des_P:   0.0 | Des_R:   0.0 | Des_Y:   0.0 | Act_P:   -3.4 | Act_R:    1.4 | Act_Y:    0.0
[G04-W03] t=0.80s | Des_P:   0.0 | Des_R:   0.0 | Des_Y:   0.0 | Act_P:    9.2 | Act_R:    3.0 | Act_Y:    4.7
[G04-W05] t=0.60s | Des_P:   0.0 | Des_R:   0.0 | Des_Y:   0.0 | Act_P:   -2.7 | Act_R:    0.7 | Act_Y:   -0.1
[G04-W02] t=1.00s | Des_P:   0.0 | Des_R:   0.0 | Des_Y:   0.0 | Act_P:   -1.2 | Act_R:    0.2 | Act_Y:   -0.3
[G04-W03] t=1.00s | Des_P:   0.0 | Des_R:   0.0 | Des_Y:   0.0 | Act_P:   -6.4 | Act_R:   -8.4 | Act_Y:   -6.4
[G04-W04] t=0.80s | Des_P:   0.0 | Des_R:   0.0 | Des_Y:   0.0 | Act_P:   -2.9 | Act_R:    0.4 | Act_Y:   -0.3
[G04-W01] t=0.80s | Des_P:   0.0 | Des_R:   0.0 | Des_Y:   0.0 | Act_P:   -3.9 | Act_R:    0.9 | Act_Y:   -0.3
[G04-W06] t=0.80s | Des_P:   0.0 | Des_R:   0.0 | Des_Y:   0.0 | Act_P:   -4.4 | Act_R:    1.3 | Act_Y:   -0.2
[G04-W02] t=1.20s | Des_P:   9.4 | Des_R:   0.0 | Des_Y:   0.0 | Act_P:   12.4 | Act_R:   -0.2 | Act_Y:   -0.5
[G04-W03] t=1.20s | Des_P:   9.4 | Des_R:   0.0 | Des_Y:   0.0 | Act_P:   11.1 | Act_R:    3.5 | Act_Y:    1.4
[G04-W05] t=0.80s | Des_P:   0.0 | Des_R:   0.0 | Des_Y:   0.0 | Act_P:   -3.4 | Act_R:    0.7 | Act_Y:   -0.3
[G04-W04] t=1.00s | Des_P:   0.0 | Des_R:   0.0 | Des_Y:   0.0 | Act_P:   -2.4 | Act_R:    0.2 | Act_Y:   -0.5
[G04-W02] t=1.40s | Des_P:  35.6 | Des_R:   0.0 | Des_Y:   0.0 | Act_P:   36.4 | Act_R:    0.1 | Act_Y:   -0.3
[G04-W01] t=1.00s | Des_P:   0.0 | Des_R:   0.0 | Des_Y:   0.0 | Act_P:   -3.8 | Act_R:    0.6 | Act_Y:   -0.5
[G04-W03] t=1.40s | Des_P:  35.6 | Des_R:   0.0 | Des_Y:   0.0 | Act_P:   18.4 | Act_R:  -16.4 | Act_Y:   -8.4
[G04-W06] t=1.00s | Des_P:   0.0 | Des_R:   0.0 | Des_Y:   0.0 | Act_P:   -4.5 | Act_R:    0.9 | Act_Y:   -0.5
[G04-W02] t=1.60s | Des_P:  45.0 | Des_R:   0.0 | Des_Y:   0.0 | Act_P:   41.4 | Act_R:    0.8 | Act_Y:   -0.3
[G04-W05] t=1.00s | Des_P:   0.0 | Des_R:   0.0 | Des_Y:   0.0 | Act_P:   -3.4 | Act_R:    0.3 | Act_Y:   -0.5
[G04-W03] t=1.60s | Des_P:  45.0 | Des_R:   0.0 | Des_Y:   0.0 | Act_P:   53.6 | Act_R:    3.0 | Act_Y:    4.5
[G04-W04] t=1.20s | Des_P:   9.4 | Des_R:   0.0 | Des_Y:   0.0 | Act_P:   10.5 | Act_R:   -0.7 | Act_Y:   -1.0
[G04-W01] t=1.20s | Des_P:   9.4 | Des_R:   0.0 | Des_Y:   0.0 | Act_P:    9.0 | Act_R:   -0.5 | Act_Y:   -1.2
[G04-W02] t=1.80s | Des_P:  45.0 | Des_R:   0.0 | Des_Y:   0.0 | Act_P:   43.0 | Act_R:    1.0 | Act_Y:   -0.2
[G04-W06] t=1.20s | Des_P:   9.4 | Des_R:   0.0 | Des_Y:   0.0 | Act_P:    7.9 | Act_R:   -0.2 | Act_Y:   -1.2
[G04-W02] t=2.00s | Des_P:  45.0 | Des_R:   0.0 | Des_Y:   0.0 | Act_P:   42.7 | Act_R:    0.6 | Act_Y:   -0.1
[G04-W03] t=1.80s | Des_P:  45.0 | Des_R:   0.0 | Des_Y:   0.0 | Act_P:   34.7 | Act_R:   -4.1 | Act_Y:   -3.5
[G04-W04] t=1.40s | Des_P:  35.6 | Des_R:   0.0 | Des_Y:   0.0 | Act_P:   36.6 | Act_R:   -0.5 | Act_Y:   -0.7
[G04-W05] t=1.20s | Des_P:   9.4 | Des_R:   0.0 | Des_Y:   0.0 | Act_P:    8.8 | Act_R:   -0.7 | Act_Y:   -1.2
[G04-W02] t=2.20s | Des_P:  45.0 | Des_R:   0.0 | Des_Y:   0.0 | Act_P:   41.8 | Act_R:    0.3 | Act_Y:   -0.0
[G04-W01] t=1.40s | Des_P:  35.6 | Des_R:   0.0 | Des_Y:   0.0 | Act_P:   35.3 | Act_R:   -0.5 | Act_Y:   -1.0
[G04-W06] t=1.40s | Des_P:  35.6 | Des_R:   0.0 | Des_Y:   0.0 | Act_P:   34.4 | Act_R:   -0.3 | Act_Y:   -1.0
[G04-W03] t=2.00s | Des_P:  45.0 | Des_R:   0.0 | Des_Y:   0.0 | Act_P:   48.1 | Act_R:   15.6 | Act_Y:    6.0
[G04-W02] t=2.40s | Des_P:  45.0 | Des_R:   0.0 | Des_Y:   0.0 | Act_P:   40.4 | Act_R:    0.1 | Act_Y:    0.0
[G04-W04] t=1.60s | Des_P:  45.0 | Des_R:   0.0 | Des_Y:   0.0 | Act_P:   43.8 | Act_R:    0.9 | Act_Y:    0.0
[G04-W01] t=1.60s | Des_P:  45.0 | Des_R:   0.0 | Des_Y:   0.0 | Act_P:   43.1 | Act_R:    1.1 | Act_Y:   -0.1
[G04-W05] t=1.40s | Des_P:  35.6 | Des_R:   0.0 | Des_Y:   0.0 | Act_P:   35.6 | Act_R:   -0.7 | Act_Y:   -0.8
[G04-W03] t=2.20s | Des_P:  45.0 | Des_R:   0.0 | Des_Y:   0.0 | Act_P:   31.3 | Act_R:  -17.7 | Act_Y:   -6.4
[G04-W06] t=1.60s | Des_P:  45.0 | Des_R:   0.0 | Des_Y:   0.0 | Act_P:   42.1 | Act_R:    1.1 | Act_Y:   -0.3
[G04-W02] t=2.60s | Des_P:  45.0 | Des_R:   0.0 | Des_Y:   0.0 | Act_P:   39.6 | Act_R:   -0.2 | Act_Y:   -0.1
[G04-W04] t=1.80s | Des_P:  45.0 | Des_R:   0.0 | Des_Y:   0.0 | Act_P:   44.2 | Act_R:    0.9 | Act_Y:   -0.0
[G04-W02] t=2.80s | Des_P:  45.0 | Des_R:   0.0 | Des_Y:   0.0 | Act_P:   39.2 | Act_R:   -0.2 | Act_Y:   -0.3
[G04-W01] t=1.80s | Des_P:  45.0 | Des_R:   0.0 | Des_Y:   0.0 | Act_P:   42.9 | Act_R:    1.3 | Act_Y:   -0.1
[G04-W03] t=2.40s | Des_P:  45.0 | Des_R:   0.0 | Des_Y:   0.0 | Act_P:   50.1 | Act_R:   22.0 | Act_Y:   12.4
[G04-W05] t=1.60s | Des_P:  45.0 | Des_R:   0.0 | Des_Y:   0.0 | Act_P:   43.3 | Act_R:    0.8 | Act_Y:   -0.2
[G04-W02] t=3.00s | Des_P:  45.0 | Des_R:   0.0 | Des_Y:   0.0 | Act_P:   39.7 | Act_R:   -0.0 | Act_Y:   -0.4
[G04-W06] t=1.80s | Des_P:  45.0 | Des_R:   0.0 | Des_Y:   0.0 | Act_P:   42.0 | Act_R:    1.6 | Act_Y:   -0.2
[G04-W04] t=2.00s | Des_P:  45.0 | Des_R:   0.0 | Des_Y:   0.0 | Act_P:   44.2 | Act_R:    0.7 | Act_Y:    0.1
[G04-W03] t=2.60s | Des_P:  45.0 | Des_R:   0.0 | Des_Y:   0.0 | Act_P:   32.1 | Act_R:    1.9 | Act_Y:   -8.8
[G04-W01] t=2.00s | Des_P:  45.0 | Des_R:   0.0 | Des_Y:   0.0 | Act_P:   42.7 | Act_R:    1.4 | Act_Y:    0.0
[G04-W02] t=3.20s | Des_P:  45.0 | Des_R:   7.3 | Des_Y:   0.0 | Act_P:   40.3 | Act_R:   10.6 | Act_Y:   -0.6
[G04-W05] t=1.80s | Des_P:  45.0 | Des_R:   0.0 | Des_Y:   0.0 | Act_P:   43.5 | Act_R:    1.0 | Act_Y:   -0.1
[G04-W06] t=2.00s | Des_P:  45.0 | Des_R:   0.0 | Des_Y:   0.0 | Act_P:   41.8 | Act_R:    1.8 | Act_Y:   -0.0
[G04-W03] t=2.80s | Des_P:  45.0 | Des_R:   0.0 | Des_Y:   0.0 | Act_P:   47.9 | Act_R:    6.8 | Act_Y:   15.4
[G04-W04] t=2.20s | Des_P:  45.0 | Des_R:   0.0 | Des_Y:   0.0 | Act_P:   43.1 | Act_R:    0.5 | Act_Y:    0.1
[G04-W02] t=3.40s | Des_P:  45.0 | Des_R:  27.7 | Des_Y:   0.0 | Act_P:   42.6 | Act_R:   32.6 | Act_Y:   -1.0
[G04-W01] t=2.20s | Des_P:  45.0 | Des_R:   0.0 | Des_Y:   0.0 | Act_P:   41.5 | Act_R:    1.2 | Act_Y:    0.1
[G04-W05] t=2.00s | Des_P:  45.0 | Des_R:   0.0 | Des_Y:   0.0 | Act_P:   43.9 | Act_R:    0.9 | Act_Y:    0.1
[G04-W06] t=2.20s | Des_P:  45.0 | Des_R:   0.0 | Des_Y:   0.0 | Act_P:   40.6 | Act_R:    1.6 | Act_Y:    0.1
[G04-W03] t=3.00s | Des_P:  45.0 | Des_R:   0.0 | Des_Y:   0.0 | Act_P:   31.5 | Act_R:    4.5 | Act_Y:  -21.5
[G04-W04] t=2.40s | Des_P:  45.0 | Des_R:   0.0 | Des_Y:   0.0 | Act_P:   41.6 | Act_R:    0.3 | Act_Y:    0.1
[G04-W02] t=3.60s | Des_P:  45.0 | Des_R:  35.0 | Des_Y:   0.0 | Act_P:   45.3 | Act_R:   39.0 | Act_Y:   -0.6
[G04-W01] t=2.40s | Des_P:  45.0 | Des_R:   0.0 | Des_Y:   0.0 | Act_P:   39.9 | Act_R:    0.9 | Act_Y:    0.0
[G04-W03] t=3.20s | Des_P:  45.0 | Des_R:   7.3 | Des_Y:   0.0 | Act_P:   27.9 | Act_R:  -29.1 | Act_Y:    2.9
[G04-W06] t=2.40s | Des_P:  45.0 | Des_R:   0.0 | Des_Y:   0.0 | Act_P:   39.0 | Act_R:    1.3 | Act_Y:    0.0
[G04-W05] t=2.20s | Des_P:  45.0 | Des_R:   0.0 | Des_Y:   0.0 | Act_P:   43.3 | Act_R:    0.6 | Act_Y:    0.2
[G04-W03] t=3.40s | Des_P:  45.0 | Des_R:  27.7 | Des_Y:   0.0 | Act_P:   45.2 | Act_R:   15.2 | Act_Y:   -2.7
[G04-W02] t=3.80s | Des_P:  45.0 | Des_R:  35.0 | Des_Y:   0.0 | Act_P:   47.3 | Act_R:   39.3 | Act_Y:   -0.1
[G04-W04] t=2.60s | Des_P:  45.0 | Des_R:   0.0 | Des_Y:   0.0 | Act_P:   40.4 | Act_R:    0.1 | Act_Y:   -0.1
[G04-W01] t=2.60s | Des_P:  45.0 | Des_R:   0.0 | Des_Y:   0.0 | Act_P:   38.4 | Act_R:    0.6 | Act_Y:   -0.1
[G04-W06] t=2.60s | Des_P:  45.0 | Des_R:   0.0 | Des_Y:   0.0 | Act_P:   37.5 | Act_R:    1.0 | Act_Y:   -0.1
[G04-W03] t=3.60s | Des_P:  45.0 | Des_R:  35.0 | Des_Y:   0.0 | Act_P:   32.4 | Act_R:   31.7 | Act_Y:  -15.9
[G04-W05] t=2.40s | Des_P:  45.0 | Des_R:   0.0 | Des_Y:   0.0 | Act_P:   42.1 | Act_R:    0.2 | Act_Y:    0.2
[G04-W02] t=4.00s | Des_P:  45.0 | Des_R:  35.0 | Des_Y:   0.0 | Act_P:   48.1 | Act_R:   38.9 | Act_Y:    0.2
[G04-W04] t=2.80s | Des_P:  45.0 | Des_R:   0.0 | Des_Y:   0.0 | Act_P:   39.7 | Act_R:    0.2 | Act_Y:   -0.2
[G04-W01] t=2.80s | Des_P:  45.0 | Des_R:   0.0 | Des_Y:   0.0 | Act_P:   37.4 | Act_R:    0.6 | Act_Y:   -0.3
[G04-W03] t=3.80s | Des_P:  45.0 | Des_R:  35.0 | Des_Y:   0.0 | Act_P:   53.2 | Act_R:   34.8 | Act_Y:   13.4
[G04-W06] t=2.80s | Des_P:  45.0 | Des_R:   0.0 | Des_Y:   0.0 | Act_P:   36.3 | Act_R:    0.9 | Act_Y:   -0.2
[G04-W02] t=4.20s | Des_P:  45.0 | Des_R:  35.0 | Des_Y:   0.0 | Act_P:   48.5 | Act_R:   38.1 | Act_Y:    0.3
[G04-W05] t=2.60s | Des_P:  45.0 | Des_R:   0.0 | Des_Y:   0.0 | Act_P:   41.0 | Act_R:   -0.1 | Act_Y:   -0.0
[G04-W04] t=3.00s | Des_P:  45.0 | Des_R:   0.0 | Des_Y:   0.0 | Act_P:   39.4 | Act_R:    0.3 | Act_Y:   -0.3
[G04-W03] t=4.00s | Des_P:  45.0 | Des_R:  35.0 | Des_Y:   0.0 | Act_P:   34.3 | Act_R:   40.1 | Act_Y:  -15.0
[G04-W01] t=3.00s | Des_P:  45.0 | Des_R:   0.0 | Des_Y:   0.0 | Act_P:   36.8 | Act_R:    0.7 | Act_Y:   -0.4
[G04-W06] t=3.00s | Des_P:  45.0 | Des_R:   0.0 | Des_Y:   0.0 | Act_P:   35.7 | Act_R:    1.0 | Act_Y:   -0.4
[G04-W04] t=3.20s | Des_P:  45.0 | Des_R:   7.3 | Des_Y:   0.0 | Act_P:   39.7 | Act_R:   10.7 | Act_Y:   -0.5
[G04-W02] t=4.40s | Des_P:  45.0 | Des_R:  35.0 | Des_Y:   0.0 | Act_P:   48.6 | Act_R:   37.2 | Act_Y:    0.3
[G04-W05] t=2.80s | Des_P:  45.0 | Des_R:   0.0 | Des_Y:   0.0 | Act_P:   40.2 | Act_R:   -0.1 | Act_Y:   -0.2
[G04-W03] t=4.20s | Des_P:  45.0 | Des_R:  35.0 | Des_Y:   0.0 | Act_P:   51.7 | Act_R:   39.1 | Act_Y:   17.1
[G04-W01] t=3.20s | Des_P:  45.0 | Des_R:   7.3 | Des_Y:   0.0 | Act_P:   37.0 | Act_R:   11.3 | Act_Y:   -0.5
[G04-W06] t=3.20s | Des_P:  45.0 | Des_R:   7.3 | Des_Y:   0.0 | Act_P:   35.7 | Act_R:   11.2 | Act_Y:   -0.6
[G04-W03] t=4.40s | Des_P:  45.0 | Des_R:  35.0 | Des_Y:   0.0 | Act_P:   43.1 | Act_R:   45.8 | Act_Y:   -2.2
[G04-W04] t=3.40s | Des_P:  45.0 | Des_R:  27.7 | Des_Y:   0.0 | Act_P:   41.1 | Act_R:   31.4 | Act_Y:   -1.1
[G04-W05] t=3.00s | Des_P:  45.0 | Des_R:   0.0 | Des_Y:   0.0 | Act_P:   39.8 | Act_R:    0.0 | Act_Y:   -0.3
[G04-W01] t=3.40s | Des_P:  45.0 | Des_R:  27.7 | Des_Y:   0.0 | Act_P:   38.4 | Act_R:   32.4 | Act_Y:   -1.3
[G04-W06] t=3.40s | Des_P:  45.0 | Des_R:  27.7 | Des_Y:   0.0 | Act_P:   37.1 | Act_R:   32.8 | Act_Y:   -1.2
[G04-W03] t=4.60s | Des_P:  45.0 | Des_R:  35.0 | Des_Y:   0.0 | Act_P:   40.7 | Act_R:   38.4 | Act_Y:    3.4
[G04-W02] t=4.60s | Des_P:  45.0 | Des_R:  35.0 | Des_Y:   0.0 | Act_P:   48.6 | Act_R:   36.5 | Act_Y:   -0.0
[G04-W04] t=3.60s | Des_P:  45.0 | Des_R:  35.0 | Des_Y:   0.0 | Act_P:   44.0 | Act_R:   38.5 | Act_Y:   -0.4
[G04-W05] t=3.20s | Des_P:  45.0 | Des_R:   7.3 | Des_Y:   0.0 | Act_P:   40.1 | Act_R:   10.0 | Act_Y:   -0.5
[G04-W01] t=3.60s | Des_P:  45.0 | Des_R:  35.0 | Des_Y:   0.0 | Act_P:   41.7 | Act_R:   39.7 | Act_Y:   -0.7
[G04-W06] t=3.60s | Des_P:  45.0 | Des_R:  35.0 | Des_Y:   0.0 | Act_P:   40.2 | Act_R:   39.9 | Act_Y:   -1.0
[G04-W03] t=4.80s | Des_P:  45.0 | Des_R:  35.0 | Des_Y:   0.0 | Act_P:   45.2 | Act_R:   42.8 | Act_Y:   -3.9
[G04-W01] t=3.80s | Des_P:  45.0 | Des_R:  35.0 | Des_Y:   0.0 | Act_P:   44.2 | Act_R:   40.5 | Act_Y:   -0.4
[G04-W05] t=3.40s | Des_P:  45.0 | Des_R:  27.7 | Des_Y:   0.0 | Act_P:   41.6 | Act_R:   31.0 | Act_Y:   -1.0
[G04-W06] t=3.80s | Des_P:  45.0 | Des_R:  35.0 | Des_Y:   0.0 | Act_P:   43.0 | Act_R:   41.2 | Act_Y:   -0.5
[G04-W03] t=5.00s | Des_P:  45.0 | Des_R:  35.0 | Des_Y:   0.0 | Act_P:   45.4 | Act_R:   36.4 | Act_Y:    2.7
[G04-W02] t=4.80s | Des_P:  45.0 | Des_R:  35.0 | Des_Y:   0.0 | Act_P:   48.6 | Act_R:   36.3 | Act_Y:   -0.3
[G04-W04] t=3.80s | Des_P:  45.0 | Des_R:  35.0 | Des_Y:   0.0 | Act_P:   45.9 | Act_R:   38.8 | Act_Y:   -0.2
[G04-W06] t=4.00s | Des_P:  45.0 | Des_R:  35.0 | Des_Y:   0.0 | Act_P:   44.8 | Act_R:   41.3 | Act_Y:   -0.2
[G04-W03] t=5.20s | Des_P:  45.0 | Des_R:  35.0 | Des_Y:  10.5 | Act_P:   37.4 | Act_R:   35.1 | Act_Y:    0.1
[G04-W01] t=4.00s | Des_P:  45.0 | Des_R:  35.0 | Des_Y:   0.0 | Act_P:   45.8 | Act_R:   40.3 | Act_Y:   -0.1
[G04-W05] t=3.60s | Des_P:  45.0 | Des_R:  35.0 | Des_Y:   0.0 | Act_P:   44.3 | Act_R:   37.8 | Act_Y:   -0.7
[G04-W04] t=4.00s | Des_P:  45.0 | Des_R:  35.0 | Des_Y:   0.0 | Act_P:   47.0 | Act_R:   38.6 | Act_Y:    0.1
[G04-W02] t=5.00s | Des_P:  45.0 | Des_R:  35.0 | Des_Y:   0.0 | Act_P:   48.5 | Act_R:   36.3 | Act_Y:   -0.6
[G04-W03] t=5.40s | Des_P:  45.0 | Des_R:  35.0 | Des_Y:  39.5 | Act_P:   45.2 | Act_R:    5.1 | Act_Y:   10.7
[G04-W06] t=4.20s | Des_P:  45.0 | Des_R:  35.0 | Des_Y:   0.0 | Act_P:   45.9 | Act_R:   40.8 | Act_Y:   -0.1
[G04-W01] t=4.20s | Des_P:  45.0 | Des_R:  35.0 | Des_Y:   0.0 | Act_P:   46.9 | Act_R:   39.9 | Act_Y:    0.2
[G04-W03] t=5.60s | Des_P:  45.0 | Des_R:  35.0 | Des_Y:  50.0 | Act_P:   43.1 | Act_R:   -9.9 | Act_Y:   10.4
[G04-W04] t=4.20s | Des_P:  45.0 | Des_R:  35.0 | Des_Y:   0.0 | Act_P:   47.6 | Act_R:   37.9 | Act_Y:    0.2
[G04-W02] t=5.20s | Des_P:  45.0 | Des_R:  35.0 | Des_Y:  10.5 | Act_P:   44.4 | Act_R:   30.6 | Act_Y:    7.9
[G04-W05] t=3.80s | Des_P:  45.0 | Des_R:  35.0 | Des_Y:   0.0 | Act_P:   46.6 | Act_R:   38.5 | Act_Y:   -0.3
[G04-W06] t=4.40s | Des_P:  45.0 | Des_R:  35.0 | Des_Y:   0.0 | Act_P:   46.7 | Act_R:   40.0 | Act_Y:    0.0
[G04-W01] t=4.40s | Des_P:  45.0 | Des_R:  35.0 | Des_Y:   0.0 | Act_P:   47.4 | Act_R:   39.1 | Act_Y:    0.2
[G04-W03] t=5.80s | Des_P:  45.0 | Des_R:  35.0 | Des_Y:  50.0 | Act_P:   45.7 | Act_R:  -17.7 | Act_Y:   20.1
[G04-W02] t=5.40s | Des_P:  45.0 | Des_R:  35.0 | Des_Y:  39.5 | Act_P:   46.0 | Act_R:    6.0 | Act_Y:   10.1
[G04-W04] t=4.40s | Des_P:  45.0 | Des_R:  35.0 | Des_Y:   0.0 | Act_P:   48.0 | Act_R:   37.1 | Act_Y:    0.2
[G04-W05] t=4.00s | Des_P:  45.0 | Des_R:  35.0 | Des_Y:   0.0 | Act_P:   47.9 | Act_R:   38.2 | Act_Y:   -0.0
[G04-W02] t=5.60s | Des_P:  45.0 | Des_R:  35.0 | Des_Y:  50.0 | Act_P:   46.5 | Act_R:   -8.0 | Act_Y:   10.4
[G04-W06] t=4.60s | Des_P:  45.0 | Des_R:  35.0 | Des_Y:   0.0 | Act_P:   47.0 | Act_R:   38.8 | Act_Y:   -0.2
[G04-W03] t=6.00s | Des_P:  45.0 | Des_R:  35.0 | Des_Y:  50.0 | Act_P:   44.8 | Act_R:  -22.3 | Act_Y:   36.1
[G04-W03] Kp=496.7, Gton=8.760 | Err=1.1405
1.140452617084918
[Fixation Controller] Initialized 3-DOF Virtual Work tracking for Eyes.
Eval CRASHED: G04-W03 | Kp=496.73, Ki=31.01, Kd=1.18
[G04-W01] t=4.60s | Des_P:  45.0 | Des_R:  35.0 | Des_Y:   0.0 | Act_P:   47.6 | Act_R:   37.9 | Act_Y:   -0.1
[G04-W05] t=4.20s | Des_P:  45.0 | Des_R:  35.0 | Des_Y:   0.0 | Act_P:   48.8 | Act_R:   37.6 | Act_Y:    0.3
[G04-W02] t=5.80s | Des_P:  45.0 | Des_R:  35.0 | Des_Y:  50.0 | Act_P:   46.5 | Act_R:  -14.3 | Act_Y:   20.3
[G04-W04] t=4.60s | Des_P:  45.0 | Des_R:  35.0 | Des_Y:   0.0 | Act_P:   48.0 | Act_R:   36.4 | Act_Y:    0.0
[G04-W06] t=4.80s | Des_P:  45.0 | Des_R:  35.0 | Des_Y:   0.0 | Act_P:   47.4 | Act_R:   38.5 | Act_Y:   -0.5
[G04-W01] t=4.80s | Des_P:  45.0 | Des_R:  35.0 | Des_Y:   0.0 | Act_P:   47.7 | Act_R:   37.4 | Act_Y:   -0.5
[G04-W02] t=6.00s | Des_P:  45.0 | Des_R:  35.0 | Des_Y:  50.0 | Act_P:   48.0 | Act_R:  -26.9 | Act_Y:   36.6
[G04-W02] Kp=559.2, Gton=8.760 | Err=0.6894
0.6894063213322494
[Fixation Controller] Initialized 3-DOF Virtual Work tracking for Eyes.
Eval CRASHED: G04-W02 | Kp=559.16, Ki=104.41, Kd=38.09
[G04-W05] t=4.40s | Des_P:  45.0 | Des_R:  35.0 | Des_Y:   0.0 | Act_P:   49.1 | Act_R:   36.6 | Act_Y:    0.2
[G04-W06] t=5.00s | Des_P:  45.0 | Des_R:  35.0 | Des_Y:   0.0 | Act_P:   47.8 | Act_R:   38.5 | Act_Y:   -0.7
[G04-W01] t=5.00s | Des_P:  45.0 | Des_R:  35.0 | Des_Y:   0.0 | Act_P:   48.2 | Act_R:   37.6 | Act_Y:   -0.7
[G04-W04] t=4.80s | Des_P:  45.0 | Des_R:  35.0 | Des_Y:   0.0 | Act_P:   47.9 | Act_R:   36.2 | Act_Y:   -0.3
[G04-W05] t=4.60s | Des_P:  45.0 | Des_R:  35.0 | Des_Y:   0.0 | Act_P:   49.2 | Act_R:   35.8 | Act_Y:    0.1
[G04-W06] t=5.20s | Des_P:  45.0 | Des_R:  35.0 | Des_Y:  10.5 | Act_P:   45.2 | Act_R:   29.1 | Act_Y:    8.7
[G04-W01] t=5.20s | Des_P:  45.0 | Des_R:  35.0 | Des_Y:  10.5 | Act_P:   45.3 | Act_R:   28.8 | Act_Y:    8.7
[G04-W04] t=5.00s | Des_P:  45.0 | Des_R:  35.0 | Des_Y:   0.0 | Act_P:   48.1 | Act_R:   36.4 | Act_Y:   -0.3
[G04-W06] t=5.40s | Des_P:  45.0 | Des_R:  35.0 | Des_Y:  39.5 | Act_P:   45.3 | Act_R:    7.5 | Act_Y:   10.1
[G04-W05] t=4.80s | Des_P:  45.0 | Des_R:  35.0 | Des_Y:   0.0 | Act_P:   48.8 | Act_R:   35.2 | Act_Y:   -0.4
[G04-W01] t=5.40s | Des_P:  45.0 | Des_R:  35.0 | Des_Y:  39.5 | Act_P:   45.8 | Act_R:    6.2 | Act_Y:   10.1
[G04-W06] t=5.60s | Des_P:  45.0 | Des_R:  35.0 | Des_Y:  50.0 | Act_P:   46.0 | Act_R:   -8.4 | Act_Y:   10.4
[G04-W01] t=5.60s | Des_P:  45.0 | Des_R:  35.0 | Des_Y:  50.0 | Act_P:   46.2 | Act_R:   -8.5 | Act_Y:   10.4
[G04-W04] t=5.20s | Des_P:  45.0 | Des_R:  35.0 | Des_Y:  10.5 | Act_P:   45.0 | Act_R:   28.5 | Act_Y:    9.0
[G04-W06] t=5.80s | Des_P:  45.0 | Des_R:  35.0 | Des_Y:  50.0 | Act_P:   46.1 | Act_R:  -20.1 | Act_Y:   20.3
[G04-W05] t=5.00s | Des_P:  45.0 | Des_R:  35.0 | Des_Y:   0.0 | Act_P:   48.9 | Act_R:   35.4 | Act_Y:   -0.5
[G04-W01] t=5.80s | Des_P:  45.0 | Des_R:  35.0 | Des_Y:  50.0 | Act_P:   46.4 | Act_R:  -15.5 | Act_Y:   20.3
[G04-W04] t=5.40s | Des_P:  45.0 | Des_R:  35.0 | Des_Y:  39.5 | Act_P:   45.9 | Act_R:    4.8 | Act_Y:   10.1
[G04-W04] t=5.60s | Des_P:  45.0 | Des_R:  35.0 | Des_Y:  50.0 | Act_P:   46.3 | Act_R:   -9.6 | Act_Y:   10.4
[G04-W06] t=6.00s | Des_P:  45.0 | Des_R:  35.0 | Des_Y:  50.0 | Act_P:   47.2 | Act_R:  -23.1 | Act_Y:   36.2
[G04-W06] Kp=454.0, Gton=8.760 | Err=0.7515
0.7515375526680553
[Fixation Controller] Initialized 3-DOF Virtual Work tracking for Eyes.
Eval CRASHED: G04-W06 | Kp=453.98, Ki=4.75, Kd=101.35
[G04-W01] t=6.00s | Des_P:  45.0 | Des_R:  35.0 | Des_Y:  50.0 | Act_P:   47.2 | Act_R:  -25.1 | Act_Y:   36.6
[G04-W01] Kp=502.9, Gton=8.760 | Err=0.7014
0.7014423071600031
[Fixation Controller] Initialized 3-DOF Virtual Work tracking for Eyes.
Eval CRASHED: G04-W01 | Kp=502.91, Ki=28.25, Kd=90.84
[G04-W05] t=5.20s | Des_P:  45.0 | Des_R:  35.0 | Des_Y:  10.5 | Act_P:   46.5 | Act_R:   26.6 | Act_Y:    9.1
[G04-W04] t=5.80s | Des_P:  45.0 | Des_R:  35.0 | Des_Y:  50.0 | Act_P:   46.5 | Act_R:  -15.1 | Act_Y:   20.2
[G04-W05] t=5.40s | Des_P:  45.0 | Des_R:  35.0 | Des_Y:  39.5 | Act_P:   46.8 | Act_R:    3.5 | Act_Y:   10.1
[G04-W04] t=6.00s | Des_P:  45.0 | Des_R:  35.0 | Des_Y:  50.0 | Act_P:   46.8 | Act_R:  -28.6 | Act_Y:   37.0
[G04-W04] Kp=684.1, Gton=8.760 | Err=0.7069
0.7069052717416595
[Fixation Controller] Initialized 3-DOF Virtual Work tracking for Eyes.
Eval CRASHED: G04-W04 | Kp=684.08, Ki=119.15, Kd=84.04
[G04-W05] t=5.60s | Des_P:  45.0 | Des_R:  35.0 | Des_Y:  50.0 | Act_P:   47.1 | Act_R:  -11.6 | Act_Y:   10.5
[G04-W05] t=5.80s | Des_P:  45.0 | Des_R:  35.0 | Des_Y:  50.0 | Act_P:   47.0 | Act_R:  -21.7 | Act_Y:   20.3
[G04-W05] t=6.00s | Des_P:  45.0 | Des_R:  35.0 | Des_Y:  50.0 | Act_P:   47.5 | Act_R:  -30.4 | Act_Y:   36.9
[G04-W05] Kp=624.6, Gton=8.760 | Err=0.7888
0.7887593400995152
[Fixation Controller] Initialized 3-DOF Virtual Work tracking for Eyes.
Eval CRASHED: G04-W05 | Kp=624.61, Ki=213.26, Kd=118.46
    4     24 1.528917410557279e+06 1.8e+00 8.38e+01  8e+01  1e+02 45:40.5  
Gen 4: Best Error = 1528917.41 | Kp=496.73, Ki=31.01, Kd=1.18

--- Generation 5 ---
Found simbody-visualizer, setting SIMBODY_HOME env var to  C:\Users\User\miniforge3\envs\opensim_env\Lib\opensimFound simbody-visualizer, setting SIMBODY_HOME env var to  C:\Users\User\miniforge3\envs\opensim_env\Lib\opensim

Found simbody-visualizer, setting SIMBODY_HOME env var to  C:\Users\User\miniforge3\envs\opensim_env\Lib\opensim
Found simbody-visualizer, setting SIMBODY_HOME env var to  C:\Users\User\miniforge3\envs\opensim_env\Lib\opensim
Found simbody-visualizer, setting SIMBODY_HOME env var to  C:\Users\User\miniforge3\envs\opensim_env\Lib\opensim
Found simbody-visualizer, setting SIMBODY_HOME env var to  C:\Users\User\miniforge3\envs\opensim_env\Lib\opensim
[G05-W04] t=0.20s | Des_P:   0.0 | Des_R:   0.0 | Des_Y:   0.0 | Act_P:   -1.4 | Act_R:    1.2 | Act_Y:   -0.3
[G05-W03] t=0.20s | Des_P:   0.0 | Des_R:   0.0 | Des_Y:   0.0 | Act_P:   -0.3 | Act_R:    2.2 | Act_Y:    1.1
[G05-W06] t=0.20s | Des_P:   0.0 | Des_R:   0.0 | Des_Y:   0.0 | Act_P:   -0.1 | Act_R:    2.3 | Act_Y:    1.5
[G05-W05] t=0.20s | Des_P:   0.0 | Des_R:   0.0 | Des_Y:   0.0 | Act_P:   -0.1 | Act_R:    2.1 | Act_Y:    1.4
[G05-W02] t=0.20s | Des_P:   0.0 | Des_R:   0.0 | Des_Y:   0.0 | Act_P:   -0.0 | Act_R:    1.8 | Act_Y:    1.4
[G05-W01] t=0.20s | Des_P:   0.0 | Des_R:   0.0 | Des_Y:   0.0 | Act_P:    0.1 | Act_R:    1.9 | Act_Y:    1.6
[G05-W04] t=0.40s | Des_P:   0.0 | Des_R:   0.0 | Des_Y:   0.0 | Act_P:   -2.9 | Act_R:    0.9 | Act_Y:   -0.5
[G05-W03] t=0.40s | Des_P:   0.0 | Des_R:   0.0 | Des_Y:   0.0 | Act_P:   -2.3 | Act_R:    1.9 | Act_Y:    0.4
[G05-W06] t=0.40s | Des_P:   0.0 | Des_R:   0.0 | Des_Y:   0.0 | Act_P:   -2.3 | Act_R:    2.2 | Act_Y:    0.8
[G05-W02] t=0.40s | Des_P:   0.0 | Des_R:   0.0 | Des_Y:   0.0 | Act_P:   -1.6 | Act_R:    1.6 | Act_Y:    0.6
[G05-W05] t=0.40s | Des_P:   0.0 | Des_R:   0.0 | Des_Y:   0.0 | Act_P:   -2.0 | Act_R:    2.0 | Act_Y:    0.8
[G05-W01] t=0.40s | Des_P:   0.0 | Des_R:   0.0 | Des_Y:   0.0 | Act_P:   -1.5 | Act_R:    1.8 | Act_Y:    0.9
[G05-W04] t=0.60s | Des_P:   0.0 | Des_R:   0.0 | Des_Y:   0.0 | Act_P:   -3.4 | Act_R:    0.8 | Act_Y:   -0.5
[G05-W03] t=0.60s | Des_P:   0.0 | Des_R:   0.0 | Des_Y:   0.0 | Act_P:   -3.7 | Act_R:    1.7 | Act_Y:    0.1
[G05-W06] t=0.60s | Des_P:   0.0 | Des_R:   0.0 | Des_Y:   0.0 | Act_P:   -4.1 | Act_R:    2.6 | Act_Y:    0.4
[G05-W04] t=0.80s | Des_P:   0.0 | Des_R:   0.0 | Des_Y:   0.0 | Act_P:   -3.2 | Act_R:    0.8 | Act_Y:   -0.4
[G05-W05] t=0.60s | Des_P:   0.0 | Des_R:   0.0 | Des_Y:   0.0 | Act_P:   -3.6 | Act_R:    2.1 | Act_Y:    0.4
[G05-W02] t=0.60s | Des_P:   0.0 | Des_R:   0.0 | Des_Y:   0.0 | Act_P:   -2.9 | Act_R:    1.3 | Act_Y:    0.2
[G05-W01] t=0.60s | Des_P:   0.0 | Des_R:   0.0 | Des_Y:   0.0 | Act_P:   -3.0 | Act_R:    1.8 | Act_Y:    0.5
[G05-W04] t=1.00s | Des_P:   0.0 | Des_R:   0.0 | Des_Y:   0.0 | Act_P:   -2.6 | Act_R:    0.4 | Act_Y:   -0.5
[G05-W03] t=0.80s | Des_P:   0.0 | Des_R:   0.0 | Des_Y:   0.0 | Act_P:   -5.0 | Act_R:    1.5 | Act_Y:   -0.2
[G05-W06] t=0.80s | Des_P:   0.0 | Des_R:   0.0 | Des_Y:   0.0 | Act_P:   -5.9 | Act_R:    2.7 | Act_Y:    0.1
[G05-W05] t=0.80s | Des_P:   0.0 | Des_R:   0.0 | Des_Y:   0.0 | Act_P:   -5.1 | Act_R:    1.9 | Act_Y:   -0.0
[G05-W02] t=0.80s | Des_P:   0.0 | Des_R:   0.0 | Des_Y:   0.0 | Act_P:   -4.0 | Act_R:    1.0 | Act_Y:   -0.2
[G05-W01] t=0.80s | Des_P:   0.0 | Des_R:   0.0 | Des_Y:   0.0 | Act_P:   -4.5 | Act_R:    1.6 | Act_Y:    0.0
[G05-W04] t=1.20s | Des_P:   9.4 | Des_R:   0.0 | Des_Y:   0.0 | Act_P:   10.8 | Act_R:   -1.0 | Act_Y:   -1.3
[G05-W03] t=1.00s | Des_P:   0.0 | Des_R:   0.0 | Des_Y:   0.0 | Act_P:   -5.2 | Act_R:    1.3 | Act_Y:   -0.6
[G05-W06] t=1.00s | Des_P:   0.0 | Des_R:   0.0 | Des_Y:   0.0 | Act_P:   -6.8 | Act_R:    2.4 | Act_Y:   -0.4
[G05-W05] t=1.00s | Des_P:   0.0 | Des_R:   0.0 | Des_Y:   0.0 | Act_P:   -5.9 | Act_R:    1.8 | Act_Y:   -0.4
[G05-W02] t=1.00s | Des_P:   0.0 | Des_R:   0.0 | Des_Y:   0.0 | Act_P:   -4.5 | Act_R:    0.8 | Act_Y:   -0.5
[G05-W04] t=1.40s | Des_P:  35.6 | Des_R:   0.0 | Des_Y:   0.0 | Act_P:   36.4 | Act_R:   -0.6 | Act_Y:   -0.9
[G05-W01] t=1.00s | Des_P:   0.0 | Des_R:   0.0 | Des_Y:   0.0 | Act_P:   -5.3 | Act_R:    1.3 | Act_Y:   -0.4
[G05-W03] t=1.20s | Des_P:   9.4 | Des_R:   0.0 | Des_Y:   0.0 | Act_P:    7.2 | Act_R:   -0.2 | Act_Y:   -1.4
[G05-W06] t=1.20s | Des_P:   9.4 | Des_R:   0.0 | Des_Y:   0.0 | Act_P:    5.2 | Act_R:    1.3 | Act_Y:   -1.4
[G05-W04] t=1.60s | Des_P:  45.0 | Des_R:   0.0 | Des_Y:   0.0 | Act_P:   42.7 | Act_R:    1.5 | Act_Y:   -0.1
[G05-W05] t=1.20s | Des_P:   9.4 | Des_R:   0.0 | Des_Y:   0.0 | Act_P:    5.9 | Act_R:    0.6 | Act_Y:   -1.4
[G05-W02] t=1.20s | Des_P:   9.4 | Des_R:   0.0 | Des_Y:   0.0 | Act_P:    7.3 | Act_R:   -0.3 | Act_Y:   -1.3
[G05-W01] t=1.20s | Des_P:   9.4 | Des_R:   0.0 | Des_Y:   0.0 | Act_P:    6.2 | Act_R:    0.2 | Act_Y:   -1.4
[G05-W04] t=1.80s | Des_P:  45.0 | Des_R:   0.0 | Des_Y:   0.0 | Act_P:   43.0 | Act_R:    1.6 | Act_Y:   -0.1
[G05-W03] t=1.40s | Des_P:  35.6 | Des_R:   0.0 | Des_Y:   0.0 | Act_P:   33.8 | Act_R:   -0.3 | Act_Y:   -1.3
[G05-W06] t=1.40s | Des_P:  35.6 | Des_R:   0.0 | Des_Y:   0.0 | Act_P:   31.3 | Act_R:    0.7 | Act_Y:   -1.6
[G05-W05] t=1.40s | Des_P:  35.6 | Des_R:   0.0 | Des_Y:   0.0 | Act_P:   32.0 | Act_R:    0.3 | Act_Y:   -1.4
[G05-W02] t=1.40s | Des_P:  35.6 | Des_R:   0.0 | Des_Y:   0.0 | Act_P:   33.8 | Act_R:   -0.4 | Act_Y:   -1.1
[G05-W04] t=2.00s | Des_P:  45.0 | Des_R:   0.0 | Des_Y:   0.0 | Act_P:   42.5 | Act_R:    1.5 | Act_Y:    0.0
[G05-W01] t=1.40s | Des_P:  35.6 | Des_R:   0.0 | Des_Y:   0.0 | Act_P:   32.3 | Act_R:   -0.1 | Act_Y:   -1.4
[G05-W03] t=1.60s | Des_P:  45.0 | Des_R:   0.0 | Des_Y:   0.0 | Act_P:   41.7 | Act_R:    0.9 | Act_Y:   -0.6
[G05-W06] t=1.60s | Des_P:  45.0 | Des_R:   0.0 | Des_Y:   0.0 | Act_P:   39.5 | Act_R:    1.7 | Act_Y:   -0.9
[G05-W05] t=1.60s | Des_P:  45.0 | Des_R:   0.0 | Des_Y:   0.0 | Act_P:   40.3 | Act_R:    1.3 | Act_Y:   -0.7
[G05-W04] t=2.20s | Des_P:  45.0 | Des_R:   0.0 | Des_Y:   0.0 | Act_P:   40.7 | Act_R:    1.2 | Act_Y:    0.1
[G05-W02] t=1.60s | Des_P:  45.0 | Des_R:   0.0 | Des_Y:   0.0 | Act_P:   41.9 | Act_R:    0.7 | Act_Y:   -0.5
[G05-W01] t=1.60s | Des_P:  45.0 | Des_R:   0.0 | Des_Y:   0.0 | Act_P:   40.7 | Act_R:    0.8 | Act_Y:   -0.7
[G05-W03] t=1.80s | Des_P:  45.0 | Des_R:   0.0 | Des_Y:   0.0 | Act_P:   41.8 | Act_R:    1.5 | Act_Y:   -0.3
[G05-W06] t=1.80s | Des_P:  45.0 | Des_R:   0.0 | Des_Y:   0.0 | Act_P:   39.8 | Act_R:    2.5 | Act_Y:   -0.6
[G05-W04] t=2.40s | Des_P:  45.0 | Des_R:   0.0 | Des_Y:   0.0 | Act_P:   38.8 | Act_R:    0.8 | Act_Y:    0.0
[G05-W05] t=1.80s | Des_P:  45.0 | Des_R:   0.0 | Des_Y:   0.0 | Act_P:   40.5 | Act_R:    2.0 | Act_Y:   -0.4
[G05-W02] t=1.80s | Des_P:  45.0 | Des_R:   0.0 | Des_Y:   0.0 | Act_P:   41.8 | Act_R:    1.3 | Act_Y:   -0.2
[G05-W01] t=1.80s | Des_P:  45.0 | Des_R:   0.0 | Des_Y:   0.0 | Act_P:   40.5 | Act_R:    1.5 | Act_Y:   -0.4
[G05-W03] t=2.00s | Des_P:  45.0 | Des_R:   0.0 | Des_Y:   0.0 | Act_P:   41.6 | Act_R:    1.7 | Act_Y:   -0.1
[G05-W06] t=2.00s | Des_P:  45.0 | Des_R:   0.0 | Des_Y:   0.0 | Act_P:   39.5 | Act_R:    2.9 | Act_Y:   -0.3
[G05-W04] t=2.60s | Des_P:  45.0 | Des_R:   0.0 | Des_Y:   0.0 | Act_P:   37.3 | Act_R:    0.3 | Act_Y:   -0.1
[G05-W05] t=2.00s | Des_P:  45.0 | Des_R:   0.0 | Des_Y:   0.0 | Act_P:   40.1 | Act_R:    2.3 | Act_Y:   -0.2
[G05-W02] t=2.00s | Des_P:  45.0 | Des_R:   0.0 | Des_Y:   0.0 | Act_P:   42.1 | Act_R:    1.3 | Act_Y:   -0.0
[G05-W01] t=2.00s | Des_P:  45.0 | Des_R:   0.0 | Des_Y:   0.0 | Act_P:   40.4 | Act_R:    1.7 | Act_Y:   -0.2
[G05-W03] t=2.20s | Des_P:  45.0 | Des_R:   0.0 | Des_Y:   0.0 | Act_P:   40.5 | Act_R:    1.6 | Act_Y:    0.1
[G05-W04] t=2.80s | Des_P:  45.0 | Des_R:   0.0 | Des_Y:   0.0 | Act_P:   36.4 | Act_R:    0.2 | Act_Y:   -0.4
[G05-W06] t=2.20s | Des_P:  45.0 | Des_R:   0.0 | Des_Y:   0.0 | Act_P:   38.0 | Act_R:    3.0 | Act_Y:   -0.2
[G05-W05] t=2.20s | Des_P:  45.0 | Des_R:   0.0 | Des_Y:   0.0 | Act_P:   39.0 | Act_R:    2.2 | Act_Y:   -0.1
[G05-W02] t=2.20s | Des_P:  45.0 | Des_R:   0.0 | Des_Y:   0.0 | Act_P:   41.7 | Act_R:    1.1 | Act_Y:    0.1
[G05-W04] t=3.00s | Des_P:  45.0 | Des_R:   0.0 | Des_Y:   0.0 | Act_P:   36.3 | Act_R:    0.6 | Act_Y:   -0.4
[G05-W01] t=2.20s | Des_P:  45.0 | Des_R:   0.0 | Des_Y:   0.0 | Act_P:   40.0 | Act_R:    1.5 | Act_Y:   -0.1
[G05-W03] t=2.40s | Des_P:  45.0 | Des_R:   0.0 | Des_Y:   0.0 | Act_P:   38.9 | Act_R:    1.3 | Act_Y:    0.1
[G05-W06] t=2.40s | Des_P:  45.0 | Des_R:   0.0 | Des_Y:   0.0 | Act_P:   36.0 | Act_R:    3.0 | Act_Y:   -0.1
[G05-W05] t=2.40s | Des_P:  45.0 | Des_R:   0.0 | Des_Y:   0.0 | Act_P:   37.6 | Act_R:    2.0 | Act_Y:   -0.0
[G05-W04] t=3.20s | Des_P:  45.0 | Des_R:   7.3 | Des_Y:   0.0 | Act_P:   37.0 | Act_R:   11.6 | Act_Y:   -0.7
[G05-W01] t=2.40s | Des_P:  45.0 | Des_R:   0.0 | Des_Y:   0.0 | Act_P:   39.2 | Act_R:    1.3 | Act_Y:    0.0
[G05-W02] t=2.40s | Des_P:  45.0 | Des_R:   0.0 | Des_Y:   0.0 | Act_P:   40.8 | Act_R:    0.7 | Act_Y:    0.1
[G05-W03] t=2.60s | Des_P:  45.0 | Des_R:   0.0 | Des_Y:   0.0 | Act_P:   37.2 | Act_R:    0.9 | Act_Y:   -0.1
[G05-W06] t=2.60s | Des_P:  45.0 | Des_R:   0.0 | Des_Y:   0.0 | Act_P:   33.9 | Act_R:    2.6 | Act_Y:   -0.2
[G05-W04] t=3.40s | Des_P:  45.0 | Des_R:  27.7 | Des_Y:   0.0 | Act_P:   39.7 | Act_R:   33.7 | Act_Y:   -1.4
[G05-W05] t=2.60s | Des_P:  45.0 | Des_R:   0.0 | Des_Y:   0.0 | Act_P:   36.0 | Act_R:    1.6 | Act_Y:   -0.1
[G05-W01] t=2.60s | Des_P:  45.0 | Des_R:   0.0 | Des_Y:   0.0 | Act_P:   38.2 | Act_R:    0.8 | Act_Y:   -0.0
[G05-W02] t=2.60s | Des_P:  45.0 | Des_R:   0.0 | Des_Y:   0.0 | Act_P:   39.8 | Act_R:    0.3 | Act_Y:    0.0
[G05-W03] t=2.80s | Des_P:  45.0 | Des_R:   0.0 | Des_Y:   0.0 | Act_P:   35.9 | Act_R:    0.7 | Act_Y:   -0.2
[G05-W06] t=2.80s | Des_P:  45.0 | Des_R:   0.0 | Des_Y:   0.0 | Act_P:   32.0 | Act_R:    2.4 | Act_Y:   -0.3
[G05-W05] t=2.80s | Des_P:  45.0 | Des_R:   0.0 | Des_Y:   0.0 | Act_P:   34.7 | Act_R:    1.4 | Act_Y:   -0.2
[G05-W04] t=3.60s | Des_P:  45.0 | Des_R:  35.0 | Des_Y:   0.0 | Act_P:   43.6 | Act_R:   40.6 | Act_Y:   -0.8
[G05-W01] t=2.80s | Des_P:  45.0 | Des_R:   0.0 | Des_Y:   0.0 | Act_P:   37.4 | Act_R:    0.5 | Act_Y:   -0.2
[G05-W02] t=2.80s | Des_P:  45.0 | Des_R:   0.0 | Des_Y:   0.0 | Act_P:   39.0 | Act_R:    0.0 | Act_Y:   -0.1
[G05-W03] t=3.00s | Des_P:  45.0 | Des_R:   0.0 | Des_Y:   0.0 | Act_P:   35.2 | Act_R:    0.7 | Act_Y:   -0.4
[G05-W06] t=3.00s | Des_P:  45.0 | Des_R:   0.0 | Des_Y:   0.0 | Act_P:   30.8 | Act_R:    2.4 | Act_Y:   -0.5
[G05-W05] t=3.00s | Des_P:  45.0 | Des_R:   0.0 | Des_Y:   0.0 | Act_P:   33.8 | Act_R:    1.4 | Act_Y:   -0.4
[G05-W01] t=3.00s | Des_P:  45.0 | Des_R:   0.0 | Des_Y:   0.0 | Act_P:   36.9 | Act_R:    0.4 | Act_Y:   -0.3
[G05-W03] t=3.20s | Des_P:  45.0 | Des_R:   7.3 | Des_Y:   0.0 | Act_P:   35.3 | Act_R:   11.2 | Act_Y:   -0.6
[G05-W06] t=3.20s | Des_P:  45.0 | Des_R:   7.3 | Des_Y:   0.0 | Act_P:   30.4 | Act_R:   12.8 | Act_Y:   -0.8
[G05-W02] t=3.00s | Des_P:  45.0 | Des_R:   0.0 | Des_Y:   0.0 | Act_P:   38.5 | Act_R:    0.1 | Act_Y:   -0.3
[G05-W04] t=3.80s | Des_P:  45.0 | Des_R:  35.0 | Des_Y:   0.0 | Act_P:   46.0 | Act_R:   41.1 | Act_Y:   -0.6
[G05-W05] t=3.20s | Des_P:  45.0 | Des_R:   7.3 | Des_Y:   0.0 | Act_P:   33.6 | Act_R:   11.6 | Act_Y:   -0.7
[G05-W01] t=3.20s | Des_P:  45.0 | Des_R:   7.3 | Des_Y:   0.0 | Act_P:   36.8 | Act_R:   10.3 | Act_Y:   -0.5
[G05-W03] t=3.40s | Des_P:  45.0 | Des_R:  27.7 | Des_Y:   0.0 | Act_P:   36.8 | Act_R:   32.8 | Act_Y:   -1.3
[G05-W06] t=3.40s | Des_P:  45.0 | Des_R:  27.7 | Des_Y:   0.0 | Act_P:   31.9 | Act_R:   34.8 | Act_Y:   -1.3
[G05-W02] t=3.20s | Des_P:  45.0 | Des_R:   7.3 | Des_Y:   0.0 | Act_P:   38.6 | Act_R:    9.9 | Act_Y:   -0.5
[G05-W05] t=3.40s | Des_P:  45.0 | Des_R:  27.7 | Des_Y:   0.0 | Act_P:   35.0 | Act_R:   33.3 | Act_Y:   -1.1
[G05-W04] t=4.00s | Des_P:  45.0 | Des_R:  35.0 | Des_Y:   0.0 | Act_P:   47.7 | Act_R:   40.8 | Act_Y:    0.0
[G05-W01] t=3.40s | Des_P:  45.0 | Des_R:  27.7 | Des_Y:   0.0 | Act_P:   38.0 | Act_R:   31.8 | Act_Y:   -0.9
[G05-W06] t=3.60s | Des_P:  45.0 | Des_R:  35.0 | Des_Y:   0.0 | Act_P:   35.2 | Act_R:   41.9 | Act_Y:   -1.6
[G05-W03] t=3.60s | Des_P:  45.0 | Des_R:  35.0 | Des_Y:   0.0 | Act_P:   40.3 | Act_R:   40.0 | Act_Y:   -1.1
[G05-W02] t=3.40s | Des_P:  45.0 | Des_R:  27.7 | Des_Y:   0.0 | Act_P:   39.9 | Act_R:   31.2 | Act_Y:   -1.0
[G05-W04] t=4.20s | Des_P:  45.0 | Des_R:  35.0 | Des_Y:   0.0 | Act_P:   48.5 | Act_R:   39.9 | Act_Y:    0.2
[G05-W05] t=3.60s | Des_P:  45.0 | Des_R:  35.0 | Des_Y:   0.0 | Act_P:   38.0 | Act_R:   40.2 | Act_Y:   -1.3
[G05-W06] t=3.80s | Des_P:  45.0 | Des_R:  35.0 | Des_Y:   0.0 | Act_P:   39.0 | Act_R:   44.0 | Act_Y:   -1.2
[G05-W03] t=3.80s | Des_P:  45.0 | Des_R:  35.0 | Des_Y:   0.0 | Act_P:   43.7 | Act_R:   41.6 | Act_Y:   -0.6
[G05-W01] t=3.60s | Des_P:  45.0 | Des_R:  35.0 | Des_Y:   0.0 | Act_P:   40.8 | Act_R:   38.7 | Act_Y:   -0.9
[G05-W05] t=3.80s | Des_P:  45.0 | Des_R:  35.0 | Des_Y:   0.0 | Act_P:   41.3 | Act_R:   42.0 | Act_Y:   -0.8
[G05-W06] t=4.00s | Des_P:  45.0 | Des_R:  35.0 | Des_Y:   0.0 | Act_P:   42.0 | Act_R:   44.7 | Act_Y:   -0.9
[G05-W02] t=3.60s | Des_P:  45.0 | Des_R:  35.0 | Des_Y:   0.0 | Act_P:   42.8 | Act_R:   38.1 | Act_Y:   -0.8
[G05-W04] t=4.40s | Des_P:  45.0 | Des_R:  35.0 | Des_Y:   0.0 | Act_P:   49.1 | Act_R:   38.6 | Act_Y:    0.3
[G05-W03] t=4.00s | Des_P:  45.0 | Des_R:  35.0 | Des_Y:   0.0 | Act_P:   45.9 | Act_R:   41.5 | Act_Y:   -0.4
[G05-W01] t=3.80s | Des_P:  45.0 | Des_R:  35.0 | Des_Y:   0.0 | Act_P:   43.6 | Act_R:   40.1 | Act_Y:   -0.7
[G05-W05] t=4.00s | Des_P:  45.0 | Des_R:  35.0 | Des_Y:   0.0 | Act_P:   43.9 | Act_R:   42.6 | Act_Y:   -0.4
[G05-W06] t=4.20s | Des_P:  45.0 | Des_R:  35.0 | Des_Y:   0.0 | Act_P:   44.3 | Act_R:   44.6 | Act_Y:   -0.7
[G05-W01] t=4.00s | Des_P:  45.0 | Des_R:  35.0 | Des_Y:   0.0 | Act_P:   45.7 | Act_R:   40.2 | Act_Y:   -0.5
[G05-W02] t=3.80s | Des_P:  45.0 | Des_R:  35.0 | Des_Y:   0.0 | Act_P:   45.4 | Act_R:   39.2 | Act_Y:   -0.5
[G05-W03] t=4.20s | Des_P:  45.0 | Des_R:  35.0 | Des_Y:   0.0 | Act_P:   47.3 | Act_R:   40.7 | Act_Y:   -0.3
[G05-W04] t=4.60s | Des_P:  45.0 | Des_R:  35.0 | Des_Y:   0.0 | Act_P:   49.4 | Act_R:   37.5 | Act_Y:    0.0
[G05-W05] t=4.20s | Des_P:  45.0 | Des_R:  35.0 | Des_Y:   0.0 | Act_P:   45.5 | Act_R:   41.9 | Act_Y:   -0.4
[G05-W06] t=4.40s | Des_P:  45.0 | Des_R:  35.0 | Des_Y:   0.0 | Act_P:   46.2 | Act_R:   43.9 | Act_Y:   -0.2
[G05-W03] t=4.40s | Des_P:  45.0 | Des_R:  35.0 | Des_Y:   0.0 | Act_P:   48.7 | Act_R:   39.5 | Act_Y:   -0.0
[G05-W01] t=4.20s | Des_P:  45.0 | Des_R:  35.0 | Des_Y:   0.0 | Act_P:   47.5 | Act_R:   39.7 | Act_Y:   -0.3
[G05-W04] t=4.80s | Des_P:  45.0 | Des_R:  35.0 | Des_Y:   0.0 | Act_P:   49.4 | Act_R:   36.9 | Act_Y:   -0.5
[G05-W02] t=4.00s | Des_P:  45.0 | Des_R:  35.0 | Des_Y:   0.0 | Act_P:   47.1 | Act_R:   38.9 | Act_Y:   -0.4
[G05-W05] t=4.40s | Des_P:  45.0 | Des_R:  35.0 | Des_Y:   0.0 | Act_P:   47.0 | Act_R:   41.1 | Act_Y:   -0.1
[G05-W06] t=4.60s | Des_P:  45.0 | Des_R:  35.0 | Des_Y:   0.0 | Act_P:   47.2 | Act_R:   42.5 | Act_Y:   -0.4
[G05-W03] t=4.60s | Des_P:  45.0 | Des_R:  35.0 | Des_Y:   0.0 | Act_P:   49.6 | Act_R:   38.5 | Act_Y:    0.0
[G05-W01] t=4.40s | Des_P:  45.0 | Des_R:  35.0 | Des_Y:   0.0 | Act_P:   49.1 | Act_R:   38.6 | Act_Y:    0.1
[G05-W04] t=5.00s | Des_P:  45.0 | Des_R:  35.0 | Des_Y:   0.0 | Act_P:   49.7 | Act_R:   37.0 | Act_Y:   -0.7
[G05-W06] t=4.80s | Des_P:  45.0 | Des_R:  35.0 | Des_Y:   0.0 | Act_P:   47.7 | Act_R:   41.0 | Act_Y:   -1.3
[G05-W02] t=4.20s | Des_P:  45.0 | Des_R:  35.0 | Des_Y:   0.0 | Act_P:   48.5 | Act_R:   38.2 | Act_Y:   -0.1
[G05-W05] t=4.60s | Des_P:  45.0 | Des_R:  35.0 | Des_Y:   0.0 | Act_P:   48.0 | Act_R:   40.1 | Act_Y:   -0.2
[G05-W03] t=4.80s | Des_P:  45.0 | Des_R:  35.0 | Des_Y:   0.0 | Act_P:   49.5 | Act_R:   37.2 | Act_Y:   -0.8
[G05-W04] t=5.20s | Des_P:  45.0 | Des_R:  35.0 | Des_Y:  10.5 | Act_P:   45.8 | Act_R:   30.4 | Act_Y:    8.1
[G05-W01] t=4.60s | Des_P:  45.0 | Des_R:  35.0 | Des_Y:   0.0 | Act_P:   50.0 | Act_R:   37.7 | Act_Y:   -0.0
[G05-W05] t=4.80s | Des_P:  45.0 | Des_R:  35.0 | Des_Y:   0.0 | Act_P:   48.2 | Act_R:   39.0 | Act_Y:   -0.9
[G05-W06] t=5.00s | Des_P:  45.0 | Des_R:  35.0 | Des_Y:   0.0 | Act_P:   48.2 | Act_R:   40.4 | Act_Y:   -1.9
[G05-W02] t=4.40s | Des_P:  45.0 | Des_R:  35.0 | Des_Y:   0.0 | Act_P:   49.6 | Act_R:   37.4 | Act_Y:    0.2
[G05-W04] t=5.40s | Des_P:  45.0 | Des_R:  35.0 | Des_Y:  39.5 | Act_P:   46.0 | Act_R:    9.3 | Act_Y:   10.1
[G05-W03] t=5.00s | Des_P:  45.0 | Des_R:  35.0 | Des_Y:   0.0 | Act_P:   50.0 | Act_R:   37.2 | Act_Y:   -1.1
[G05-W01] t=4.80s | Des_P:  45.0 | Des_R:  35.0 | Des_Y:   0.0 | Act_P:   50.1 | Act_R:   36.4 | Act_Y:   -0.7
[G05-W04] t=5.60s | Des_P:  45.0 | Des_R:  35.0 | Des_Y:  50.0 | Act_P:   47.0 | Act_R:   -5.8 | Act_Y:   10.3
[G05-W06] t=5.20s | Des_P:  45.0 | Des_R:  35.0 | Des_Y:  10.5 | Act_P:   47.0 | Act_R:   29.5 | Act_Y:    8.3
[G05-W05] t=5.00s | Des_P:  45.0 | Des_R:  35.0 | Des_Y:   0.0 | Act_P:   48.8 | Act_R:   38.9 | Act_Y:   -1.2
[G05-W02] t=4.60s | Des_P:  45.0 | Des_R:  35.0 | Des_Y:   0.0 | Act_P:   50.1 | Act_R:   36.4 | Act_Y:    0.1
[G05-W04] t=5.80s | Des_P:  45.0 | Des_R:  35.0 | Des_Y:  50.0 | Act_P:   46.9 | Act_R:  -16.5 | Act_Y:   20.3
[G05-W03] t=5.20s | Des_P:  45.0 | Des_R:  35.0 | Des_Y:  10.5 | Act_P:   47.7 | Act_R:   27.3 | Act_Y:    8.6
[G05-W06] t=5.40s | Des_P:  45.0 | Des_R:  35.0 | Des_Y:  39.5 | Act_P:   47.1 | Act_R:    7.6 | Act_Y:   10.0
[G05-W01] t=5.00s | Des_P:  45.0 | Des_R:  35.0 | Des_Y:   0.0 | Act_P:   50.4 | Act_R:   36.3 | Act_Y:   -1.0
[G05-W05] t=5.20s | Des_P:  45.0 | Des_R:  35.0 | Des_Y:  10.5 | Act_P:   47.0 | Act_R:   28.6 | Act_Y:    8.7
[G05-W06] t=5.60s | Des_P:  45.0 | Des_R:  35.0 | Des_Y:  50.0 | Act_P:   47.3 | Act_R:   -6.9 | Act_Y:   10.4
[G05-W03] t=5.40s | Des_P:  45.0 | Des_R:  35.0 | Des_Y:  39.5 | Act_P:   47.9 | Act_R:    4.8 | Act_Y:   10.0
[G05-W04] t=6.00s | Des_P:  45.0 | Des_R:  35.0 | Des_Y:  50.0 | Act_P:   48.2 | Act_R:  -26.3 | Act_Y:   36.6
[G05-W04] Kp=408.2, Gton=8.760 | Err=0.6911
[G05-W02] t=4.80s | Des_P:  45.0 | Des_R:  35.0 | Des_Y:   0.0 | Act_P:   49.9 | Act_R:   35.6 | Act_Y:   -0.4
0.6911172297928962
[Fixation Controller] Initialized 3-DOF Virtual Work tracking for Eyes.
Eval CRASHED: G05-W04 | Kp=408.25, Ki=54.68, Kd=49.68
[G05-W05] t=5.40s | Des_P:  45.0 | Des_R:  35.0 | Des_Y:  39.5 | Act_P:   47.0 | Act_R:    7.0 | Act_Y:   10.1
[G05-W03] t=5.60s | Des_P:  45.0 | Des_R:  35.0 | Des_Y:  50.0 | Act_P:   48.0 | Act_R:   -8.9 | Act_Y:   10.4
[G05-W06] t=5.80s | Des_P:  45.0 | Des_R:  35.0 | Des_Y:  50.0 | Act_P:   47.6 | Act_R:  -13.7 | Act_Y:   20.3
[G05-W01] t=5.20s | Des_P:  45.0 | Des_R:  35.0 | Des_Y:  10.5 | Act_P:   48.9 | Act_R:   24.9 | Act_Y:    8.8
[G05-W05] t=5.60s | Des_P:  45.0 | Des_R:  35.0 | Des_Y:  50.0 | Act_P:   47.4 | Act_R:   -9.7 | Act_Y:   10.4
[G05-W02] t=5.00s | Des_P:  45.0 | Des_R:  35.0 | Des_Y:   0.0 | Act_P:   49.9 | Act_R:   35.6 | Act_Y:   -0.8
[G05-W03] t=5.80s | Des_P:  45.0 | Des_R:  35.0 | Des_Y:  50.0 | Act_P:   48.2 | Act_R:  -18.7 | Act_Y:   20.3
[G05-W01] t=5.40s | Des_P:  45.0 | Des_R:  35.0 | Des_Y:  39.5 | Act_P:   48.9 | Act_R:    3.9 | Act_Y:   10.0
[G05-W06] t=6.00s | Des_P:  45.0 | Des_R:  35.0 | Des_Y:  50.0 | Act_P:   47.8 | Act_R:   -2.2 | Act_Y:   30.4
[G05-W06] Kp=241.6, Gton=8.760 | Err=0.6904
0.6904154384688779
[Fixation Controller] Initialized 3-DOF Virtual Work tracking for Eyes.
Eval CRASHED: G05-W06 | Kp=241.61, Ki=8.39, Kd=109.37
[G05-W05] t=5.80s | Des_P:  45.0 | Des_R:  35.0 | Des_Y:  50.0 | Act_P:   47.5 | Act_R:  -21.8 | Act_Y:   20.3
[G05-W01] t=5.60s | Des_P:  45.0 | Des_R:  35.0 | Des_Y:  50.0 | Act_P:   49.1 | Act_R:  -10.2 | Act_Y:   10.3
[G05-W03] t=6.00s | Des_P:  45.0 | Des_R:  35.0 | Des_Y:  50.0 | Act_P:   48.8 | Act_R:  -20.2 | Act_Y:   35.5
[G05-W03] Kp=356.7, Gton=8.760 | Err=0.7501
0.7501035060118832
[Fixation Controller] Initialized 3-DOF Virtual Work tracking for Eyes.
Eval CRASHED: G05-W03 | Kp=356.72, Ki=56.90, Kd=103.28
[G05-W02] t=5.20s | Des_P:  45.0 | Des_R:  35.0 | Des_Y:  10.5 | Act_P:   48.1 | Act_R:   25.1 | Act_Y:    9.1
[G05-W01] t=5.80s | Des_P:  45.0 | Des_R:  35.0 | Des_Y:  50.0 | Act_P:   49.1 | Act_R:  -20.0 | Act_Y:   20.2
[G05-W05] t=6.00s | Des_P:  45.0 | Des_R:  35.0 | Des_Y:  50.0 | Act_P:   48.3 | Act_R:  -15.3 | Act_Y:   31.8
[G05-W05] Kp=329.9, Gton=8.760 | Err=0.7562
0.7562428934838821
[Fixation Controller] Initialized 3-DOF Virtual Work tracking for Eyes.
Eval CRASHED: G05-W05 | Kp=329.89, Ki=21.98, Kd=121.94
[G05-W02] t=5.40s | Des_P:  45.0 | Des_R:  35.0 | Des_Y:  39.5 | Act_P:   48.0 | Act_R:    3.7 | Act_Y:   10.0
[G05-W02] t=5.60s | Des_P:  45.0 | Des_R:  35.0 | Des_Y:  50.0 | Act_P:   48.1 | Act_R:  -10.0 | Act_Y:   10.4
[G05-W01] t=6.00s | Des_P:  45.0 | Des_R:  35.0 | Des_Y:  50.0 | Act_P:   48.6 | Act_R:  -15.1 | Act_Y:   32.9
[G05-W01] Kp=389.6, Gton=8.760 | Err=0.7440
0.7440067233571469
[Fixation Controller] Initialized 3-DOF Virtual Work tracking for Eyes.
Eval CRASHED: G05-W01 | Kp=389.64, Ki=100.29, Kd=151.81
[G05-W02] t=5.80s | Des_P:  45.0 | Des_R:  35.0 | Des_Y:  50.0 | Act_P:   48.2 | Act_R:  -19.9 | Act_Y:   20.2
[G05-W02] t=6.00s | Des_P:  45.0 | Des_R:  35.0 | Des_Y:  50.0 | Act_P:   48.4 | Act_R:  -27.4 | Act_Y:   36.1
[G05-W02] Kp=484.7, Gton=8.760 | Err=0.7655
0.7654927825651108
[Fixation Controller] Initialized 3-DOF Virtual Work tracking for Eyes.
Eval CRASHED: G05-W02 | Kp=484.67, Ki=148.53, Kd=144.51
    5     30 1.359363682544162e+06 2.1e+00 1.28e+02  1e+02  2e+02 54:49.7  
Gen 5: Best Error = 1359363.68 | Kp=241.61, Ki=8.39, Kd=109.37

--- Generation 6 ---
Found simbody-visualizer, setting SIMBODY_HOME env var to  C:\Users\User\miniforge3\envs\opensim_env\Lib\opensim
Found simbody-visualizer, setting SIMBODY_HOME env var to  C:\Users\User\miniforge3\envs\opensim_env\Lib\opensim
Found simbody-visualizer, setting SIMBODY_HOME env var to  C:\Users\User\miniforge3\envs\opensim_env\Lib\opensim
Found simbody-visualizer, setting SIMBODY_HOME env var to  C:\Users\User\miniforge3\envs\opensim_env\Lib\opensim
Found simbody-visualizer, setting SIMBODY_HOME env var to  C:\Users\User\miniforge3\envs\opensim_env\Lib\opensim
Found simbody-visualizer, setting SIMBODY_HOME env var to  C:\Users\User\miniforge3\envs\opensim_env\Lib\opensim
[G06-W06] t=0.20s | Des_P:   0.0 | Des_R:   0.0 | Des_Y:   0.0 | Act_P:   -8.2 | Act_R:    5.7 | Act_Y:   -0.7
[G06-W04] t=0.20s | Des_P:   0.0 | Des_R:   0.0 | Des_Y:   0.0 | Act_P:   -1.6 | Act_R:    1.9 | Act_Y:    0.1
[G06-W02] t=0.20s | Des_P:   0.0 | Des_R:   0.0 | Des_Y:   0.0 | Act_P:   -1.1 | Act_R:    1.6 | Act_Y:    0.1
[G06-W01] t=0.20s | Des_P:   0.0 | Des_R:   0.0 | Des_Y:   0.0 | Act_P:   -0.0 | Act_R:    2.2 | Act_Y:    1.5
[G06-W05] t=0.20s | Des_P:   0.0 | Des_R:   0.0 | Des_Y:   0.0 | Act_P:    0.2 | Act_R:    3.1 | Act_Y:    2.0
[G06-W03] t=0.20s | Des_P:   0.0 | Des_R:   0.0 | Des_Y:   0.0 | Act_P:    0.2 | Act_R:    2.0 | Act_Y:    1.8
[G06-W06] t=0.40s | Des_P:   0.0 | Des_R:   0.0 | Des_Y:   0.0 | Act_P:   -5.3 | Act_R:   -4.3 | Act_Y:    3.6
[G06-W02] t=0.40s | Des_P:   0.0 | Des_R:   0.0 | Des_Y:   0.0 | Act_P:   -3.2 | Act_R:    1.4 | Act_Y:   -0.5
[G06-W04] t=0.40s | Des_P:   0.0 | Des_R:   0.0 | Des_Y:   0.0 | Act_P:   -4.0 | Act_R:    2.0 | Act_Y:   -0.7
[G06-W05] t=0.40s | Des_P:   0.0 | Des_R:   0.0 | Des_Y:   0.0 | Act_P:   -2.8 | Act_R:    3.7 | Act_Y:    1.3
[G06-W01] t=0.40s | Des_P:   0.0 | Des_R:   0.0 | Des_Y:   0.0 | Act_P:   -2.1 | Act_R:    2.2 | Act_Y:    0.9
[G06-W06] t=0.60s | Des_P:   0.0 | Des_R:   0.0 | Des_Y:   0.0 | Act_P:    3.7 | Act_R:   12.6 | Act_Y:   -2.2
[G06-W03] t=0.40s | Des_P:   0.0 | Des_R:   0.0 | Des_Y:   0.0 | Act_P:   -1.4 | Act_R:    2.1 | Act_Y:    1.1
[G06-W02] t=0.60s | Des_P:   0.0 | Des_R:   0.0 | Des_Y:   0.0 | Act_P:   -4.1 | Act_R:    1.2 | Act_Y:   -0.6
[G06-W04] t=0.60s | Des_P:   0.0 | Des_R:   0.0 | Des_Y:   0.0 | Act_P:   -4.7 | Act_R:    2.2 | Act_Y:   -0.8
[G06-W06] t=0.80s | Des_P:   0.0 | Des_R:   0.0 | Des_Y:   0.0 | Act_P:    5.1 | Act_R:   -5.8 | Act_Y:   -0.2
[G06-W05] t=0.60s | Des_P:   0.0 | Des_R:   0.0 | Des_Y:   0.0 | Act_P:   -5.7 | Act_R:    4.7 | Act_Y:    0.9
[G06-W04] t=0.80s | Des_P:   0.0 | Des_R:   0.0 | Des_Y:   0.0 | Act_P:   -4.4 | Act_R:    2.2 | Act_Y:   -0.7
[G06-W01] t=0.60s | Des_P:   0.0 | Des_R:   0.0 | Des_Y:   0.0 | Act_P:   -3.9 | Act_R:    2.5 | Act_Y:    0.5
[G06-W02] t=0.80s | Des_P:   0.0 | Des_R:   0.0 | Des_Y:   0.0 | Act_P:   -4.0 | Act_R:    1.4 | Act_Y:   -0.5
[G06-W06] t=1.00s | Des_P:   0.0 | Des_R:   0.0 | Des_Y:   0.0 | Act_P:   -5.7 | Act_R:   -0.9 | Act_Y:   -5.4
[G06-W03] t=0.60s | Des_P:   0.0 | Des_R:   0.0 | Des_Y:   0.0 | Act_P:   -3.0 | Act_R:    2.0 | Act_Y:    0.7
[G06-W04] t=1.00s | Des_P:   0.0 | Des_R:   0.0 | Des_Y:   0.0 | Act_P:   -3.3 | Act_R:    1.7 | Act_Y:   -0.9
[G06-W06] t=1.20s | Des_P:   9.4 | Des_R:   0.0 | Des_Y:   0.0 | Act_P:   14.4 | Act_R:   -2.3 | Act_Y:    3.0
[G06-W05] t=0.80s | Des_P:   0.0 | Des_R:   0.0 | Des_Y:   0.0 | Act_P:   -8.5 | Act_R:    5.5 | Act_Y:    0.2
[G06-W02] t=1.00s | Des_P:   0.0 | Des_R:   0.0 | Des_Y:   0.0 | Act_P:   -3.5 | Act_R:    0.8 | Act_Y:   -0.6
[G06-W01] t=0.80s | Des_P:   0.0 | Des_R:   0.0 | Des_Y:   0.0 | Act_P:   -5.7 | Act_R:    2.3 | Act_Y:    0.0
[G06-W04] t=1.20s | Des_P:   9.4 | Des_R:   0.0 | Des_Y:   0.0 | Act_P:   11.4 | Act_R:    0.8 | Act_Y:   -1.1
[G06-W06] t=1.40s | Des_P:  35.6 | Des_R:   0.0 | Des_Y:   0.0 | Act_P:   19.3 | Act_R:   -2.4 | Act_Y:   -5.0
[G06-W03] t=0.80s | Des_P:   0.0 | Des_R:   0.0 | Des_Y:   0.0 | Act_P:   -4.6 | Act_R:    1.8 | Act_Y:    0.2
[G06-W02] t=1.20s | Des_P:   9.4 | Des_R:   0.0 | Des_Y:   0.0 | Act_P:   10.1 | Act_R:   -0.9 | Act_Y:   -1.6
[G06-W05] t=1.00s | Des_P:   0.0 | Des_R:   0.0 | Des_Y:   0.0 | Act_P:  -10.1 | Act_R:    5.7 | Act_Y:   -0.6
[G06-W06] t=1.60s | Des_P:  45.0 | Des_R:   0.0 | Des_Y:   0.0 | Act_P:   42.3 | Act_R:    7.3 | Act_Y:    6.5
[G06-W04] t=1.40s | Des_P:  35.6 | Des_R:   0.0 | Des_Y:   0.0 | Act_P:   34.9 | Act_R:    0.5 | Act_Y:   -1.3
[G06-W01] t=1.00s | Des_P:   0.0 | Des_R:   0.0 | Des_Y:   0.0 | Act_P:   -6.6 | Act_R:    2.2 | Act_Y:   -0.5
[G06-W03] t=1.00s | Des_P:   0.0 | Des_R:   0.0 | Des_Y:   0.0 | Act_P:   -5.6 | Act_R:    1.5 | Act_Y:   -0.3
[G06-W06] t=1.80s | Des_P:  45.0 | Des_R:   0.0 | Des_Y:   0.0 | Act_P:   29.7 | Act_R:   -5.5 | Act_Y:   -9.4
[G06-W02] t=1.40s | Des_P:  35.6 | Des_R:   0.0 | Des_Y:   0.0 | Act_P:   36.0 | Act_R:   -1.0 | Act_Y:   -1.2
[G06-W04] t=1.60s | Des_P:  45.0 | Des_R:   0.0 | Des_Y:   0.0 | Act_P:   39.9 | Act_R:    2.3 | Act_Y:   -0.8
[G06-W05] t=1.20s | Des_P:   9.4 | Des_R:   0.0 | Des_Y:   0.0 | Act_P:    2.0 | Act_R:    4.1 | Act_Y:   -2.2
[G06-W04] t=1.80s | Des_P:  45.0 | Des_R:   0.0 | Des_Y:   0.0 | Act_P:   40.3 | Act_R:    3.0 | Act_Y:   -0.7
[G06-W01] t=1.20s | Des_P:   9.4 | Des_R:   0.0 | Des_Y:   0.0 | Act_P:    5.3 | Act_R:    0.8 | Act_Y:   -1.5
[G06-W04] t=2.00s | Des_P:  45.0 | Des_R:   0.0 | Des_Y:   0.0 | Act_P:   40.3 | Act_R:    3.1 | Act_Y:   -0.4
[G06-W02] t=1.60s | Des_P:  45.0 | Des_R:   0.0 | Des_Y:   0.0 | Act_P:   42.7 | Act_R:    1.4 | Act_Y:   -0.2
[G06-W06] t=2.00s | Des_P:  45.0 | Des_R:   0.0 | Des_Y:   0.0 | Act_P:   52.8 | Act_R:    9.3 | Act_Y:    9.8
[G06-W03] t=1.20s | Des_P:   9.4 | Des_R:   0.0 | Des_Y:   0.0 | Act_P:    5.6 | Act_R:    0.4 | Act_Y:   -1.3
[G06-W04] t=2.20s | Des_P:  45.0 | Des_R:   0.0 | Des_Y:   0.0 | Act_P:   37.9 | Act_R:    2.9 | Act_Y:   -0.2
[G06-W05] t=1.40s | Des_P:  35.6 | Des_R:   0.0 | Des_Y:   0.0 | Act_P:   27.9 | Act_R:    2.6 | Act_Y:   -3.3
[G06-W02] t=1.80s | Des_P:  45.0 | Des_R:   0.0 | Des_Y:   0.0 | Act_P:   42.4 | Act_R:    2.0 | Act_Y:   -0.3
[G06-W06] t=2.20s | Des_P:  45.0 | Des_R:   0.0 | Des_Y:   0.0 | Act_P:   36.0 | Act_R:    2.2 | Act_Y:   -7.4
[G06-W01] t=1.40s | Des_P:  35.6 | Des_R:   0.0 | Des_Y:   0.0 | Act_P:   31.3 | Act_R:    0.3 | Act_Y:   -1.7
[G06-W04] t=2.40s | Des_P:  45.0 | Des_R:   0.0 | Des_Y:   0.0 | Act_P:   34.8 | Act_R:    2.3 | Act_Y:   -0.2
[G06-W03] t=1.40s | Des_P:  35.6 | Des_R:   0.0 | Des_Y:   0.0 | Act_P:   31.4 | Act_R:   -0.0 | Act_Y:   -1.5
[G06-W06] t=2.40s | Des_P:  45.0 | Des_R:   0.0 | Des_Y:   0.0 | Act_P:   49.6 | Act_R:    1.0 | Act_Y:   13.1
[G06-W05] t=1.60s | Des_P:  45.0 | Des_R:   0.0 | Des_Y:   0.0 | Act_P:   37.5 | Act_R:    2.5 | Act_Y:   -2.8
[G06-W02] t=2.00s | Des_P:  45.0 | Des_R:   0.0 | Des_Y:   0.0 | Act_P:   42.0 | Act_R:    2.2 | Act_Y:   -0.1
[G06-W01] t=1.60s | Des_P:  45.0 | Des_R:   0.0 | Des_Y:   0.0 | Act_P:   39.8 | Act_R:    1.3 | Act_Y:   -1.0
[G06-W04] t=2.60s | Des_P:  45.0 | Des_R:   0.0 | Des_Y:   0.0 | Act_P:   32.1 | Act_R:    1.6 | Act_Y:   -0.5
[G06-W06] t=2.60s | Des_P:  45.0 | Des_R:   0.0 | Des_Y:   0.0 | Act_P:   41.4 | Act_R:   25.5 | Act_Y:   -7.6
[G06-W02] t=2.20s | Des_P:  45.0 | Des_R:   0.0 | Des_Y:   0.0 | Act_P:   39.9 | Act_R:    1.8 | Act_Y:    0.0
[G06-W05] t=1.80s | Des_P:  45.0 | Des_R:   0.0 | Des_Y:   0.0 | Act_P:   40.2 | Act_R:    2.5 | Act_Y:   -2.3
[G06-W03] t=1.60s | Des_P:  45.0 | Des_R:   0.0 | Des_Y:   0.0 | Act_P:   39.9 | Act_R:    0.9 | Act_Y:   -0.9
[G06-W04] t=2.80s | Des_P:  45.0 | Des_R:   0.0 | Des_Y:   0.0 | Act_P:   30.7 | Act_R:    1.3 | Act_Y:   -0.7
[G06-W01] t=1.80s | Des_P:  45.0 | Des_R:   0.0 | Des_Y:   0.0 | Act_P:   40.5 | Act_R:    1.9 | Act_Y:   -0.6
[G06-W06] t=2.80s | Des_P:  45.0 | Des_R:   0.0 | Des_Y:   0.0 | Act_P:   32.4 | Act_R:  -20.7 | Act_Y:    1.5
[G06-W02] t=2.40s | Des_P:  45.0 | Des_R:   0.0 | Des_Y:   0.0 | Act_P:   37.7 | Act_R:    1.4 | Act_Y:    0.0
[G06-W04] t=3.00s | Des_P:  45.0 | Des_R:   0.0 | Des_Y:   0.0 | Act_P:   30.2 | Act_R:    1.6 | Act_Y:   -0.9
[G06-W05] t=2.00s | Des_P:  45.0 | Des_R:   0.0 | Des_Y:   0.0 | Act_P:   41.5 | Act_R:    2.2 | Act_Y:   -1.7
[G06-W03] t=1.80s | Des_P:  45.0 | Des_R:   0.0 | Des_Y:   0.0 | Act_P:   40.1 | Act_R:    1.6 | Act_Y:   -0.5
[G06-W06] t=3.00s | Des_P:  45.0 | Des_R:   0.0 | Des_Y:   0.0 | Act_P:   48.9 | Act_R:   15.6 | Act_Y:    6.4
[G06-W01] t=2.00s | Des_P:  45.0 | Des_R:   0.0 | Des_Y:   0.0 | Act_P:   40.2 | Act_R:    2.2 | Act_Y:   -0.3
[G06-W04] t=3.20s | Des_P:  45.0 | Des_R:   7.3 | Des_Y:   0.0 | Act_P:   30.6 | Act_R:   13.5 | Act_Y:   -1.2
[G06-W02] t=2.60s | Des_P:  45.0 | Des_R:   0.0 | Des_Y:   0.0 | Act_P:   35.6 | Act_R:    0.8 | Act_Y:   -0.2
[G06-W06] t=3.20s | Des_P:  45.0 | Des_R:   7.3 | Des_Y:   0.0 | Act_P:   26.4 | Act_R:  -13.8 | Act_Y:  -27.1
[G06-W05] t=2.20s | Des_P:  45.0 | Des_R:   0.0 | Des_Y:   0.0 | Act_P:   40.7 | Act_R:    1.4 | Act_Y:   -1.1
[G06-W03] t=2.00s | Des_P:  45.0 | Des_R:   0.0 | Des_Y:   0.0 | Act_P:   39.7 | Act_R:    1.8 | Act_Y:   -0.3
[G06-W04] t=3.40s | Des_P:  45.0 | Des_R:  27.7 | Des_Y:   0.0 | Act_P:   33.1 | Act_R:   36.7 | Act_Y:   -2.6
[G06-W02] t=2.80s | Des_P:  45.0 | Des_R:   0.0 | Des_Y:   0.0 | Act_P:   34.3 | Act_R:    0.6 | Act_Y:   -0.4
[G06-W01] t=2.20s | Des_P:  45.0 | Des_R:   0.0 | Des_Y:   0.0 | Act_P:   39.1 | Act_R:    2.2 | Act_Y:   -0.2
[G06-W06] t=3.40s | Des_P:  45.0 | Des_R:  27.7 | Des_Y:   0.0 | Act_P:   51.0 | Act_R:  -15.4 | Act_Y:   11.7
[G06-W05] t=2.40s | Des_P:  45.0 | Des_R:   0.0 | Des_Y:   0.0 | Act_P:   38.5 | Act_R:    0.1 | Act_Y:   -0.5
[G06-W04] t=3.60s | Des_P:  45.0 | Des_R:  35.0 | Des_Y:   0.0 | Act_P:   38.2 | Act_R:   44.4 | Act_Y:   -2.6
[G06-W03] t=2.20s | Des_P:  45.0 | Des_R:   0.0 | Des_Y:   0.0 | Act_P:   39.2 | Act_R:    1.8 | Act_Y:   -0.1
[G06-W02] t=3.00s | Des_P:  45.0 | Des_R:   0.0 | Des_Y:   0.0 | Act_P:   34.0 | Act_R:    1.0 | Act_Y:   -0.6
[G06-W06] t=3.60s | Des_P:  45.0 | Des_R:  35.0 | Des_Y:   0.0 | Act_P:   40.6 | Act_R:   46.1 | Act_Y:   -9.6
[G06-W01] t=2.40s | Des_P:  45.0 | Des_R:   0.0 | Des_Y:   0.0 | Act_P:   37.5 | Act_R:    1.9 | Act_Y:   -0.0
[G06-W04] t=3.80s | Des_P:  45.0 | Des_R:  35.0 | Des_Y:   0.0 | Act_P:   41.5 | Act_R:   45.7 | Act_Y:   -2.3
[G06-W03] t=2.40s | Des_P:  45.0 | Des_R:   0.0 | Des_Y:   0.0 | Act_P:   38.3 | Act_R:    1.5 | Act_Y:   -0.0
[G06-W02] t=3.20s | Des_P:  45.0 | Des_R:   7.3 | Des_Y:   0.0 | Act_P:   34.8 | Act_R:   12.1 | Act_Y:   -0.8
[G06-W05] t=2.60s | Des_P:  45.0 | Des_R:   0.0 | Des_Y:   0.0 | Act_P:   35.6 | Act_R:   -1.7 | Act_Y:   -0.2
[G06-W06] t=3.80s | Des_P:  45.0 | Des_R:  35.0 | Des_Y:   0.0 | Act_P:   48.1 | Act_R:   34.0 | Act_Y:    7.6
[G06-W04] t=4.00s | Des_P:  45.0 | Des_R:  35.0 | Des_Y:   0.0 | Act_P:   44.1 | Act_R:   45.3 | Act_Y:   -2.0
[G06-W01] t=2.60s | Des_P:  45.0 | Des_R:   0.0 | Des_Y:   0.0 | Act_P:   35.8 | Act_R:    1.4 | Act_Y:   -0.1
[G06-W06] t=4.00s | Des_P:  45.0 | Des_R:  35.0 | Des_Y:   0.0 | Act_P:   48.9 | Act_R:   42.4 | Act_Y:   -3.0
[G06-W02] t=3.40s | Des_P:  45.0 | Des_R:  27.7 | Des_Y:   0.0 | Act_P:   37.6 | Act_R:   34.7 | Act_Y:   -1.6
[G06-W03] t=2.60s | Des_P:  45.0 | Des_R:   0.0 | Des_Y:   0.0 | Act_P:   37.5 | Act_R:    1.1 | Act_Y:   -0.1
[G06-W05] t=2.80s | Des_P:  45.0 | Des_R:   0.0 | Des_Y:   0.0 | Act_P:   32.8 | Act_R:   -3.4 | Act_Y:   -0.0
[G06-W04] t=4.20s | Des_P:  45.0 | Des_R:  35.0 | Des_Y:   0.0 | Act_P:   46.7 | Act_R:   44.9 | Act_Y:   -0.7
[G06-W02] t=3.60s | Des_P:  45.0 | Des_R:  35.0 | Des_Y:   0.0 | Act_P:   41.9 | Act_R:   41.8 | Act_Y:   -1.3
[G06-W06] t=4.20s | Des_P:  45.0 | Des_R:  35.0 | Des_Y:   0.0 | Act_P:   51.6 | Act_R:   39.4 | Act_Y:    5.2
[G06-W01] t=2.80s | Des_P:  45.0 | Des_R:   0.0 | Des_Y:   0.0 | Act_P:   34.3 | Act_R:    1.1 | Act_Y:   -0.2
[G06-W05] t=3.00s | Des_P:  45.0 | Des_R:   0.0 | Des_Y:   0.0 | Act_P:   30.8 | Act_R:   -4.9 | Act_Y:    0.0
[G06-W03] t=2.80s | Des_P:  45.0 | Des_R:   0.0 | Des_Y:   0.0 | Act_P:   36.6 | Act_R:    0.8 | Act_Y:   -0.2
[G06-W04] t=4.40s | Des_P:  45.0 | Des_R:  35.0 | Des_Y:   0.0 | Act_P:   48.0 | Act_R:   43.8 | Act_Y:   -0.3
[G06-W02] t=3.80s | Des_P:  45.0 | Des_R:  35.0 | Des_Y:   0.0 | Act_P:   44.9 | Act_R:   42.6 | Act_Y:   -0.9
[G06-W06] t=4.40s | Des_P:  45.0 | Des_R:  35.0 | Des_Y:   0.0 | Act_P:   50.7 | Act_R:   40.5 | Act_Y:    3.4
[G06-W01] t=3.00s | Des_P:  45.0 | Des_R:   0.0 | Des_Y:   0.0 | Act_P:   33.3 | Act_R:    1.1 | Act_Y:   -0.4
[G06-W05] t=3.20s | Des_P:  45.0 | Des_R:   7.3 | Des_Y:   0.0 | Act_P:   30.0 | Act_R:    4.3 | Act_Y:   -0.1
[G06-W03] t=3.00s | Des_P:  45.0 | Des_R:   0.0 | Des_Y:   0.0 | Act_P:   36.1 | Act_R:    0.6 | Act_Y:   -0.3
[G06-W06] t=4.60s | Des_P:  45.0 | Des_R:  35.0 | Des_Y:   0.0 | Act_P:   54.1 | Act_R:   37.0 | Act_Y:   -3.2
[G06-W04] t=4.60s | Des_P:  45.0 | Des_R:  35.0 | Des_Y:   0.0 | Act_P:   49.3 | Act_R:   42.0 | Act_Y:   -0.5
[G06-W02] t=4.00s | Des_P:  45.0 | Des_R:  35.0 | Des_Y:   0.0 | Act_P:   47.0 | Act_R:   42.2 | Act_Y:   -0.4
[G06-W01] t=3.20s | Des_P:  45.0 | Des_R:   7.3 | Des_Y:   0.0 | Act_P:   33.1 | Act_R:   11.3 | Act_Y:   -0.7
[G06-W05] t=3.40s | Des_P:  45.0 | Des_R:  27.7 | Des_Y:   0.0 | Act_P:   31.9 | Act_R:   26.2 | Act_Y:   -0.7
[G06-W03] t=3.20s | Des_P:  45.0 | Des_R:   7.3 | Des_Y:   0.0 | Act_P:   36.0 | Act_R:   10.4 | Act_Y:   -0.5
[G06-W06] t=4.80s | Des_P:  45.0 | Des_R:  35.0 | Des_Y:   0.0 | Act_P:   52.4 | Act_R:   36.5 | Act_Y:   -0.4
[G06-W02] t=4.20s | Des_P:  45.0 | Des_R:  35.0 | Des_Y:   0.0 | Act_P:   48.5 | Act_R:   41.7 | Act_Y:    0.3
[G06-W04] t=4.80s | Des_P:  45.0 | Des_R:  35.0 | Des_Y:   0.0 | Act_P:   49.2 | Act_R:   40.4 | Act_Y:   -2.1
[G06-W01] t=3.40s | Des_P:  45.0 | Des_R:  27.7 | Des_Y:   0.0 | Act_P:   34.7 | Act_R:   32.9 | Act_Y:   -1.3
[G06-W05] t=3.60s | Des_P:  45.0 | Des_R:  35.0 | Des_Y:   0.0 | Act_P:   37.6 | Act_R:   35.3 | Act_Y:   -0.9
[G06-W03] t=3.40s | Des_P:  45.0 | Des_R:  27.7 | Des_Y:   0.0 | Act_P:   37.1 | Act_R:   32.0 | Act_Y:   -0.9
[G06-W02] t=4.40s | Des_P:  45.0 | Des_R:  35.0 | Des_Y:   0.0 | Act_P:   49.2 | Act_R:   40.3 | Act_Y:    0.2
[G06-W06] t=5.00s | Des_P:  45.0 | Des_R:  35.0 | Des_Y:   0.0 | Act_P:   51.5 | Act_R:   36.6 | Act_Y:   -0.2
[G06-W05] t=3.80s | Des_P:  45.0 | Des_R:  35.0 | Des_Y:   0.0 | Act_P:   44.7 | Act_R:   39.6 | Act_Y:   -0.7
[G06-W01] t=3.60s | Des_P:  45.0 | Des_R:  35.0 | Des_Y:   0.0 | Act_P:   38.3 | Act_R:   40.2 | Act_Y:   -1.4
[G06-W04] t=5.00s | Des_P:  45.0 | Des_R:  35.0 | Des_Y:   0.0 | Act_P:   48.9 | Act_R:   40.2 | Act_Y:   -2.8
[G06-W03] t=3.60s | Des_P:  45.0 | Des_R:  35.0 | Des_Y:   0.0 | Act_P:   39.8 | Act_R:   38.7 | Act_Y:   -0.9
[G06-W02] t=4.60s | Des_P:  45.0 | Des_R:  35.0 | Des_Y:   0.0 | Act_P:   49.8 | Act_R:   38.9 | Act_Y:   -0.0
[G06-W06] t=5.20s | Des_P:  45.0 | Des_R:  35.0 | Des_Y:  10.5 | Act_P:   47.1 | Act_R:   31.9 | Act_Y:    6.9
[G06-W05] t=4.00s | Des_P:  45.0 | Des_R:  35.0 | Des_Y:   0.0 | Act_P:   49.8 | Act_R:   41.1 | Act_Y:   -1.1
[G06-W01] t=3.80s | Des_P:  45.0 | Des_R:  35.0 | Des_Y:   0.0 | Act_P:   42.2 | Act_R:   42.2 | Act_Y:   -0.9
[G06-W03] t=3.80s | Des_P:  45.0 | Des_R:  35.0 | Des_Y:   0.0 | Act_P:   42.9 | Act_R:   40.4 | Act_Y:   -0.7
[G06-W06] t=5.40s | Des_P:  45.0 | Des_R:  35.0 | Des_Y:  39.5 | Act_P:   49.3 | Act_R:    9.3 | Act_Y:    9.8
[G06-W01] t=4.00s | Des_P:  45.0 | Des_R:  35.0 | Des_Y:   0.0 | Act_P:   45.1 | Act_R:   42.7 | Act_Y:   -0.7
[G06-W04] t=5.20s | Des_P:  45.0 | Des_R:  35.0 | Des_Y:  10.5 | Act_P:   46.9 | Act_R:   32.1 | Act_Y:    6.7
[G06-W06] t=5.60s | Des_P:  45.0 | Des_R:  35.0 | Des_Y:  50.0 | Act_P:   46.5 | Act_R:   -5.7 | Act_Y:   10.3
[G06-W05] t=4.20s | Des_P:  45.0 | Des_R:  35.0 | Des_Y:   0.0 | Act_P:   52.9 | Act_R:   40.6 | Act_Y:   -1.0
[G06-W02] t=4.80s | Des_P:  45.0 | Des_R:  35.0 | Des_Y:   0.0 | Act_P:   49.8 | Act_R:   37.8 | Act_Y:   -0.8
[G06-W03] t=4.00s | Des_P:  45.0 | Des_R:  35.0 | Des_Y:   0.0 | Act_P:   45.2 | Act_R:   40.7 | Act_Y:   -0.6
[G06-W04] t=5.40s | Des_P:  45.0 | Des_R:  35.0 | Des_Y:  39.5 | Act_P:   46.5 | Act_R:   11.0 | Act_Y:   10.0
[G06-W05] t=4.40s | Des_P:  45.0 | Des_R:  35.0 | Des_Y:   0.0 | Act_P:   53.3 | Act_R:   39.3 | Act_Y:    1.0
[G06-W01] t=4.20s | Des_P:  45.0 | Des_R:  35.0 | Des_Y:   0.0 | Act_P:   47.1 | Act_R:   41.9 | Act_Y:   -0.6
[G06-W06] t=5.80s | Des_P:  45.0 | Des_R:  35.0 | Des_Y:  50.0 | Act_P:   45.3 | Act_R:  -17.1 | Act_Y:   20.2
[G06-W04] t=5.60s | Des_P:  45.0 | Des_R:  35.0 | Des_Y:  50.0 | Act_P:   47.2 | Act_R:   -5.0 | Act_Y:   10.3
[G06-W05] t=4.60s | Des_P:  45.0 | Des_R:  35.0 | Des_Y:   0.0 | Act_P:   55.1 | Act_R:   35.4 | Act_Y:    1.2
[G06-W03] t=4.20s | Des_P:  45.0 | Des_R:  35.0 | Des_Y:   0.0 | Act_P:   47.2 | Act_R:   40.1 | Act_Y:   -0.3
[G06-W02] t=5.00s | Des_P:  45.0 | Des_R:  35.0 | Des_Y:   0.0 | Act_P:   50.3 | Act_R:   37.9 | Act_Y:   -0.9
[G06-W06] t=6.00s | Des_P:  45.0 | Des_R:  35.0 | Des_Y:  50.0 | Act_P:   45.2 | Act_R:  -19.4 | Act_Y:   35.6
[G06-W06] Kp=355.6, Gton=8.760 | Err=1.0636
[Fixation Controller] Initialized 3-DOF Virtual Work tracking for Eyes.
Eval SUCCESS: G06-W06 | Kp=355.62, Ki=208.91, Kd=3.27 => Score=1.1
[G06-W01] t=4.40s | Des_P:  45.0 | Des_R:  35.0 | Des_Y:   0.0 | Act_P:   49.3 | Act_R:   41.1 | Act_Y:   -0.1
[G06-W04] t=5.80s | Des_P:  45.0 | Des_R:  35.0 | Des_Y:  50.0 | Act_P:   46.9 | Act_R:  -16.2 | Act_Y:   20.3
[G06-W05] t=4.80s | Des_P:  45.0 | Des_R:  35.0 | Des_Y:   0.0 | Act_P:   57.3 | Act_R:   31.5 | Act_Y:   -1.1
[G06-W03] t=4.40s | Des_P:  45.0 | Des_R:  35.0 | Des_Y:   0.0 | Act_P:   49.1 | Act_R:   39.2 | Act_Y:    0.0
[G06-W02] t=5.20s | Des_P:  45.0 | Des_R:  35.0 | Des_Y:  10.5 | Act_P:   46.4 | Act_R:   30.0 | Act_Y:    7.6
[G06-W04] t=6.00s | Des_P:  45.0 | Des_R:  35.0 | Des_Y:  50.0 | Act_P:   48.8 | Act_R:  -24.4 | Act_Y:   36.2
[G06-W04] Kp=214.6, Gton=8.760 | Err=0.7658
[G06-W01] t=4.60s | Des_P:  45.0 | Des_R:  35.0 | Des_Y:   0.0 | Act_P:   50.4 | Act_R:   39.5 | Act_Y:   -0.3
[Fixation Controller] Initialized 3-DOF Virtual Work tracking for Eyes.
Eval SUCCESS: G06-W04 | Kp=214.58, Ki=0.77, Kd=40.68 => Score=0.8
[G06-W05] t=5.00s | Des_P:  45.0 | Des_R:  35.0 | Des_Y:   0.0 | Act_P:   57.3 | Act_R:   28.1 | Act_Y:   -3.8
[G06-W02] t=5.40s | Des_P:  45.0 | Des_R:  35.0 | Des_Y:  39.5 | Act_P:   46.4 | Act_R:    8.0 | Act_Y:   10.1
[G06-W03] t=4.60s | Des_P:  45.0 | Des_R:  35.0 | Des_Y:   0.0 | Act_P:   50.2 | Act_R:   38.2 | Act_Y:   -0.0
[G06-W02] t=5.60s | Des_P:  45.0 | Des_R:  35.0 | Des_Y:  50.0 | Act_P:   47.1 | Act_R:   -7.3 | Act_Y:   10.3
[G06-W01] t=4.80s | Des_P:  45.0 | Des_R:  35.0 | Des_Y:   0.0 | Act_P:   50.9 | Act_R:   37.8 | Act_Y:   -1.0
[G06-W05] t=5.20s | Des_P:  45.0 | Des_R:  35.0 | Des_Y:  10.5 | Act_P:   52.7 | Act_R:   15.4 | Act_Y:    5.6
[G06-W05] t=5.40s | Des_P:  45.0 | Des_R:  35.0 | Des_Y:  39.5 | Act_P:   49.7 | Act_R:    0.9 | Act_Y:    9.3
[G06-W02] t=5.80s | Des_P:  45.0 | Des_R:  35.0 | Des_Y:  50.0 | Act_P:   47.3 | Act_R:  -17.5 | Act_Y:   20.4
[G06-W03] t=4.80s | Des_P:  45.0 | Des_R:  35.0 | Des_Y:   0.0 | Act_P:   50.4 | Act_R:   36.8 | Act_Y:   -0.8
[G06-W05] t=5.60s | Des_P:  45.0 | Des_R:  35.0 | Des_Y:  50.0 | Act_P:   52.0 | Act_R:   -8.4 | Act_Y:    6.1
[G06-W01] t=5.00s | Des_P:  45.0 | Des_R:  35.0 | Des_Y:   0.0 | Act_P:   51.3 | Act_R:   37.2 | Act_Y:   -1.6
[G06-W02] t=6.00s | Des_P:  45.0 | Des_R:  35.0 | Des_Y:  50.0 | Act_P:   48.5 | Act_R:  -26.3 | Act_Y:   36.5
[G06-W02] Kp=320.3, Gton=8.760 | Err=0.7345
[Fixation Controller] Initialized 3-DOF Virtual Work tracking for Eyes.
Eval SUCCESS: G06-W02 | Kp=320.34, Ki=32.25, Kd=52.03 => Score=0.7
[G06-W05] t=5.80s | Des_P:  45.0 | Des_R:  35.0 | Des_Y:  50.0 | Act_P:   52.0 | Act_R:   -8.5 | Act_Y:   10.4
[G06-W03] t=5.00s | Des_P:  45.0 | Des_R:  35.0 | Des_Y:   0.0 | Act_P:   51.0 | Act_R:   36.7 | Act_Y:   -1.1
[G06-W01] t=5.20s | Des_P:  45.0 | Des_R:  35.0 | Des_Y:  10.5 | Act_P:   49.8 | Act_R:   24.5 | Act_Y:    8.2
[G06-W05] t=6.00s | Des_P:  45.0 | Des_R:  35.0 | Des_Y:  50.0 | Act_P:   51.9 | Act_R:   -6.3 | Act_Y:   18.5
[G06-W05] Kp=41.3, Gton=8.760 | Err=0.8571
[Fixation Controller] Initialized 3-DOF Virtual Work tracking for Eyes.
Eval SUCCESS: G06-W05 | Kp=41.34, Ki=137.94, Kd=98.60 => Score=0.9
[G06-W01] t=5.40s | Des_P:  45.0 | Des_R:  35.0 | Des_Y:  39.5 | Act_P:   49.9 | Act_R:    1.9 | Act_Y:   10.0
[G06-W03] t=5.20s | Des_P:  45.0 | Des_R:  35.0 | Des_Y:  10.5 | Act_P:   49.6 | Act_R:   23.1 | Act_Y:    8.6
[G06-W01] t=5.60s | Des_P:  45.0 | Des_R:  35.0 | Des_Y:  50.0 | Act_P:   50.2 | Act_R:  -12.7 | Act_Y:   10.2
[G06-W03] t=5.40s | Des_P:  45.0 | Des_R:  35.0 | Des_Y:  39.5 | Act_P:   49.5 | Act_R:    2.0 | Act_Y:   10.1
[G06-W03] t=5.60s | Des_P:  45.0 | Des_R:  35.0 | Des_Y:  50.0 | Act_P:   49.9 | Act_R:  -11.5 | Act_Y:   10.3
[G06-W01] t=5.80s | Des_P:  45.0 | Des_R:  35.0 | Des_Y:  50.0 | Act_P:   50.0 | Act_R:  -19.5 | Act_Y:   20.2
[G06-W03] t=5.80s | Des_P:  45.0 | Des_R:  35.0 | Des_Y:  50.0 | Act_P:   49.8 | Act_R:  -20.3 | Act_Y:   20.2
[G06-W01] t=6.00s | Des_P:  45.0 | Des_R:  35.0 | Des_Y:  50.0 | Act_P:   49.1 | Act_R:  -14.1 | Act_Y:   28.1
[G06-W01] Kp=256.1, Gton=8.760 | Err=0.7884
[Fixation Controller] Initialized 3-DOF Virtual Work tracking for Eyes.
Eval SUCCESS: G06-W01 | Kp=256.13, Ki=57.77, Kd=117.45 => Score=0.8
[G06-W03] t=6.00s | Des_P:  45.0 | Des_R:  35.0 | Des_Y:  50.0 | Act_P:   48.3 | Act_R:  -12.2 | Act_Y:   30.0
[G06-W03] Kp=343.4, Gton=8.760 | Err=0.7567
[Fixation Controller] Initialized 3-DOF Virtual Work tracking for Eyes.
Eval SUCCESS: G06-W03 | Kp=343.43, Ki=93.84, Kd=160.72 => Score=0.8
    6     36 7.345466048332572e-01 2.2e+00 1.52e+02  1e+02  2e+02 65:42.0  
Gen 6: Best Error = 0.73 | Kp=320.34, Ki=32.25, Kd=52.03

--- Generation 7 ---
Found simbody-visualizer, setting SIMBODY_HOME env var to  C:\Users\User\miniforge3\envs\opensim_env\Lib\opensimFound simbody-visualizer, setting SIMBODY_HOME env var to  C:\Users\User\miniforge3\envs\opensim_env\Lib\opensim
Found simbody-visualizer, setting SIMBODY_HOME env var to  C:\Users\User\miniforge3\envs\opensim_env\Lib\opensim

Found simbody-visualizer, setting SIMBODY_HOME env var to  C:\Users\User\miniforge3\envs\opensim_env\Lib\opensim
Found simbody-visualizer, setting SIMBODY_HOME env var to  C:\Users\User\miniforge3\envs\opensim_env\Lib\opensim
Found simbody-visualizer, setting SIMBODY_HOME env var to  C:\Users\User\miniforge3\envs\opensim_env\Lib\opensim
[Fixation Controller] Initialized 3-DOF Virtual Work tracking for Eyes.
Traceback (most recent call last):
  File "D:\Akademik\PhD_Thesis\OpenSim\HeadNeck_Control_w_Sensors_Opensim4_6\cmaes_step_worker.py", line 153, in <module>
    err = evaluate_params(Kp, Ki, Kd, G_ton, G_sc, G_phas, kp_prop, k_gamma_dyn, k_gamma_stat, worker_id)
          ^^^^^^^^^^^^^^^^^^^^^^^^^^^^^^^^^^^^^^^^^^^^^^^^^^^^^^^^^^^^^^^^^^^^^^^^^^^^^^^^^^^^^^^^^^^^^^^
  File "D:\Akademik\PhD_Thesis\OpenSim\HeadNeck_Control_w_Sensors_Opensim4_6\cmaes_step_worker.py", line 119, in evaluate_params
    state = manager.integrate(t)
            ^^^^^^^^^^^^^^^^^^^^
  File "C:\Users\User\miniforge3\envs\opensim_env\Lib\opensim\simulation.py", line 28704, in integrate
    return _simulation.Manager_integrate(self, finalTime)
           ^^^^^^^^^^^^^^^^^^^^^^^^^^^^^^^^^^^^^^^^^^^^^^
KeyboardInterrupt
Eval CRASHED: G07-W02 | Kp=532.81, Ki=56.99, Kd=3.62
[Fixation Controller] Initialized 3-DOF Virtual Work tracking for Eyes.
Traceback (most recent call last):
  File "D:\Akademik\PhD_Thesis\OpenSim\HeadNeck_Control_w_Sensors_Opensim4_6\cmaes_step_worker.py", line 153, in <module>
    err = evaluate_params(Kp, Ki, Kd, G_ton, G_sc, G_phas, kp_prop, k_gamma_dyn, k_gamma_stat, worker_id)
          ^^^^^^^^^^^^^^^^^^^^^^^^^^^^^^^^^^^^^^^^^^^^^^^^^^^^^^^^^^^^^^^^^^^^^^^^^^^^^^^^^^^^^^^^^^^^^^^
  File "D:\Akademik\PhD_Thesis\OpenSim\HeadNeck_Control_w_Sensors_Opensim4_6\cmaes_step_worker.py", line 119, in evaluate_params
    state = manager.integrate(t)
            ^^^^^^^^^^^^^^^^^^^^
  File "C:\Users\User\miniforge3\envs\opensim_env\Lib\opensim\simulation.py", line 28704, in integrate
    return _simulation.Manager_integrate(self, finalTime)
           ^^^^^^^^^^^^^^^^^^^^^^^^^^^^^^^^^^^^^^^^^^^^^^
KeyboardInterrupt
[Fixation Controller] Initialized 3-DOF Virtual Work tracking for Eyes.
Traceback (most recent call last):
  File "D:\Akademik\PhD_Thesis\OpenSim\HeadNeck_Control_w_Sensors_Opensim4_6\cmaes_step_worker.py", line 153, in <module>
    err = evaluate_params(Kp, Ki, Kd, G_ton, G_sc, G_phas, kp_prop, k_gamma_dyn, k_gamma_stat, worker_id)
          ^^^^^^^^^^^^^^^^^^^^^^^^^^^^^^^^^^^^^^^^^^^^^^^^^^^^^^^^^^^^^^^^^^^^^^^^^^^^^^^^^^^^^^^^^^^^^^^
  File "D:\Akademik\PhD_Thesis\OpenSim\HeadNeck_Control_w_Sensors_Opensim4_6\cmaes_step_worker.py", line 119, in evaluate_params
    state = manager.integrate(t)
            ^^^^^^^^^^^^^^^^^^^^
  File "C:\Users\User\miniforge3\envs\opensim_env\Lib\opensim\simulation.py", line 28704, in integrate
    return _simulation.Manager_integrate(self, finalTime)
           ^^^^^^^^^^^^^^^^^^^^^^^^^^^^^^^^^^^^^^^^^^^^^^
KeyboardInterrupt
Eval CRASHED: G07-W03 | Kp=125.15, Ki=117.28, Kd=209.05
[Fixation Controller] Initialized 3-DOF Virtual Work tracking for Eyes.
Traceback (most recent call last):
  File "D:\Akademik\PhD_Thesis\OpenSim\HeadNeck_Control_w_Sensors_Opensim4_6\cmaes_step_worker.py", line 153, in <module>
    err = evaluate_params(Kp, Ki, Kd, G_ton, G_sc, G_phas, kp_prop, k_gamma_dyn, k_gamma_stat, worker_id)
          ^^^^^^^^^^^^^^^^^^^^^^^^^^^^^^^^^^^^^^^^^^^^^^^^^^^^^^^^^^^^^^^^^^^^^^^^^^^^^^^^^^^^^^^^^^^^^^^
  File "D:\Akademik\PhD_Thesis\OpenSim\HeadNeck_Control_w_Sensors_Opensim4_6\cmaes_step_worker.py", line 119, in evaluate_params
    state = manager.integrate(t)
            ^^^^^^^^^^^^^^^^^^^^
  File "C:\Users\User\miniforge3\envs\opensim_env\Lib\opensim\simulation.py", line 28704, in integrate
    return _simulation.Manager_integrate(self, finalTime)
           ^^^^^^^^^^^^^^^^^^^^^^^^^^^^^^^^^^^^^^^^^^^^^^
KeyboardInterrupt
Eval CRASHED: G07-W06 | Kp=11.76, Ki=82.70, Kd=55.92
[Fixation Controller] Initialized 3-DOF Virtual Work tracking for Eyes.
Traceback (most recent call last):
  File "D:\Akademik\PhD_Thesis\OpenSim\HeadNeck_Control_w_Sensors_Opensim4_6\cmaes_step_worker.py", line 153, in <module>
    err = evaluate_params(Kp, Ki, Kd, G_ton, G_sc, G_phas, kp_prop, k_gamma_dyn, k_gamma_stat, worker_id)
          ^^^^^^^^^^^^^^^^^^^^^^^^^^^^^^^^^^^^^^^^^^^^^^^^^^^^^^^^^^^^^^^^^^^^^^^^^^^^^^^^^^^^^^^^^^^^^^^
  File "D:\Akademik\PhD_Thesis\OpenSim\HeadNeck_Control_w_Sensors_Opensim4_6\cmaes_step_worker.py", line 119, in evaluate_params
    state = manager.integrate(t)
            ^^^^^^^^^^^^^^^^^^^^
  File "C:\Users\User\miniforge3\envs\opensim_env\Lib\opensim\simulation.py", line 28704, in integrate
    return _simulation.Manager_integrate(self, finalTime)
           ^^^^^^^^^^^^^^^^^^^^^^^^^^^^^^^^^^^^^^^^^^^^^^
KeyboardInterrupt
Eval CRASHED: G07-W04 | Kp=165.05, Ki=95.13, Kd=180.77
Eval CRASHED: G07-W01 | Kp=424.59, Ki=64.30, Kd=340.88
[Fixation Controller] Initialized 3-DOF Virtual Work tracking for Eyes.
Traceback (most recent call last):
  File "D:\Akademik\PhD_Thesis\OpenSim\HeadNeck_Control_w_Sensors_Opensim4_6\cmaes_step_worker.py", line 153, in <module>
    err = evaluate_params(Kp, Ki, Kd, G_ton, G_sc, G_phas, kp_prop, k_gamma_dyn, k_gamma_stat, worker_id)
          ^^^^^^^^^^^^^^^^^^^^^^^^^^^^^^^^^^^^^^^^^^^^^^^^^^^^^^^^^^^^^^^^^^^^^^^^^^^^^^^^^^^^^^^^^^^^^^^
  File "D:\Akademik\PhD_Thesis\OpenSim\HeadNeck_Control_w_Sensors_Opensim4_6\cmaes_step_worker.py", line 119, in evaluate_params
    state = manager.integrate(t)
            ^^^^^^^^^^^^^^^^^^^^
  File "C:\Users\User\miniforge3\envs\opensim_env\Lib\opensim\simulation.py", line 28704, in integrate
    return _simulation.Manager_integrate(self, finalTime)
           ^^^^^^^^^^^^^^^^^^^^^^^^^^^^^^^^^^^^^^^^^^^^^^
KeyboardInterrupt
Eval CRASHED: G07-W05 | Kp=524.80, Ki=296.15, Kd=306.26
