Starting Parallel CMA-ES for Step-Input PID optimisation (Kp, Ki, Kd)...
(3_w,6)-aCMA-ES (mu_w=2.0,w_1=63%) in dimension 3 (seed=571942, Sun Sep 27 11:10:55 2026)

--- Generation 1 ---
Found simbody-visualizer, setting SIMBODY_HOME env var to  C:\Users\User\miniforge3\envs\opensim_env\Lib\opensimFound simbody-visualizer, setting SIMBODY_HOME env var to  C:\Users\User\miniforge3\envs\opensim_env\Lib\opensim
Found simbody-visualizer, setting SIMBODY_HOME env var to  C:\Users\User\miniforge3\envs\opensim_env\Lib\opensim

Found simbody-visualizer, setting SIMBODY_HOME env var to  C:\Users\User\miniforge3\envs\opensim_env\Lib\opensim
Found simbody-visualizer, setting SIMBODY_HOME env var to  C:\Users\User\miniforge3\envs\opensim_env\Lib\opensim
Found simbody-visualizer, setting SIMBODY_HOME env var to  C:\Users\User\miniforge3\envs\opensim_env\Lib\opensim
[G01-W01] t=0.20s | Des(P,R,Y):   0.0,  0.0,  0.0 | Act(P,R,Y):  18.2, 11.5,  3.0
[G01-W05] t=0.20s | Des(P,R,Y):   0.0,  0.0,  0.0 | Act(P,R,Y):  21.3, 12.5,  3.2
[G01-W03] t=0.20s | Des(P,R,Y):   0.0,  0.0,  0.0 | Act(P,R,Y):   5.1,  4.9,  1.2
[G01-W04] t=0.20s | Des(P,R,Y):   0.0,  0.0,  0.0 | Act(P,R,Y):  12.9,  9.3,  2.5
[G01-W02] t=0.20s | Des(P,R,Y):   0.0,  0.0,  0.0 | Act(P,R,Y):   6.5,  5.9,  1.3
[G01-W06] t=0.20s | Des(P,R,Y):   0.0,  0.0,  0.0 | Act(P,R,Y):   8.6,  7.3,  1.9
[G01-W03] t=0.40s | Des(P,R,Y):   0.0,  0.0,  0.0 | Act(P,R,Y):  -4.5,  0.3, -5.4
[G01-W02] t=0.40s | Des(P,R,Y):   0.0,  0.0,  0.0 | Act(P,R,Y):  -7.6, -0.9, -6.5
[G01-W01] t=0.40s | Des(P,R,Y):   0.0,  0.0,  0.0 | Act(P,R,Y):   4.8, 11.6, -7.2
[G01-W04] t=0.40s | Des(P,R,Y):   0.0,  0.0,  0.0 | Act(P,R,Y):  -5.9,  4.4, -6.9
[G01-W06] t=0.40s | Des(P,R,Y):   0.0,  0.0,  0.0 | Act(P,R,Y): -10.2, -0.7, -7.1
[G01-W05] t=0.40s | Des(P,R,Y):   0.0,  0.0,  0.0 | Act(P,R,Y):   2.1, 11.7, -7.2
[G01-W02] t=0.60s | Des(P,R,Y):   0.0,  0.0,  0.0 | Act(P,R,Y):  -4.8, -1.2, -6.9
[G01-W04] t=0.60s | Des(P,R,Y):   0.0,  0.0,  0.0 | Act(P,R,Y): -19.2, -0.4, -8.1
[G01-W06] t=0.60s | Des(P,R,Y):   0.0,  0.0,  0.0 | Act(P,R,Y):  -7.2, -1.3, -6.9
[G01-W03] t=0.60s | Des(P,R,Y):   0.0,  0.0,  0.0 | Act(P,R,Y):  -3.9,  0.6, -6.5
[G01-W01] t=0.60s | Des(P,R,Y):   0.0,  0.0,  0.0 | Act(P,R,Y): -34.4,  2.8, -6.5
[G01-W05] t=0.60s | Des(P,R,Y):   0.0,  0.0,  0.0 | Act(P,R,Y): -27.8,  3.7, -3.9
[G01-W02] t=0.80s | Des(P,R,Y):   0.0,  0.0,  0.0 | Act(P,R,Y):  -2.7, -0.1, -6.3
[G01-W06] t=0.80s | Des(P,R,Y):   0.0,  0.0,  0.0 | Act(P,R,Y):   1.1, -0.7, -5.3
[G01-W03] t=0.80s | Des(P,R,Y):   0.0,  0.0,  0.0 | Act(P,R,Y):  -4.1,  0.7, -7.8
[G01-W04] t=0.80s | Des(P,R,Y):   0.0,  0.0,  0.0 | Act(P,R,Y):   1.7, -0.7, -9.3
[G01-W05] t=0.80s | Des(P,R,Y):   0.0,  0.0,  0.0 | Act(P,R,Y):  13.1, -1.8, -9.4
[G01-W01] t=0.80s | Des(P,R,Y):   0.0,  0.0,  0.0 | Act(P,R,Y):  -5.0, -0.6,-11.6
[G01-W06] t=1.00s | Des(P,R,Y):  45.0,  0.0,  0.0 | Act(P,R,Y):  -2.2, -1.7, -6.4
[G01-W04] t=1.00s | Des(P,R,Y):  45.0,  0.0,  0.0 | Act(P,R,Y):  -9.7, -3.6, -8.0
[G01-W02] t=1.00s | Des(P,R,Y):  45.0,  0.0,  0.0 | Act(P,R,Y):   0.7, -1.3, -7.1
[G01-W01] t=1.00s | Des(P,R,Y):  45.0,  0.0,  0.0 | Act(P,R,Y): -21.6,-10.8,-11.1
[G01-W03] t=1.00s | Des(P,R,Y):  45.0,  0.0,  0.0 | Act(P,R,Y):  -3.5, -0.7, -9.5
[G01-W05] t=1.00s | Des(P,R,Y):  45.0,  0.0,  0.0 | Act(P,R,Y):  -6.4,-10.7,-11.3
[G01-W06] t=1.20s | Des(P,R,Y):  45.0,  0.0,  0.0 | Act(P,R,Y):  43.6, -1.9, -8.6
[G01-W02] t=1.20s | Des(P,R,Y):  45.0,  0.0,  0.0 | Act(P,R,Y):  34.5, -0.7, -8.1
[G01-W03] t=1.20s | Des(P,R,Y):  45.0,  0.0,  0.0 | Act(P,R,Y):  16.2, -0.6,-10.4
[G01-W04] t=1.20s | Des(P,R,Y):  45.0,  0.0,  0.0 | Act(P,R,Y):  38.6, -2.2,-10.5
[G01-W01] t=1.20s | Des(P,R,Y):  45.0,  0.0,  0.0 | Act(P,R,Y):  33.1, -6.4,-10.8
[G01-W05] t=1.20s | Des(P,R,Y):  45.0,  0.0,  0.0 | Act(P,R,Y):  24.8, -8.3, -8.4
[G01-W03] t=1.40s | Des(P,R,Y):  45.0,  0.0,  0.0 | Act(P,R,Y):  29.5, -1.8,-11.0
[G01-W02] t=1.40s | Des(P,R,Y):  45.0,  0.0,  0.0 | Act(P,R,Y):  39.9, -2.7, -7.6
[G01-W06] t=1.40s | Des(P,R,Y):  45.0,  0.0,  0.0 | Act(P,R,Y):  46.5, -4.9, -7.7
[G01-W04] t=1.40s | Des(P,R,Y):  45.0,  0.0,  0.0 | Act(P,R,Y):  46.1, -5.4,-14.6
[G01-W01] t=1.40s | Des(P,R,Y):  45.0,  0.0,  0.0 | Act(P,R,Y):  46.0, -8.6,-16.5
[G01-W05] t=1.40s | Des(P,R,Y):  45.0,  0.0,  0.0 | Act(P,R,Y):  46.6,-10.2,-16.0
[G01-W03] t=1.60s | Des(P,R,Y):  45.0,  0.0,  0.0 | Act(P,R,Y):  37.7, -2.9,-11.0
[G01-W02] t=1.60s | Des(P,R,Y):  45.0,  0.0,  0.0 | Act(P,R,Y):  47.3, -3.8, -9.0
[G01-W06] t=1.60s | Des(P,R,Y):  45.0,  0.0,  0.0 | Act(P,R,Y):  50.0, -4.5, -8.0
[G01-W04] t=1.60s | Des(P,R,Y):  45.0,  0.0,  0.0 | Act(P,R,Y):  49.9, -7.2,-12.0
[G01-W01] t=1.60s | Des(P,R,Y):  45.0,  0.0,  0.0 | Act(P,R,Y):  50.0, -9.4,-14.9
[G01-W05] t=1.60s | Des(P,R,Y):  45.0,  0.0,  0.0 | Act(P,R,Y):  49.7,-10.8,-13.4
[G01-W03] t=1.80s | Des(P,R,Y):  45.0,  0.0,  0.0 | Act(P,R,Y):  46.3, -3.6,-10.3
[G01-W02] t=1.80s | Des(P,R,Y):  45.0,  0.0,  0.0 | Act(P,R,Y):  50.7, -3.2, -8.5
[G01-W04] t=1.80s | Des(P,R,Y):  45.0,  0.0,  0.0 | Act(P,R,Y):  52.5, -2.8, -9.1
[G01-W06] t=1.80s | Des(P,R,Y):  45.0,  0.0,  0.0 | Act(P,R,Y):  52.1, -2.6, -8.0
[G01-W01] t=1.80s | Des(P,R,Y):  45.0,  0.0,  0.0 | Act(P,R,Y):  52.7, -3.7, -9.6
[G01-W05] t=1.80s | Des(P,R,Y):  45.0,  0.0,  0.0 | Act(P,R,Y):  52.6, -3.6, -5.5
[G01-W03] t=2.00s | Des(P,R,Y):   0.0,  0.0,  0.0 | Act(P,R,Y):  49.3, -2.2, -7.8
[G01-W02] t=2.00s | Des(P,R,Y):   0.0,  0.0,  0.0 | Act(P,R,Y):  51.8, -0.5, -5.5
[G01-W04] t=2.00s | Des(P,R,Y):   0.0,  0.0,  0.0 | Act(P,R,Y):  53.0,  1.6, -7.3
[G01-W02] t=2.20s | Des(P,R,Y):   0.0,  0.0,  0.0 | Act(P,R,Y):  47.8,  3.7, -1.1
[G01-W03] t=2.20s | Des(P,R,Y):   0.0,  0.0,  0.0 | Act(P,R,Y):  47.6,  0.6, -4.2
[G01-W05] t=2.00s | Des(P,R,Y):   0.0,  0.0,  0.0 | Act(P,R,Y):  52.8,  5.1, -4.5
[G01-W06] t=2.00s | Des(P,R,Y):   0.0,  0.0,  0.0 | Act(P,R,Y):  52.5,  0.0, -4.7
[G01-W01] t=2.00s | Des(P,R,Y):   0.0,  0.0,  0.0 | Act(P,R,Y):  53.3,  2.9, -7.1
[G01-W04] t=2.20s | Des(P,R,Y):   0.0,  0.0,  0.0 | Act(P,R,Y):  50.0,  5.1, -2.5
[G01-W03] t=2.40s | Des(P,R,Y):   0.0,  0.0,  0.0 | Act(P,R,Y):  45.2,  2.4, -2.7
[G01-W06] t=2.20s | Des(P,R,Y):   0.0,  0.0,  0.0 | Act(P,R,Y):  48.1,  5.2,  1.8
[G01-W05] t=2.20s | Des(P,R,Y):   0.0,  0.0,  0.0 | Act(P,R,Y):  48.2,  8.8, -2.4
[G01-W01] t=2.20s | Des(P,R,Y):   0.0,  0.0,  0.0 | Act(P,R,Y):  50.7,  7.2, -3.7
[G01-W02] t=2.40s | Des(P,R,Y):   0.0,  0.0,  0.0 | Act(P,R,Y):  43.7,  6.6,  0.5
[G01-W03] t=2.60s | Des(P,R,Y):   0.0,  0.0,  0.0 | Act(P,R,Y):  38.7,  2.6, -2.8
[G01-W04] t=2.40s | Des(P,R,Y):   0.0,  0.0,  0.0 | Act(P,R,Y):  49.1,  8.5,  1.1
[G01-W02] t=2.60s | Des(P,R,Y):   0.0,  0.0,  0.0 | Act(P,R,Y):  31.1,  6.3, -1.5
[G01-W01] t=2.40s | Des(P,R,Y):   0.0,  0.0,  0.0 | Act(P,R,Y):  50.3,  9.3,  0.1
[G01-W06] t=2.40s | Des(P,R,Y):   0.0,  0.0,  0.0 | Act(P,R,Y):  44.3,  9.9,  4.5
[G01-W05] t=2.40s | Des(P,R,Y):   0.0,  0.0,  0.0 | Act(P,R,Y):  46.5, 10.7,  4.1
[G01-W03] t=2.80s | Des(P,R,Y):   0.0,  0.0,  0.0 | Act(P,R,Y):  25.9,  0.9, -4.2
[G01-W02] t=2.80s | Des(P,R,Y):   0.0,  0.0,  0.0 | Act(P,R,Y):  14.3,  2.0, -4.6
[G01-W04] t=2.60s | Des(P,R,Y):   0.0,  0.0,  0.0 | Act(P,R,Y):  46.1, 10.1, -0.3
[G01-W06] t=2.60s | Des(P,R,Y):   0.0,  0.0,  0.0 | Act(P,R,Y):  29.6,  9.7,  0.9
[G01-W01] t=2.60s | Des(P,R,Y):   0.0,  0.0,  0.0 | Act(P,R,Y):  49.6, 10.7,  1.1
[G01-W03] t=3.00s | Des(P,R,Y):   0.0, 35.0,  0.0 | Act(P,R,Y):  15.2,  0.9, -5.1
[G01-W05] t=2.60s | Des(P,R,Y):   0.0,  0.0,  0.0 | Act(P,R,Y):  40.1, 15.5,  4.8
[G01-W02] t=3.00s | Des(P,R,Y):   0.0, 35.0,  0.0 | Act(P,R,Y):   3.4,  3.4, -7.1
[G01-W06] t=2.80s | Des(P,R,Y):   0.0,  0.0,  0.0 | Act(P,R,Y):   6.5,  2.4, -4.0
[G01-W03] t=3.20s | Des(P,R,Y):   0.0, 35.0,  0.0 | Act(P,R,Y):   4.8, 10.4, -5.7
[G01-W04] t=2.80s | Des(P,R,Y):   0.0,  0.0,  0.0 | Act(P,R,Y):  37.4,  8.7, -4.6
[G01-W05] t=2.80s | Des(P,R,Y):   0.0,  0.0,  0.0 | Act(P,R,Y):  14.6, 15.1, -4.1
[G01-W02] t=3.20s | Des(P,R,Y):   0.0, 35.0,  0.0 | Act(P,R,Y):   1.8, 17.6, -7.6
[G01-W06] t=3.00s | Des(P,R,Y):   0.0, 35.0,  0.0 | Act(P,R,Y):  -2.5,  3.1, -7.7
[G01-W01] t=2.80s | Des(P,R,Y):   0.0,  0.0,  0.0 | Act(P,R,Y):  47.1, 11.0, -2.4
[G01-W03] t=3.40s | Des(P,R,Y):   0.0, 35.0,  0.0 | Act(P,R,Y):  -3.6, 18.8, -6.2
[G01-W04] t=3.00s | Des(P,R,Y):   0.0, 35.0,  0.0 | Act(P,R,Y):  15.0,  8.7, -7.9
[G01-W05] t=3.00s | Des(P,R,Y):   0.0, 35.0,  0.0 | Act(P,R,Y): -40.1,  6.5,-12.5
[G01-W02] t=3.40s | Des(P,R,Y):   0.0, 35.0,  0.0 | Act(P,R,Y):  -1.4, 31.2, -8.1
[G01-W06] t=3.20s | Des(P,R,Y):   0.0, 35.0,  0.0 | Act(P,R,Y):   0.4, 22.1, -7.8
[G01-W03] t=3.60s | Des(P,R,Y):   0.0, 35.0,  0.0 | Act(P,R,Y):  -5.7, 26.0, -6.7
[G01-W05] t=3.20s | Des(P,R,Y):   0.0, 35.0,  0.0 | Act(P,R,Y):   6.3, 29.6,-27.8
[G01-W01] t=3.00s | Des(P,R,Y):   0.0, 35.0,  0.0 | Act(P,R,Y):  40.8, 11.9, -9.1
[G01-W04] t=3.20s | Des(P,R,Y):   0.0, 35.0,  0.0 | Act(P,R,Y):   1.9, 25.2,-12.8
[G01-W02] t=3.60s | Des(P,R,Y):   0.0, 35.0,  0.0 | Act(P,R,Y):   0.3, 33.8, -8.2
[G01-W06] t=3.40s | Des(P,R,Y):   0.0, 35.0,  0.0 | Act(P,R,Y):  -3.0, 35.3, -8.0
[G01-W03] t=3.80s | Des(P,R,Y):   0.0, 35.0,  0.0 | Act(P,R,Y):  -4.4, 31.9, -6.2
[G01-W05] t=3.40s | Des(P,R,Y):   0.0, 35.0,  0.0 | Act(P,R,Y): -27.3, 32.4,-10.9
[G01-W04] t=3.40s | Des(P,R,Y):   0.0, 35.0,  0.0 | Act(P,R,Y):  -5.1, 34.6,-15.5
[G01-W01] t=3.20s | Des(P,R,Y):   0.0, 35.0,  0.0 | Act(P,R,Y):  14.3, 30.7,-12.5
[G01-W02] t=3.80s | Des(P,R,Y):   0.0, 35.0,  0.0 | Act(P,R,Y):   3.3, 35.6, -6.8
[G01-W06] t=3.60s | Des(P,R,Y):   0.0, 35.0,  0.0 | Act(P,R,Y):   0.4, 36.1, -7.0
[G01-W03] t=4.00s | Des(P,R,Y):   0.0,  0.0,  0.0 | Act(P,R,Y):  -2.5, 33.0, -5.3
[G01-W04] t=3.60s | Des(P,R,Y):   0.0, 35.0,  0.0 | Act(P,R,Y):   5.0, 33.2,-13.8
[G01-W05] t=3.60s | Des(P,R,Y):   0.0, 35.0,  0.0 | Act(P,R,Y):  -1.8, 35.8, -5.7
[G01-W01] t=3.40s | Des(P,R,Y):   0.0, 35.0,  0.0 | Act(P,R,Y): -22.0, 38.2,-16.3
[G01-W02] t=4.00s | Des(P,R,Y):   0.0,  0.0,  0.0 | Act(P,R,Y):   7.1, 33.1, -5.1
[G01-W06] t=3.80s | Des(P,R,Y):   0.0, 35.0,  0.0 | Act(P,R,Y):   4.5, 37.3, -4.5
[G01-W04] t=3.80s | Des(P,R,Y):   0.0, 35.0,  0.0 | Act(P,R,Y):  12.1, 36.1, -8.7
[G01-W03] t=4.20s | Des(P,R,Y):   0.0,  0.0,  0.0 | Act(P,R,Y):   2.6, 28.2, -3.5
[G01-W05] t=3.80s | Des(P,R,Y):   0.0, 35.0,  0.0 | Act(P,R,Y):  15.6, 38.6,-23.2
[G01-W01] t=3.60s | Des(P,R,Y):   0.0, 35.0,  0.0 | Act(P,R,Y):  12.3, 31.7,-33.7
[G01-W02] t=4.20s | Des(P,R,Y):   0.0,  0.0,  0.0 | Act(P,R,Y):  14.7, 21.9, -3.0
[G01-W06] t=4.00s | Des(P,R,Y):   0.0,  0.0,  0.0 | Act(P,R,Y):   8.3, 33.5, -2.4
[G01-W03] t=4.40s | Des(P,R,Y):   0.0,  0.0,  0.0 | Act(P,R,Y):   5.3, 22.8, -2.4
[G01-W04] t=4.00s | Des(P,R,Y):   0.0,  0.0,  0.0 | Act(P,R,Y):  17.1, 33.3, -2.9
[G01-W05] t=4.00s | Des(P,R,Y):   0.0,  0.0,  0.0 | Act(P,R,Y): -26.7, 33.9,  5.9
[G01-W01] t=3.80s | Des(P,R,Y):   0.0, 35.0,  0.0 | Act(P,R,Y):  -9.9, 37.2, -8.1
[G01-W06] t=4.20s | Des(P,R,Y):   0.0,  0.0,  0.0 | Act(P,R,Y):  17.5, 19.3, -0.6
[G01-W02] t=4.40s | Des(P,R,Y):   0.0,  0.0,  0.0 | Act(P,R,Y):  13.3, 13.4, -1.8
[G01-W04] t=4.20s | Des(P,R,Y):   0.0,  0.0,  0.0 | Act(P,R,Y):  31.2, 17.5, -4.5
[G01-W05] t=4.20s | Des(P,R,Y):   0.0,  0.0,  0.0 | Act(P,R,Y):  35.5, 19.4, -2.8
[G01-W03] t=4.60s | Des(P,R,Y):   0.0,  0.0,  0.0 | Act(P,R,Y):   4.5, 18.1, -2.0
[G01-W01] t=4.00s | Des(P,R,Y):   0.0,  0.0,  0.0 | Act(P,R,Y):  17.6, 33.4, -7.3
[G01-W06] t=4.40s | Des(P,R,Y):   0.0,  0.0,  0.0 | Act(P,R,Y):  14.6, 11.0,  2.4
[G01-W02] t=4.60s | Des(P,R,Y):   0.0,  0.0,  0.0 | Act(P,R,Y):   8.0,  5.8, -3.1
[G01-W04] t=4.40s | Des(P,R,Y):   0.0,  0.0,  0.0 | Act(P,R,Y):  25.1,  7.9, -0.2
[G01-W01] t=4.20s | Des(P,R,Y):   0.0,  0.0,  0.0 | Act(P,R,Y):  39.5, 16.9, -8.2
[G01-W05] t=4.40s | Des(P,R,Y):   0.0,  0.0,  0.0 | Act(P,R,Y):  23.5, -0.3, -4.9
[G01-W03] t=4.80s | Des(P,R,Y):   0.0,  0.0,  0.0 | Act(P,R,Y):   0.1, 11.9, -3.0
[G01-W06] t=4.60s | Des(P,R,Y):   0.0,  0.0,  0.0 | Act(P,R,Y):   5.0,  3.5, -0.9
[G01-W02] t=4.80s | Des(P,R,Y):   0.0,  0.0,  0.0 | Act(P,R,Y):  -0.2,  0.2, -5.1
[G01-W04] t=4.60s | Des(P,R,Y):   0.0,  0.0,  0.0 | Act(P,R,Y):  15.3,  5.3, -0.8
[G01-W01] t=4.40s | Des(P,R,Y):   0.0,  0.0,  0.0 | Act(P,R,Y):  32.0,  8.3,  5.3
[G01-W05] t=4.60s | Des(P,R,Y):   0.0,  0.0,  0.0 | Act(P,R,Y): -19.6, -3.8, 12.2
[G01-W06] t=4.80s | Des(P,R,Y):   0.0,  0.0,  0.0 | Act(P,R,Y):  -5.7, -3.8, -5.4
[G01-W03] t=5.00s | Des(P,R,Y):   0.0,  0.0, 50.0 | Act(P,R,Y):  -4.7,  4.0, -2.9
[G01-W02] t=5.00s | Des(P,R,Y):   0.0,  0.0, 50.0 | Act(P,R,Y):  -3.9, -6.4, -5.5
[G01-W04] t=4.80s | Des(P,R,Y):   0.0,  0.0,  0.0 | Act(P,R,Y):   0.1, -1.3, -8.6
[G01-W05] t=4.80s | Des(P,R,Y):   0.0,  0.0,  0.0 | Act(P,R,Y):  17.6,  9.3, -0.1
[G01-W01] t=4.60s | Des(P,R,Y):   0.0,  0.0,  0.0 | Act(P,R,Y):  26.2, 10.4,  5.9
[G01-W03] t=5.20s | Des(P,R,Y):   0.0,  0.0, 50.0 | Act(P,R,Y):  -6.9,  1.1, 12.1
[G01-W06] t=5.00s | Des(P,R,Y):   0.0,  0.0, 50.0 | Act(P,R,Y):  -5.2, -8.1, -3.7
[G01-W02] t=5.20s | Des(P,R,Y):   0.0,  0.0, 50.0 | Act(P,R,Y): -10.8, -8.2, 21.9
[G01-W04] t=5.00s | Des(P,R,Y):   0.0,  0.0, 50.0 | Act(P,R,Y): -20.5,-11.2,-11.2
[G01-W05] t=5.00s | Des(P,R,Y):   0.0,  0.0, 50.0 | Act(P,R,Y):  33.6,  9.8,-24.3
[G01-W01] t=4.80s | Des(P,R,Y):   0.0,  0.0,  0.0 | Act(P,R,Y):   3.8,  5.3,-10.2
[G01-W03] t=5.40s | Des(P,R,Y):   0.0,  0.0, 50.0 | Act(P,R,Y): -11.4, -8.5, 10.2
[G01-W06] t=5.20s | Des(P,R,Y):   0.0,  0.0, 50.0 | Act(P,R,Y): -15.4,-14.6, 23.3
[G01-W05] t=5.20s | Des(P,R,Y):   0.0,  0.0, 50.0 | Act(P,R,Y): -17.3,-19.8,  2.2
[G01-W02] t=5.40s | Des(P,R,Y):   0.0,  0.0, 50.0 | Act(P,R,Y):  -9.7,-21.2, 10.1
[G01-W04] t=5.20s | Des(P,R,Y):   0.0,  0.0, 50.0 | Act(P,R,Y): -15.4,-20.6, 23.1
[G01-W01] t=5.00s | Des(P,R,Y):   0.0,  0.0, 50.0 | Act(P,R,Y): -43.5,-11.6,-16.5
[G01-W03] t=5.60s | Des(P,R,Y):   0.0,  0.0, 50.0 | Act(P,R,Y): -13.1,-15.7, 10.5
[G01-W06] t=5.40s | Des(P,R,Y):   0.0,  0.0, 50.0 | Act(P,R,Y):  -9.5,-25.4,  9.9
[G01-W05] t=5.40s | Des(P,R,Y):   0.0,  0.0, 50.0 | Act(P,R,Y): -33.7,-37.0,  9.9
[G01-W02] t=5.60s | Des(P,R,Y):   0.0,  0.0, 50.0 | Act(P,R,Y): -13.1,-28.9, 10.4
[G01-W04] t=5.40s | Des(P,R,Y):   0.0,  0.0, 50.0 | Act(P,R,Y): -10.4,-27.6, 10.3
[G01-W01] t=5.20s | Des(P,R,Y):   0.0,  0.0, 50.0 | Act(P,R,Y): -32.4,-26.3, 18.9
[G01-W03] t=5.80s | Des(P,R,Y):   0.0,  0.0, 50.0 | Act(P,R,Y): -11.9,-19.7, 20.7
[G01-W06] t=5.60s | Des(P,R,Y):   0.0,  0.0, 50.0 | Act(P,R,Y): -25.6,-38.4, 10.4
[G01-W05] t=5.60s | Des(P,R,Y):   0.0,  0.0, 50.0 | Act(P,R,Y): -34.5,-36.7,  8.2
[G01-W02] t=5.80s | Des(P,R,Y):   0.0,  0.0, 50.0 | Act(P,R,Y): -15.0,-32.0, 20.6
[G01-W01] t=5.40s | Des(P,R,Y):   0.0,  0.0, 50.0 | Act(P,R,Y): -18.4,-34.5, 10.1
[G01-W04] t=5.60s | Des(P,R,Y):   0.0,  0.0, 50.0 | Act(P,R,Y): -10.6,-30.5, 10.5
[G01-W03] t=6.00s | Des(P,R,Y):   0.0,  0.0,  0.0 | Act(P,R,Y):   0.9, -9.9, 36.4
[Fixation Controller] Initialized 3-DOF Virtual Work tracking for Eyes.
Eval SUCCESS: G01-W03 | Kp=9.08, Ki=7.12, Kd=10.12 => Score=68.9
[G01-W06] t=5.80s | Des(P,R,Y):   0.0,  0.0, 50.0 | Act(P,R,Y): -25.0,-35.1, 20.6
[G01-W05] t=5.80s | Des(P,R,Y):   0.0,  0.0, 50.0 | Act(P,R,Y): -34.4,-35.4, 20.0
[G01-W01] t=5.60s | Des(P,R,Y):   0.0,  0.0, 50.0 | Act(P,R,Y): -23.3,-37.0, 10.4
[G01-W02] t=6.00s | Des(P,R,Y):   0.0,  0.0,  0.0 | Act(P,R,Y):  -5.0,-18.3, 36.6
[Fixation Controller] Initialized 3-DOF Virtual Work tracking for Eyes.
Eval SUCCESS: G01-W02 | Kp=23.07, Ki=3.32, Kd=7.44 => Score=65.5
[G01-W04] t=5.80s | Des(P,R,Y):   0.0,  0.0, 50.0 | Act(P,R,Y): -10.3,-33.1, 20.7
[G01-W06] t=6.00s | Des(P,R,Y):   0.0,  0.0,  0.0 | Act(P,R,Y):  -9.6,-24.9, 37.0
[Fixation Controller] Initialized 3-DOF Virtual Work tracking for Eyes.
Eval SUCCESS: G01-W06 | Kp=25.67, Ki=6.95, Kd=4.91 => Score=69.6
[G01-W05] t=6.00s | Des(P,R,Y):   0.0,  0.0,  0.0 | Act(P,R,Y): -22.4,-31.9, 36.8
[Fixation Controller] Initialized 3-DOF Virtual Work tracking for Eyes.
Eval SUCCESS: G01-W05 | Kp=20.42, Ki=2.60, Kd=0.01 => Score=105.7
[G01-W01] t=5.80s | Des(P,R,Y):   0.0,  0.0, 50.0 | Act(P,R,Y): -21.0,-33.7, 20.4
[G01-W04] t=6.00s | Des(P,R,Y):   0.0,  0.0,  0.0 | Act(P,R,Y):  -3.0,-25.1, 36.8
[Fixation Controller] Initialized 3-DOF Virtual Work tracking for Eyes.
Eval SUCCESS: G01-W04 | Kp=17.98, Ki=0.24, Kd=2.50 => Score=83.8
[G01-W01] t=6.00s | Des(P,R,Y):   0.0,  0.0,  0.0 | Act(P,R,Y):  -2.6,-20.6, 36.7
[Fixation Controller] Initialized 3-DOF Virtual Work tracking for Eyes.
Eval SUCCESS: G01-W01 | Kp=14.65, Ki=1.72, Kd=0.82 => Score=105.4
Iterat #Fevals   function value  axis ratio  sigma  min&max std  t[m:s]
    1      6 6.553324472760704e+01 1.0e+00 5.29e+00  5e+00  6e+00 3:06.6  
Gen 1: Best Error = 65.53 | Kp=23.07, Ki=3.32, Kd=7.44

--- Generation 2 ---
Found simbody-visualizer, setting SIMBODY_HOME env var to  C:\Users\User\miniforge3\envs\opensim_env\Lib\opensimFound simbody-visualizer, setting SIMBODY_HOME env var to  C:\Users\User\miniforge3\envs\opensim_env\Lib\opensim

Found simbody-visualizer, setting SIMBODY_HOME env var to  C:\Users\User\miniforge3\envs\opensim_env\Lib\opensim
Found simbody-visualizer, setting SIMBODY_HOME env var to  C:\Users\User\miniforge3\envs\opensim_env\Lib\opensim
Found simbody-visualizer, setting SIMBODY_HOME env var to  C:\Users\User\miniforge3\envs\opensim_env\Lib\opensim
Found simbody-visualizer, setting SIMBODY_HOME env var to  C:\Users\User\miniforge3\envs\opensim_env\Lib\opensim
[G02-W04] t=0.20s | Des(P,R,Y):   0.0,  0.0,  0.0 | Act(P,R,Y):   2.5,  2.9,  0.6
[G02-W06] t=0.20s | Des(P,R,Y):   0.0,  0.0,  0.0 | Act(P,R,Y):   5.5,  5.3,  1.1
[G02-W02] t=0.20s | Des(P,R,Y):   0.0,  0.0,  0.0 | Act(P,R,Y):  14.4, 10.1,  2.6
[G02-W01] t=0.20s | Des(P,R,Y):   0.0,  0.0,  0.0 | Act(P,R,Y):   9.3,  7.5,  2.0
[G02-W03] t=0.20s | Des(P,R,Y):   0.0,  0.0,  0.0 | Act(P,R,Y):   9.4,  7.8,  2.1
[G02-W05] t=0.20s | Des(P,R,Y):   0.0,  0.0,  0.0 | Act(P,R,Y):   8.2,  6.9,  1.7
[G02-W04] t=0.40s | Des(P,R,Y):   0.0,  0.0,  0.0 | Act(P,R,Y):  -2.4,  0.2, -3.3
[G02-W06] t=0.40s | Des(P,R,Y):   0.0,  0.0,  0.0 | Act(P,R,Y):  -6.3, -0.7, -6.1
[G02-W01] t=0.40s | Des(P,R,Y):   0.0,  0.0,  0.0 | Act(P,R,Y):  -9.1,  0.4, -7.0
[G02-W03] t=0.40s | Des(P,R,Y):   0.0,  0.0,  0.0 | Act(P,R,Y): -10.1, -0.0, -7.2
[G02-W05] t=0.40s | Des(P,R,Y):   0.0,  0.0,  0.0 | Act(P,R,Y):  -8.7, -0.2, -6.9
[G02-W02] t=0.40s | Des(P,R,Y):   0.0,  0.0,  0.0 | Act(P,R,Y):  -4.9,  6.0, -6.8
[G02-W04] t=0.60s | Des(P,R,Y):   0.0,  0.0,  0.0 | Act(P,R,Y):  -2.4, -0.0, -4.3
[G02-W01] t=0.60s | Des(P,R,Y):   0.0,  0.0,  0.0 | Act(P,R,Y):  -9.4, -0.9, -7.4
[G02-W03] t=0.60s | Des(P,R,Y):   0.0,  0.0,  0.0 | Act(P,R,Y):  -8.8, -1.2, -7.1
[G02-W05] t=0.60s | Des(P,R,Y):   0.0,  0.0,  0.0 | Act(P,R,Y):  -6.9, -0.9, -7.3
[G02-W06] t=0.60s | Des(P,R,Y):   0.0,  0.0,  0.0 | Act(P,R,Y):  -4.0, -0.4, -6.5
[G02-W02] t=0.60s | Des(P,R,Y):   0.0,  0.0,  0.0 | Act(P,R,Y): -20.2, -0.2, -8.5
[G02-W04] t=0.80s | Des(P,R,Y):   0.0,  0.0,  0.0 | Act(P,R,Y):  -2.7, -0.4, -5.4
[G02-W01] t=0.80s | Des(P,R,Y):   0.0,  0.0,  0.0 | Act(P,R,Y):   0.4, -1.0, -6.9
[G02-W03] t=0.80s | Des(P,R,Y):   0.0,  0.0,  0.0 | Act(P,R,Y):   1.8, -0.6, -5.9
[G02-W05] t=0.80s | Des(P,R,Y):   0.0,  0.0,  0.0 | Act(P,R,Y):  -2.2, -0.5, -6.7
[G02-W06] t=0.80s | Des(P,R,Y):   0.0,  0.0,  0.0 | Act(P,R,Y):  -2.6,  0.5, -6.3
[G02-W02] t=0.80s | Des(P,R,Y):   0.0,  0.0,  0.0 | Act(P,R,Y):  -2.5, -2.8, -9.6
[G02-W04] t=1.00s | Des(P,R,Y):  45.0,  0.0,  0.0 | Act(P,R,Y):   0.4, -0.5, -6.1
[G02-W01] t=1.00s | Des(P,R,Y):  45.0,  0.0,  0.0 | Act(P,R,Y):  -4.1, -2.7, -7.5
[G02-W05] t=1.00s | Des(P,R,Y):  45.0,  0.0,  0.0 | Act(P,R,Y):  -1.6, -2.1, -8.2
[G02-W03] t=1.00s | Des(P,R,Y):  45.0,  0.0,  0.0 | Act(P,R,Y):  -3.9, -2.1, -6.9
[G02-W02] t=1.00s | Des(P,R,Y):  45.0,  0.0,  0.0 | Act(P,R,Y): -10.0, -6.6, -6.5
[G02-W06] t=1.00s | Des(P,R,Y):  45.0,  0.0,  0.0 | Act(P,R,Y):  -0.5, -1.2, -7.6
[G02-W04] t=1.20s | Des(P,R,Y):  45.0,  0.0,  0.0 | Act(P,R,Y):  15.7, -0.1, -6.7
[G02-W01] t=1.20s | Des(P,R,Y):  45.0,  0.0,  0.0 | Act(P,R,Y):  40.6, -2.3, -8.8
[G02-W05] t=1.20s | Des(P,R,Y):  45.0,  0.0,  0.0 | Act(P,R,Y):  37.4, -1.6, -9.5
[G02-W03] t=1.20s | Des(P,R,Y):  45.0,  0.0,  0.0 | Act(P,R,Y):  44.9, -2.2, -9.2
[G02-W04] t=1.40s | Des(P,R,Y):  45.0,  0.0,  0.0 | Act(P,R,Y):  27.7, -0.8, -7.3
[G02-W06] t=1.20s | Des(P,R,Y):  45.0,  0.0,  0.0 | Act(P,R,Y):  28.4, -1.0, -8.4
[G02-W02] t=1.20s | Des(P,R,Y):  45.0,  0.0,  0.0 | Act(P,R,Y):  44.6, -3.3, -9.5
[G02-W04] t=1.60s | Des(P,R,Y):  45.0,  0.0,  0.0 | Act(P,R,Y):  36.2, -1.5, -7.5
[G02-W05] t=1.40s | Des(P,R,Y):  45.0,  0.0,  0.0 | Act(P,R,Y):  42.3, -3.0, -8.8
[G02-W01] t=1.40s | Des(P,R,Y):  45.0,  0.0,  0.0 | Act(P,R,Y):  45.9, -5.0, -8.9
[G02-W06] t=1.40s | Des(P,R,Y):  45.0,  0.0,  0.0 | Act(P,R,Y):  38.2, -2.4, -8.4
[G02-W03] t=1.40s | Des(P,R,Y):  45.0,  0.0,  0.0 | Act(P,R,Y):  47.0, -5.6, -8.7
[G02-W02] t=1.40s | Des(P,R,Y):  45.0,  0.0,  0.0 | Act(P,R,Y):  47.6, -6.8,-15.7
[G02-W04] t=1.80s | Des(P,R,Y):  45.0,  0.0,  0.0 | Act(P,R,Y):  44.4, -1.5, -7.1
[G02-W06] t=1.60s | Des(P,R,Y):  45.0,  0.0,  0.0 | Act(P,R,Y):  44.2, -4.1, -8.9
[G02-W05] t=1.60s | Des(P,R,Y):  45.0,  0.0,  0.0 | Act(P,R,Y):  48.5, -3.8, -9.9
[G02-W04] t=2.00s | Des(P,R,Y):   0.0,  0.0,  0.0 | Act(P,R,Y):  47.5, -0.6, -5.6
[G02-W01] t=1.60s | Des(P,R,Y):  45.0,  0.0,  0.0 | Act(P,R,Y):  50.4, -5.1, -8.8
[G02-W03] t=1.60s | Des(P,R,Y):  45.0,  0.0,  0.0 | Act(P,R,Y):  50.4, -4.8, -8.4
[G02-W02] t=1.60s | Des(P,R,Y):  45.0,  0.0,  0.0 | Act(P,R,Y):  50.7, -8.7,-11.9
[G02-W04] t=2.20s | Des(P,R,Y):   0.0,  0.0,  0.0 | Act(P,R,Y):  44.1,  1.2, -3.6
[G02-W06] t=1.80s | Des(P,R,Y):  45.0,  0.0,  0.0 | Act(P,R,Y):  48.8, -3.7, -8.4
[G02-W05] t=1.80s | Des(P,R,Y):  45.0,  0.0,  0.0 | Act(P,R,Y):  51.4, -2.9, -9.6
[G02-W03] t=1.80s | Des(P,R,Y):  45.0,  0.0,  0.0 | Act(P,R,Y):  52.3, -2.3, -8.4
[G02-W01] t=1.80s | Des(P,R,Y):  45.0,  0.0,  0.0 | Act(P,R,Y):  52.6, -2.9, -8.4
[G02-W04] t=2.40s | Des(P,R,Y):   0.0,  0.0,  0.0 | Act(P,R,Y):  37.7,  1.9, -2.7
[G02-W02] t=1.80s | Des(P,R,Y):  45.0,  0.0,  0.0 | Act(P,R,Y):  53.2, -3.2, -7.0
[G02-W06] t=2.00s | Des(P,R,Y):   0.0,  0.0,  0.0 | Act(P,R,Y):  50.6, -1.2, -5.9
[G02-W05] t=2.00s | Des(P,R,Y):   0.0,  0.0,  0.0 | Act(P,R,Y):  52.3, -0.0, -6.2
[G02-W03] t=2.00s | Des(P,R,Y):   0.0,  0.0,  0.0 | Act(P,R,Y):  52.7,  0.2, -5.3
[G02-W01] t=2.00s | Des(P,R,Y):   0.0,  0.0,  0.0 | Act(P,R,Y):  53.1, -0.1, -5.1
[G02-W04] t=2.60s | Des(P,R,Y):   0.0,  0.0,  0.0 | Act(P,R,Y):  27.0,  0.4, -3.3
[G02-W02] t=2.00s | Des(P,R,Y):   0.0,  0.0,  0.0 | Act(P,R,Y):  53.4,  1.9, -6.0
[G02-W06] t=2.20s | Des(P,R,Y):   0.0,  0.0,  0.0 | Act(P,R,Y):  46.5,  2.7, -2.0
[G02-W05] t=2.20s | Des(P,R,Y):   0.0,  0.0,  0.0 | Act(P,R,Y):  48.8,  4.4, -1.3
[G02-W03] t=2.20s | Des(P,R,Y):   0.0,  0.0,  0.0 | Act(P,R,Y):  48.6,  5.1,  1.4
[G02-W01] t=2.20s | Des(P,R,Y):   0.0,  0.0,  0.0 | Act(P,R,Y):  49.9,  4.3,  1.3
[G02-W02] t=2.20s | Des(P,R,Y):   0.0,  0.0,  0.0 | Act(P,R,Y):  50.2,  5.0, -1.0
[G02-W04] t=2.80s | Des(P,R,Y):   0.0,  0.0,  0.0 | Act(P,R,Y):  18.7, -0.6, -3.8
[G02-W06] t=2.40s | Des(P,R,Y):   0.0,  0.0,  0.0 | Act(P,R,Y):  40.9,  5.3, -0.9
[G02-W05] t=2.40s | Des(P,R,Y):   0.0,  0.0,  0.0 | Act(P,R,Y):  45.8,  7.6,  0.3
[G02-W06] t=2.60s | Des(P,R,Y):   0.0,  0.0,  0.0 | Act(P,R,Y):  26.7,  4.2, -2.7
[G02-W01] t=2.40s | Des(P,R,Y):   0.0,  0.0,  0.0 | Act(P,R,Y):  47.7,  8.7,  4.6
[G02-W03] t=2.40s | Des(P,R,Y):   0.0,  0.0,  0.0 | Act(P,R,Y):  45.6, 10.1,  4.3
[G02-W04] t=3.00s | Des(P,R,Y):   0.0, 35.0,  0.0 | Act(P,R,Y):  10.9,  0.3, -4.4
[G02-W02] t=2.40s | Des(P,R,Y):   0.0,  0.0,  0.0 | Act(P,R,Y):  49.3,  8.9,  4.7
[G02-W06] t=2.80s | Des(P,R,Y):   0.0,  0.0,  0.0 | Act(P,R,Y):  11.5,  0.3, -5.4
[G02-W05] t=2.60s | Des(P,R,Y):   0.0,  0.0,  0.0 | Act(P,R,Y):  37.0,  8.0, -1.5
[G02-W04] t=3.20s | Des(P,R,Y):   0.0, 35.0,  0.0 | Act(P,R,Y):   3.9,  9.0, -4.9
[G02-W03] t=2.60s | Des(P,R,Y):   0.0,  0.0,  0.0 | Act(P,R,Y):  33.9, 10.7,  1.0
[G02-W01] t=2.60s | Des(P,R,Y):   0.0,  0.0,  0.0 | Act(P,R,Y):  41.2,  9.9,  3.2
[G02-W02] t=2.60s | Des(P,R,Y):   0.0,  0.0,  0.0 | Act(P,R,Y):  46.7, 12.0,  4.4
[G02-W05] t=2.80s | Des(P,R,Y):   0.0,  0.0,  0.0 | Act(P,R,Y):  19.0,  3.8, -5.1
[G02-W06] t=3.00s | Des(P,R,Y):   0.0, 35.0,  0.0 | Act(P,R,Y):   6.3,  2.5, -5.9
[G02-W04] t=3.40s | Des(P,R,Y):   0.0, 35.0,  0.0 | Act(P,R,Y):  -1.1, 16.9, -5.4
[G02-W03] t=2.80s | Des(P,R,Y):   0.0,  0.0,  0.0 | Act(P,R,Y):  10.4,  3.9, -3.7
[G02-W01] t=2.80s | Des(P,R,Y):   0.0,  0.0,  0.0 | Act(P,R,Y):  23.2,  7.5,  0.2
[G02-W05] t=3.00s | Des(P,R,Y):   0.0, 35.0,  0.0 | Act(P,R,Y):   4.0,  3.6, -8.7
[G02-W02] t=2.80s | Des(P,R,Y):   0.0,  0.0,  0.0 | Act(P,R,Y):  37.3, 11.2, -0.7
[G02-W04] t=3.60s | Des(P,R,Y):   0.0, 35.0,  0.0 | Act(P,R,Y):  -2.2, 23.8, -5.5
[G02-W06] t=3.20s | Des(P,R,Y):   0.0, 35.0,  0.0 | Act(P,R,Y):  -1.4, 16.0, -7.5
[G02-W03] t=3.00s | Des(P,R,Y):   0.0, 35.0,  0.0 | Act(P,R,Y):  -3.0,  3.6, -8.3
[G02-W01] t=3.00s | Des(P,R,Y):   0.0, 35.0,  0.0 | Act(P,R,Y):   1.9,  6.5, -4.3
[G02-W02] t=3.00s | Des(P,R,Y):   0.0, 35.0,  0.0 | Act(P,R,Y):   9.9, 10.2, -4.4
[G02-W05] t=3.20s | Des(P,R,Y):   0.0, 35.0,  0.0 | Act(P,R,Y):   4.0, 19.1, -9.7
[G02-W04] t=3.80s | Des(P,R,Y):   0.0, 35.0,  0.0 | Act(P,R,Y):  -1.7, 29.5, -5.1
[G02-W06] t=3.40s | Des(P,R,Y):   0.0, 35.0,  0.0 | Act(P,R,Y):  -5.9, 27.7, -8.1
[G02-W03] t=3.20s | Des(P,R,Y):   0.0, 35.0,  0.0 | Act(P,R,Y):   0.8, 21.9, -9.3
[G02-W01] t=3.20s | Des(P,R,Y):   0.0, 35.0,  0.0 | Act(P,R,Y):  -2.8, 20.7, -7.4
[G02-W05] t=3.40s | Des(P,R,Y):   0.0, 35.0,  0.0 | Act(P,R,Y):  -0.6, 33.0, -9.7
[G02-W04] t=4.00s | Des(P,R,Y):   0.0,  0.0,  0.0 | Act(P,R,Y):  -0.2, 31.0, -4.5
[G02-W02] t=3.20s | Des(P,R,Y):   0.0, 35.0,  0.0 | Act(P,R,Y):  -7.0, 27.8, -9.7
[G02-W06] t=3.60s | Des(P,R,Y):   0.0, 35.0,  0.0 | Act(P,R,Y):  -3.2, 32.4, -8.3
[G02-W03] t=3.40s | Des(P,R,Y):   0.0, 35.0,  0.0 | Act(P,R,Y):  -2.5, 35.9, -8.5
[G02-W01] t=3.40s | Des(P,R,Y):   0.0, 35.0,  0.0 | Act(P,R,Y):  -8.8, 34.0, -7.8
[G02-W05] t=3.60s | Des(P,R,Y):   0.0, 35.0,  0.0 | Act(P,R,Y):   1.6, 34.4,-10.0
[G02-W04] t=4.20s | Des(P,R,Y):   0.0,  0.0,  0.0 | Act(P,R,Y):   2.8, 26.5, -3.2
[G02-W06] t=3.80s | Des(P,R,Y):   0.0, 35.0,  0.0 | Act(P,R,Y):  -0.2, 34.8, -7.3
[G02-W02] t=3.40s | Des(P,R,Y):   0.0, 35.0,  0.0 | Act(P,R,Y):  -8.1, 34.0,-15.3
[G02-W03] t=3.60s | Des(P,R,Y):   0.0, 35.0,  0.0 | Act(P,R,Y):   1.2, 36.4, -7.4
[G02-W01] t=3.60s | Des(P,R,Y):   0.0, 35.0,  0.0 | Act(P,R,Y):  -5.2, 35.6, -6.7
[G02-W05] t=3.80s | Des(P,R,Y):   0.0, 35.0,  0.0 | Act(P,R,Y):   5.7, 35.7, -8.2
[G02-W04] t=4.40s | Des(P,R,Y):   0.0,  0.0,  0.0 | Act(P,R,Y):   3.4, 21.1, -2.8
[G02-W06] t=4.00s | Des(P,R,Y):   0.0,  0.0,  0.0 | Act(P,R,Y):   3.5, 33.0, -5.9
[G02-W02] t=3.60s | Des(P,R,Y):   0.0, 35.0,  0.0 | Act(P,R,Y):   0.4, 33.6, -9.4
[G02-W03] t=3.80s | Des(P,R,Y):   0.0, 35.0,  0.0 | Act(P,R,Y):   5.6, 37.1, -5.0
[G02-W01] t=3.80s | Des(P,R,Y):   0.0, 35.0,  0.0 | Act(P,R,Y):  -0.1, 37.1, -3.7
[G02-W05] t=4.00s | Des(P,R,Y):   0.0,  0.0,  0.0 | Act(P,R,Y):  10.3, 32.9, -6.0
[G02-W04] t=4.60s | Des(P,R,Y):   0.0,  0.0,  0.0 | Act(P,R,Y):   2.3, 15.9, -3.0
[G02-W02] t=3.80s | Des(P,R,Y):   0.0, 35.0,  0.0 | Act(P,R,Y):  10.1, 37.4, -3.4
[G02-W06] t=4.20s | Des(P,R,Y):   0.0,  0.0,  0.0 | Act(P,R,Y):  10.9, 23.3, -3.7
[G02-W03] t=4.00s | Des(P,R,Y):   0.0,  0.0,  0.0 | Act(P,R,Y):   9.5, 33.3, -2.9
[G02-W01] t=4.00s | Des(P,R,Y):   0.0,  0.0,  0.0 | Act(P,R,Y):   3.8, 33.8, -1.7
[G02-W05] t=4.20s | Des(P,R,Y):   0.0,  0.0,  0.0 | Act(P,R,Y):  19.2, 20.7, -4.2
[G02-W04] t=4.80s | Des(P,R,Y):   0.0,  0.0,  0.0 | Act(P,R,Y):   1.0, 11.6, -3.2
[G02-W02] t=4.00s | Des(P,R,Y):   0.0,  0.0,  0.0 | Act(P,R,Y):  12.3, 34.5,  2.0
[G02-W03] t=4.20s | Des(P,R,Y):   0.0,  0.0,  0.0 | Act(P,R,Y):  19.5, 18.8, -1.2
[G02-W06] t=4.40s | Des(P,R,Y):   0.0,  0.0,  0.0 | Act(P,R,Y):  11.1, 15.5, -2.7
[G02-W01] t=4.20s | Des(P,R,Y):   0.0,  0.0,  0.0 | Act(P,R,Y):  13.5, 20.0,  0.4
[G02-W02] t=4.20s | Des(P,R,Y):   0.0,  0.0,  0.0 | Act(P,R,Y):  25.7, 17.5, -1.0
[G02-W05] t=4.40s | Des(P,R,Y):   0.0,  0.0,  0.0 | Act(P,R,Y):  17.0, 11.8, -2.1
[G02-W03] t=4.40s | Des(P,R,Y):   0.0,  0.0,  0.0 | Act(P,R,Y):  17.5, 10.7,  2.4
[G02-W04] t=5.00s | Des(P,R,Y):   0.0,  0.0, 50.0 | Act(P,R,Y):  -2.0,  5.8, -2.2
[G02-W06] t=4.60s | Des(P,R,Y):   0.0,  0.0,  0.0 | Act(P,R,Y):   6.8,  7.7, -3.6
[G02-W01] t=4.40s | Des(P,R,Y):   0.0,  0.0,  0.0 | Act(P,R,Y):  12.3, 11.9,  3.8
[G02-W02] t=4.40s | Des(P,R,Y):   0.0,  0.0,  0.0 | Act(P,R,Y):  20.3,  6.3,  3.8
[G02-W05] t=4.60s | Des(P,R,Y):   0.0,  0.0,  0.0 | Act(P,R,Y):   7.9,  3.8, -4.6
[G02-W03] t=4.60s | Des(P,R,Y):   0.0,  0.0,  0.0 | Act(P,R,Y):   6.1,  4.2, -0.0
[G02-W04] t=5.20s | Des(P,R,Y):   0.0,  0.0, 50.0 | Act(P,R,Y):  -1.3,  3.7, 12.5
[G02-W06] t=4.80s | Des(P,R,Y):   0.0,  0.0,  0.0 | Act(P,R,Y):   1.6,  2.5, -5.0
[G02-W01] t=4.60s | Des(P,R,Y):   0.0,  0.0,  0.0 | Act(P,R,Y):   2.8,  4.4,  1.3
[G02-W02] t=4.60s | Des(P,R,Y):   0.0,  0.0,  0.0 | Act(P,R,Y):  10.0,  4.9,  5.6
[G02-W04] t=5.40s | Des(P,R,Y):   0.0,  0.0, 50.0 | Act(P,R,Y):  -4.4, -5.5, 10.5
[G02-W05] t=4.80s | Des(P,R,Y):   0.0,  0.0,  0.0 | Act(P,R,Y):   4.4, -0.6, -6.7
[G02-W03] t=4.80s | Des(P,R,Y):   0.0,  0.0,  0.0 | Act(P,R,Y):  -5.1, -4.5, -6.8
[G02-W06] t=5.00s | Des(P,R,Y):   0.0,  0.0, 50.0 | Act(P,R,Y):  -1.7, -3.8, -4.6
[G02-W01] t=4.80s | Des(P,R,Y):   0.0,  0.0,  0.0 | Act(P,R,Y):  -5.7, -3.0, -2.9
[G02-W04] t=5.60s | Des(P,R,Y):   0.0,  0.0, 50.0 | Act(P,R,Y):  -5.4,-12.5, 10.6
[G02-W02] t=4.80s | Des(P,R,Y):   0.0,  0.0,  0.0 | Act(P,R,Y):   1.4,  1.6, -3.1
[G02-W05] t=5.00s | Des(P,R,Y):   0.0,  0.0, 50.0 | Act(P,R,Y):  -4.5, -6.8, -6.7
[G02-W03] t=5.00s | Des(P,R,Y):   0.0,  0.0, 50.0 | Act(P,R,Y):  -4.4, -8.2, -4.6
[G02-W06] t=5.20s | Des(P,R,Y):   0.0,  0.0, 50.0 | Act(P,R,Y):  -6.7, -4.8, 19.5
[G02-W01] t=5.00s | Des(P,R,Y):   0.0,  0.0, 50.0 | Act(P,R,Y): -11.1, -8.7, -2.5
[G02-W04] t=5.80s | Des(P,R,Y):   0.0,  0.0, 50.0 | Act(P,R,Y):  -6.1,-15.8, 20.8
[G02-W02] t=5.00s | Des(P,R,Y):   0.0,  0.0, 50.0 | Act(P,R,Y): -32.7,-11.5, -7.3
[G02-W05] t=5.20s | Des(P,R,Y):   0.0,  0.0, 50.0 | Act(P,R,Y): -11.7,-10.9, 21.6
[G02-W03] t=5.20s | Des(P,R,Y):   0.0,  0.0, 50.0 | Act(P,R,Y): -15.8,-15.7, 23.3
[G02-W06] t=5.40s | Des(P,R,Y):   0.0,  0.0, 50.0 | Act(P,R,Y):  -9.9,-18.5, 10.4
[G02-W01] t=5.20s | Des(P,R,Y):   0.0,  0.0, 50.0 | Act(P,R,Y): -15.6,-15.6, 23.2
[G02-W02] t=5.20s | Des(P,R,Y):   0.0,  0.0, 50.0 | Act(P,R,Y): -27.1,-26.4, 24.0
[G02-W04] t=6.00s | Des(P,R,Y):   0.0,  0.0,  0.0 | Act(P,R,Y):   3.4, -5.5, 36.0
[Fixation Controller] Initialized 3-DOF Virtual Work tracking for Eyes.
Eval SUCCESS: G02-W04 | Kp=18.37, Ki=9.15, Kd=17.28 => Score=59.2
[G02-W05] t=5.40s | Des(P,R,Y):   0.0,  0.0, 50.0 | Act(P,R,Y): -10.5,-21.7, 10.1
[G02-W03] t=5.40s | Des(P,R,Y):   0.0,  0.0, 50.0 | Act(P,R,Y):  -7.9,-25.5,  9.9
[G02-W06] t=5.60s | Des(P,R,Y):   0.0,  0.0, 50.0 | Act(P,R,Y):  -9.6,-23.1, 10.5
[G02-W01] t=5.40s | Des(P,R,Y):   0.0,  0.0, 50.0 | Act(P,R,Y): -10.5,-24.0, 10.0
[G02-W02] t=5.40s | Des(P,R,Y):   0.0,  0.0, 50.0 | Act(P,R,Y): -16.9,-35.2, 10.2
[G02-W05] t=5.60s | Des(P,R,Y):   0.0,  0.0, 50.0 | Act(P,R,Y): -13.5,-27.9, 10.5
[G02-W03] t=5.60s | Des(P,R,Y):   0.0,  0.0, 50.0 | Act(P,R,Y): -24.5,-38.1, 10.4
[G02-W01] t=5.60s | Des(P,R,Y):   0.0,  0.0, 50.0 | Act(P,R,Y): -24.0,-38.0, 10.3
[G02-W06] t=5.80s | Des(P,R,Y):   0.0,  0.0, 50.0 | Act(P,R,Y): -10.5,-26.3, 20.8
[G02-W02] t=5.60s | Des(P,R,Y):   0.0,  0.0, 50.0 | Act(P,R,Y): -19.5,-36.4, 10.4
[G02-W03] t=5.80s | Des(P,R,Y):   0.0,  0.0, 50.0 | Act(P,R,Y): -25.3,-35.7, 20.6
[G02-W05] t=5.80s | Des(P,R,Y):   0.0,  0.0, 50.0 | Act(P,R,Y): -11.9,-30.2, 20.6
[G02-W01] t=5.80s | Des(P,R,Y):   0.0,  0.0, 50.0 | Act(P,R,Y): -25.1,-37.2, 20.4
[G02-W06] t=6.00s | Des(P,R,Y):   0.0,  0.0,  0.0 | Act(P,R,Y):  -1.6,-16.1, 36.7
[Fixation Controller] Initialized 3-DOF Virtual Work tracking for Eyes.
Eval SUCCESS: G02-W06 | Kp=20.00, Ki=3.81, Kd=8.52 => Score=63.0
[G02-W02] t=5.80s | Des(P,R,Y):   0.0,  0.0, 50.0 | Act(P,R,Y): -22.9,-36.1, 20.5
[G02-W03] t=6.00s | Des(P,R,Y):   0.0,  0.0,  0.0 | Act(P,R,Y): -10.1,-26.0, 36.9
[G02-W05] t=6.00s | Des(P,R,Y):   0.0,  0.0,  0.0 | Act(P,R,Y):  -3.9,-18.8, 36.7
[Fixation Controller] Initialized 3-DOF Virtual Work tracking for Eyes.
Eval SUCCESS: G02-W03 | Kp=24.27, Ki=5.58, Kd=4.27 => Score=72.2
[Fixation Controller] Initialized 3-DOF Virtual Work tracking for Eyes.
Eval SUCCESS: G02-W05 | Kp=21.78, Ki=1.43, Kd=5.70 => Score=70.0
[G02-W01] t=6.00s | Des(P,R,Y):   0.0,  0.0,  0.0 | Act(P,R,Y): -14.1,-27.5, 36.8
[Fixation Controller] Initialized 3-DOF Virtual Work tracking for Eyes.
Eval SUCCESS: G02-W01 | Kp=20.87, Ki=9.12, Kd=4.68 => Score=73.4
[G02-W02] t=6.00s | Des(P,R,Y):   0.0,  0.0,  0.0 | Act(P,R,Y):  -9.6,-26.2, 36.7
[Fixation Controller] Initialized 3-DOF Virtual Work tracking for Eyes.
Eval SUCCESS: G02-W02 | Kp=17.80, Ki=5.88, Kd=1.95 => Score=87.3
    2     12 5.917189379148216e+01 1.4e+00 6.93e+00  7e+00  9e+00 6:04.2  
Gen 2: Best Error = 59.17 | Kp=18.37, Ki=9.15, Kd=17.28

--- Generation 3 ---
Found simbody-visualizer, setting SIMBODY_HOME env var to  C:\Users\User\miniforge3\envs\opensim_env\Lib\opensimFound simbody-visualizer, setting SIMBODY_HOME env var to  C:\Users\User\miniforge3\envs\opensim_env\Lib\opensim

Found simbody-visualizer, setting SIMBODY_HOME env var to  C:\Users\User\miniforge3\envs\opensim_env\Lib\opensim
Found simbody-visualizer, setting SIMBODY_HOME env var to  C:\Users\User\miniforge3\envs\opensim_env\Lib\opensim
Found simbody-visualizer, setting SIMBODY_HOME env var to  C:\Users\User\miniforge3\envs\opensim_env\Lib\opensim
Found simbody-visualizer, setting SIMBODY_HOME env var to  C:\Users\User\miniforge3\envs\opensim_env\Lib\opensim
[G03-W06] t=0.20s | Des(P,R,Y):   0.0,  0.0,  0.0 | Act(P,R,Y):   1.7,  1.9,  0.6
[G03-W02] t=0.20s | Des(P,R,Y):   0.0,  0.0,  0.0 | Act(P,R,Y):   1.6,  1.7,  0.8
[G03-W01] t=0.20s | Des(P,R,Y):   0.0,  0.0,  0.0 | Act(P,R,Y):   1.4,  1.6,  0.6
[G03-W04] t=0.20s | Des(P,R,Y):   0.0,  0.0,  0.0 | Act(P,R,Y):   3.7,  4.1,  0.7
[G03-W05] t=0.20s | Des(P,R,Y):   0.0,  0.0,  0.0 | Act(P,R,Y):  21.3, 12.2,  3.5
[G03-W03] t=0.20s | Des(P,R,Y):   0.0,  0.0,  0.0 | Act(P,R,Y):   7.5,  6.6,  1.6
[G03-W04] t=0.40s | Des(P,R,Y):   0.0,  0.0,  0.0 | Act(P,R,Y):  -4.9, -0.8, -5.2
[G03-W03] t=0.40s | Des(P,R,Y):   0.0,  0.0,  0.0 | Act(P,R,Y):  -8.8, -0.9, -6.8
[G03-W06] t=0.40s | Des(P,R,Y):   0.0,  0.0,  0.0 | Act(P,R,Y):  -0.8,  0.5, -1.8
[G03-W05] t=0.40s | Des(P,R,Y):   0.0,  0.0,  0.0 | Act(P,R,Y):  18.4, 16.5, -8.0
[G03-W02] t=0.40s | Des(P,R,Y):   0.0,  0.0,  0.0 | Act(P,R,Y):  -0.5,  0.5, -1.2
[G03-W01] t=0.40s | Des(P,R,Y):   0.0,  0.0,  0.0 | Act(P,R,Y):  -0.7,  0.4, -1.4
[G03-W04] t=0.60s | Des(P,R,Y):   0.0,  0.0,  0.0 | Act(P,R,Y):  -2.3,  0.0, -5.4
[G03-W03] t=0.60s | Des(P,R,Y):   0.0,  0.0,  0.0 | Act(P,R,Y):  -5.8, -1.1, -7.0
[G03-W05] t=0.60s | Des(P,R,Y):   0.0,  0.0,  0.0 | Act(P,R,Y): -42.5,  7.2, -0.6
[G03-W06] t=0.60s | Des(P,R,Y):   0.0,  0.0,  0.0 | Act(P,R,Y):  -1.7,  0.2, -2.8
[G03-W02] t=0.60s | Des(P,R,Y):   0.0,  0.0,  0.0 | Act(P,R,Y):  -1.4,  0.2, -2.1
[G03-W01] t=0.60s | Des(P,R,Y):   0.0,  0.0,  0.0 | Act(P,R,Y):  -1.5,  0.0, -2.2
[G03-W03] t=0.80s | Des(P,R,Y):   0.0,  0.0,  0.0 | Act(P,R,Y):  -1.2, -0.6, -5.9
[G03-W04] t=0.80s | Des(P,R,Y):   0.0,  0.0,  0.0 | Act(P,R,Y):  -2.7, -0.4, -6.0
[G03-W05] t=0.80s | Des(P,R,Y):   0.0,  0.0,  0.0 | Act(P,R,Y):  -8.8, 10.3, -6.7
[G03-W06] t=0.80s | Des(P,R,Y):   0.0,  0.0,  0.0 | Act(P,R,Y):  -2.3, -0.1, -3.7
[G03-W02] t=0.80s | Des(P,R,Y):   0.0,  0.0,  0.0 | Act(P,R,Y):  -1.9, -0.0, -2.8
[G03-W03] t=1.00s | Des(P,R,Y):  45.0,  0.0,  0.0 | Act(P,R,Y):  -0.2, -2.0, -7.2
[G03-W01] t=0.80s | Des(P,R,Y):   0.0,  0.0,  0.0 | Act(P,R,Y):  -1.9, -0.1, -2.8
[G03-W04] t=1.00s | Des(P,R,Y):  45.0,  0.0,  0.0 | Act(P,R,Y):   1.7, -0.8, -6.3
[G03-W05] t=1.00s | Des(P,R,Y):  45.0,  0.0,  0.0 | Act(P,R,Y): -18.0, -7.5,-20.5
[G03-W03] t=1.20s | Des(P,R,Y):  45.0,  0.0,  0.0 | Act(P,R,Y):  37.2, -1.7, -8.5
[G03-W06] t=1.00s | Des(P,R,Y):  45.0,  0.0,  0.0 | Act(P,R,Y):  -0.1, -0.3, -4.4
[G03-W02] t=1.00s | Des(P,R,Y):  45.0,  0.0,  0.0 | Act(P,R,Y):  -0.3, -0.2, -3.5
[G03-W04] t=1.20s | Des(P,R,Y):  45.0,  0.0,  0.0 | Act(P,R,Y):  26.7, -0.4, -7.2
[G03-W01] t=1.00s | Des(P,R,Y):  45.0,  0.0,  0.0 | Act(P,R,Y):   0.8, -0.3, -3.3
[G03-W05] t=1.20s | Des(P,R,Y):  45.0,  0.0,  0.0 | Act(P,R,Y):  11.1,-14.6,-16.7
[G03-W06] t=1.20s | Des(P,R,Y):  45.0,  0.0,  0.0 | Act(P,R,Y):  10.6, -0.2, -5.1
[G03-W03] t=1.40s | Des(P,R,Y):  45.0,  0.0,  0.0 | Act(P,R,Y):  42.6, -3.3, -7.4
[G03-W02] t=1.20s | Des(P,R,Y):  45.0,  0.0,  0.0 | Act(P,R,Y):   7.9, -0.4, -4.1
[G03-W04] t=1.40s | Des(P,R,Y):  45.0,  0.0,  0.0 | Act(P,R,Y):  38.9, -1.7, -7.0
[G03-W01] t=1.20s | Des(P,R,Y):  45.0,  0.0,  0.0 | Act(P,R,Y):  12.0, -0.4, -3.9
[G03-W06] t=1.40s | Des(P,R,Y):  45.0,  0.0,  0.0 | Act(P,R,Y):  20.0, -0.6, -5.5
[G03-W05] t=1.40s | Des(P,R,Y):  45.0,  0.0,  0.0 | Act(P,R,Y):  49.1,-13.2,-11.5
[G03-W02] t=1.40s | Des(P,R,Y):  45.0,  0.0,  0.0 | Act(P,R,Y):  16.4, -0.6, -4.4
[G03-W01] t=1.40s | Des(P,R,Y):  45.0,  0.0,  0.0 | Act(P,R,Y):  21.7, -0.6, -4.2
[G03-W03] t=1.60s | Des(P,R,Y):  45.0,  0.0,  0.0 | Act(P,R,Y):  48.8, -3.8, -8.7
[G03-W06] t=1.60s | Des(P,R,Y):  45.0,  0.0,  0.0 | Act(P,R,Y):  27.7, -1.0, -5.8
[G03-W04] t=1.60s | Des(P,R,Y):  45.0,  0.0,  0.0 | Act(P,R,Y):  44.4, -3.3, -7.4
[G03-W02] t=1.60s | Des(P,R,Y):  45.0,  0.0,  0.0 | Act(P,R,Y):  24.2, -0.9, -4.7
[G03-W01] t=1.60s | Des(P,R,Y):  45.0,  0.0,  0.0 | Act(P,R,Y):  29.4, -1.0, -4.4
[G03-W05] t=1.60s | Des(P,R,Y):  45.0,  0.0,  0.0 | Act(P,R,Y):  51.3, -9.6,-11.7
[G03-W06] t=1.80s | Des(P,R,Y):  45.0,  0.0,  0.0 | Act(P,R,Y):  34.9, -0.9, -5.7
[G03-W02] t=1.80s | Des(P,R,Y):  45.0,  0.0,  0.0 | Act(P,R,Y):  31.8, -0.8, -4.6
[G03-W01] t=1.80s | Des(P,R,Y):  45.0,  0.0,  0.0 | Act(P,R,Y):  36.4, -0.8, -4.2
[G03-W04] t=1.80s | Des(P,R,Y):  45.0,  0.0,  0.0 | Act(P,R,Y):  48.2, -3.4, -6.8
[G03-W03] t=1.80s | Des(P,R,Y):  45.0,  0.0,  0.0 | Act(P,R,Y):  51.7, -3.1, -8.2
[G03-W06] t=2.00s | Des(P,R,Y):   0.0,  0.0,  0.0 | Act(P,R,Y):  39.4, -0.2, -4.9
[G03-W05] t=1.80s | Des(P,R,Y):  45.0,  0.0,  0.0 | Act(P,R,Y):  52.8,  1.0,-13.9
[G03-W01] t=2.00s | Des(P,R,Y):   0.0,  0.0,  0.0 | Act(P,R,Y):  40.2, -0.1, -3.4
[G03-W02] t=2.00s | Des(P,R,Y):   0.0,  0.0,  0.0 | Act(P,R,Y):  37.2, -0.3, -3.9
[G03-W04] t=2.00s | Des(P,R,Y):   0.0,  0.0,  0.0 | Act(P,R,Y):  49.6, -1.4, -4.8
[G03-W06] t=2.20s | Des(P,R,Y):   0.0,  0.0,  0.0 | Act(P,R,Y):  34.0,  0.2, -4.1
[G03-W03] t=2.00s | Des(P,R,Y):   0.0,  0.0,  0.0 | Act(P,R,Y):  52.4, -0.3, -4.9
[G03-W01] t=2.20s | Des(P,R,Y):   0.0,  0.0,  0.0 | Act(P,R,Y):  33.3,  0.1, -2.9
[G03-W02] t=2.20s | Des(P,R,Y):   0.0,  0.0,  0.0 | Act(P,R,Y):  34.9,  0.0, -3.1
[G03-W04] t=2.20s | Des(P,R,Y):   0.0,  0.0,  0.0 | Act(P,R,Y):  44.7,  2.2, -1.4
[G03-W05] t=2.00s | Des(P,R,Y):   0.0,  0.0,  0.0 | Act(P,R,Y):  52.8,  5.8,-13.1
[G03-W03] t=2.20s | Des(P,R,Y):   0.0,  0.0,  0.0 | Act(P,R,Y):  48.6,  4.2,  0.3
[G03-W06] t=2.40s | Des(P,R,Y):   0.0,  0.0,  0.0 | Act(P,R,Y):  27.5, -0.1, -3.9
[G03-W04] t=2.40s | Des(P,R,Y):   0.0,  0.0,  0.0 | Act(P,R,Y):  35.3,  4.2, -0.7
[G03-W01] t=2.40s | Des(P,R,Y):   0.0,  0.0,  0.0 | Act(P,R,Y):  26.4, -0.1, -2.7
[G03-W02] t=2.40s | Des(P,R,Y):   0.0,  0.0,  0.0 | Act(P,R,Y):  31.1, -0.2, -2.7
[G03-W05] t=2.20s | Des(P,R,Y):   0.0,  0.0,  0.0 | Act(P,R,Y):  50.9,  6.2, -6.1
[G03-W03] t=2.40s | Des(P,R,Y):   0.0,  0.0,  0.0 | Act(P,R,Y):  45.2,  7.8,  2.5
[G03-W06] t=2.60s | Des(P,R,Y):   0.0,  0.0,  0.0 | Act(P,R,Y):  21.6, -0.6, -3.9
[G03-W04] t=2.60s | Des(P,R,Y):   0.0,  0.0,  0.0 | Act(P,R,Y):  20.9,  2.1, -2.2
[G03-W01] t=2.60s | Des(P,R,Y):   0.0,  0.0,  0.0 | Act(P,R,Y):  20.3, -0.5, -2.8
[G03-W05] t=2.40s | Des(P,R,Y):   0.0,  0.0,  0.0 | Act(P,R,Y):  51.5,  8.4,  0.1
[G03-W02] t=2.60s | Des(P,R,Y):   0.0,  0.0,  0.0 | Act(P,R,Y):  26.6, -0.6, -2.6
[G03-W03] t=2.60s | Des(P,R,Y):   0.0,  0.0,  0.0 | Act(P,R,Y):  34.1,  8.2,  0.7
[G03-W06] t=2.80s | Des(P,R,Y):   0.0,  0.0,  0.0 | Act(P,R,Y):  16.1, -1.2, -4.2
[G03-W04] t=2.80s | Des(P,R,Y):   0.0,  0.0,  0.0 | Act(P,R,Y):  10.2, -0.0, -3.9
[G03-W01] t=2.80s | Des(P,R,Y):   0.0,  0.0,  0.0 | Act(P,R,Y):  14.9, -0.9, -3.0
[G03-W02] t=2.80s | Des(P,R,Y):   0.0,  0.0,  0.0 | Act(P,R,Y):  22.0, -1.1, -2.6
[G03-W05] t=2.60s | Des(P,R,Y):   0.0,  0.0,  0.0 | Act(P,R,Y):  51.5, 12.5, -0.3
[G03-W03] t=2.80s | Des(P,R,Y):   0.0,  0.0,  0.0 | Act(P,R,Y):  14.5,  3.3, -3.0
[G03-W04] t=3.00s | Des(P,R,Y):   0.0, 35.0,  0.0 | Act(P,R,Y):   1.7,  3.0, -4.4
[G03-W06] t=3.00s | Des(P,R,Y):   0.0, 35.0,  0.0 | Act(P,R,Y):  11.4,  0.0, -4.6
[G03-W01] t=3.00s | Des(P,R,Y):   0.0, 35.0,  0.0 | Act(P,R,Y):  10.3,  0.7, -3.2
[G03-W02] t=3.00s | Des(P,R,Y):   0.0, 35.0,  0.0 | Act(P,R,Y):  17.8, -0.2, -2.6
[G03-W03] t=3.00s | Des(P,R,Y):   0.0, 35.0,  0.0 | Act(P,R,Y):   1.2,  4.0, -6.2
[G03-W05] t=2.80s | Des(P,R,Y):   0.0,  0.0,  0.0 | Act(P,R,Y):  50.4, 13.5, -5.9
[G03-W06] t=3.20s | Des(P,R,Y):   0.0, 35.0,  0.0 | Act(P,R,Y):   7.2,  7.1, -4.9
[G03-W04] t=3.20s | Des(P,R,Y):   0.0, 35.0,  0.0 | Act(P,R,Y):  -3.7, 14.4, -6.0
[G03-W02] t=3.20s | Des(P,R,Y):   0.0, 35.0,  0.0 | Act(P,R,Y):  13.3,  5.6, -2.7
[G03-W01] t=3.20s | Des(P,R,Y):   0.0, 35.0,  0.0 | Act(P,R,Y):   6.7,  8.5, -3.5
[G03-W06] t=3.40s | Des(P,R,Y):   0.0, 35.0,  0.0 | Act(P,R,Y):   4.0, 13.3, -5.3
[G03-W03] t=3.20s | Des(P,R,Y):   0.0, 35.0,  0.0 | Act(P,R,Y):   0.7, 19.8, -6.8
[G03-W04] t=3.40s | Des(P,R,Y):   0.0, 35.0,  0.0 | Act(P,R,Y):  -6.0, 25.8, -6.6
[G03-W05] t=3.00s | Des(P,R,Y):   0.0, 35.0,  0.0 | Act(P,R,Y):  50.1, 13.1,-11.8
[G03-W01] t=3.40s | Des(P,R,Y):   0.0, 35.0,  0.0 | Act(P,R,Y):   3.9, 15.3, -3.7
[G03-W06] t=3.60s | Des(P,R,Y):   0.0, 35.0,  0.0 | Act(P,R,Y):   3.0, 19.1, -5.4
[G03-W02] t=3.40s | Des(P,R,Y):   0.0, 35.0,  0.0 | Act(P,R,Y):   9.8, 11.3, -2.8
[G03-W03] t=3.40s | Des(P,R,Y):   0.0, 35.0,  0.0 | Act(P,R,Y):  -2.8, 33.2, -7.4
[G03-W04] t=3.60s | Des(P,R,Y):   0.0, 35.0,  0.0 | Act(P,R,Y):  -3.3, 32.0, -6.1
[G03-W01] t=3.60s | Des(P,R,Y):   0.0, 35.0,  0.0 | Act(P,R,Y):   2.9, 21.3, -3.8
[G03-W06] t=3.80s | Des(P,R,Y):   0.0, 35.0,  0.0 | Act(P,R,Y):   3.1, 24.2, -5.2
[G03-W05] t=3.20s | Des(P,R,Y):   0.0, 35.0,  0.0 | Act(P,R,Y):  49.5, 30.5,-13.1
[G03-W02] t=3.60s | Des(P,R,Y):   0.0, 35.0,  0.0 | Act(P,R,Y):   7.2, 16.9, -2.6
[G03-W01] t=3.80s | Des(P,R,Y):   0.0, 35.0,  0.0 | Act(P,R,Y):   2.8, 26.3, -3.6
[G03-W03] t=3.60s | Des(P,R,Y):   0.0, 35.0,  0.0 | Act(P,R,Y):  -1.2, 34.7, -7.3
[G03-W04] t=3.80s | Des(P,R,Y):   0.0, 35.0,  0.0 | Act(P,R,Y):  -1.0, 34.8, -5.4
[G03-W06] t=4.00s | Des(P,R,Y):   0.0,  0.0,  0.0 | Act(P,R,Y):   3.6, 26.9, -4.8
[G03-W03] t=3.80s | Des(P,R,Y):   0.0, 35.0,  0.0 | Act(P,R,Y):   2.6, 36.5, -5.2
[G03-W04] t=4.00s | Des(P,R,Y):   0.0,  0.0,  0.0 | Act(P,R,Y):   2.0, 33.2, -4.5
[G03-W02] t=3.80s | Des(P,R,Y):   0.0, 35.0,  0.0 | Act(P,R,Y):   5.4, 22.2, -2.4
[G03-W01] t=4.00s | Des(P,R,Y):   0.0,  0.0,  0.0 | Act(P,R,Y):   3.5, 28.4, -3.2
[G03-W06] t=4.20s | Des(P,R,Y):   0.0,  0.0,  0.0 | Act(P,R,Y):   4.4, 23.1, -4.3
[G03-W05] t=3.40s | Des(P,R,Y):   0.0, 35.0,  0.0 | Act(P,R,Y):  47.3, 37.9,-17.3
[G03-W03] t=4.00s | Des(P,R,Y):   0.0,  0.0,  0.0 | Act(P,R,Y):   6.6, 33.6, -3.1
[G03-W04] t=4.20s | Des(P,R,Y):   0.0,  0.0,  0.0 | Act(P,R,Y):   8.4, 24.2, -2.3
[G03-W01] t=4.20s | Des(P,R,Y):   0.0,  0.0,  0.0 | Act(P,R,Y):   3.9, 23.5, -2.8
[G03-W02] t=4.00s | Des(P,R,Y):   0.0,  0.0,  0.0 | Act(P,R,Y):   4.2, 25.8, -2.0
[G03-W03] t=4.20s | Des(P,R,Y):   0.0,  0.0,  0.0 | Act(P,R,Y):  14.8, 21.3, -1.0
[G03-W06] t=4.40s | Des(P,R,Y):   0.0,  0.0,  0.0 | Act(P,R,Y):   4.3, 19.3, -4.0
[G03-W04] t=4.40s | Des(P,R,Y):   0.0,  0.0,  0.0 | Act(P,R,Y):   9.0, 16.2, -1.6
[G03-W01] t=4.40s | Des(P,R,Y):   0.0,  0.0,  0.0 | Act(P,R,Y):   3.6, 19.0, -2.7
[G03-W02] t=4.20s | Des(P,R,Y):   0.0,  0.0,  0.0 | Act(P,R,Y):   3.3, 24.2, -1.6
[G03-W05] t=3.60s | Des(P,R,Y):   0.0, 35.0,  0.0 | Act(P,R,Y):  46.6, 38.6,-17.6
[G03-W03] t=4.40s | Des(P,R,Y):   0.0,  0.0,  0.0 | Act(P,R,Y):  12.9, 12.6,  0.9
[G03-W01] t=4.60s | Des(P,R,Y):   0.0,  0.0,  0.0 | Act(P,R,Y):   2.7, 15.1, -2.6
[G03-W06] t=4.60s | Des(P,R,Y):   0.0,  0.0,  0.0 | Act(P,R,Y):   3.2, 15.8, -3.9
[G03-W04] t=4.60s | Des(P,R,Y):   0.0,  0.0,  0.0 | Act(P,R,Y):   5.2,  9.3, -2.2
[G03-W02] t=4.40s | Des(P,R,Y):   0.0,  0.0,  0.0 | Act(P,R,Y):   2.1, 22.0, -1.3
[G03-W01] t=4.80s | Des(P,R,Y):   0.0,  0.0,  0.0 | Act(P,R,Y):   1.9, 11.7, -2.7
[G03-W05] t=3.80s | Des(P,R,Y):   0.0, 35.0,  0.0 | Act(P,R,Y):  46.7, 39.4,-13.2
[G03-W03] t=4.60s | Des(P,R,Y):   0.0,  0.0,  0.0 | Act(P,R,Y):   6.4,  5.4, -1.2
[G03-W06] t=4.80s | Des(P,R,Y):   0.0,  0.0,  0.0 | Act(P,R,Y):   1.9, 12.6, -4.0
[G03-W04] t=4.80s | Des(P,R,Y):   0.0,  0.0,  0.0 | Act(P,R,Y):   2.0,  4.4, -2.8
[G03-W02] t=4.60s | Des(P,R,Y):   0.0,  0.0,  0.0 | Act(P,R,Y):   0.9, 19.8, -1.0
[G03-W03] t=4.80s | Des(P,R,Y):   0.0,  0.0,  0.0 | Act(P,R,Y):  -3.9, -1.3, -3.8
[G03-W05] t=4.00s | Des(P,R,Y):   0.0,  0.0,  0.0 | Act(P,R,Y):  47.5, 37.4, -6.7
[G03-W01] t=5.00s | Des(P,R,Y):   0.0,  0.0, 50.0 | Act(P,R,Y):   0.1,  7.5, -1.6
[G03-W04] t=5.00s | Des(P,R,Y):   0.0,  0.0, 50.0 | Act(P,R,Y):  -3.3, -3.1, -2.8
[G03-W06] t=5.00s | Des(P,R,Y):   0.0,  0.0, 50.0 | Act(P,R,Y):  -0.9,  8.1, -3.0
[G03-W02] t=4.80s | Des(P,R,Y):   0.0,  0.0,  0.0 | Act(P,R,Y):  -0.6, 17.2, -1.1
[G03-W03] t=5.00s | Des(P,R,Y):   0.0,  0.0, 50.0 | Act(P,R,Y):  -5.9, -8.6, -4.2
[G03-W01] t=5.20s | Des(P,R,Y):   0.0,  0.0, 50.0 | Act(P,R,Y):   0.2,  6.2, 11.4
[G03-W05] t=4.20s | Des(P,R,Y):   0.0,  0.0,  0.0 | Act(P,R,Y):  50.8, 27.5, -3.1
[G03-W04] t=5.20s | Des(P,R,Y):   0.0,  0.0, 50.0 | Act(P,R,Y):  -5.8, -3.9, 19.7
[G03-W06] t=5.20s | Des(P,R,Y):   0.0,  0.0, 50.0 | Act(P,R,Y):  -0.7,  6.7,  8.5
[G03-W02] t=5.00s | Des(P,R,Y):   0.0,  0.0, 50.0 | Act(P,R,Y):  -2.8, 13.5, -0.1
[G03-W01] t=5.40s | Des(P,R,Y):   0.0,  0.0, 50.0 | Act(P,R,Y):  -4.0, -4.4, 10.5
[G03-W03] t=5.20s | Des(P,R,Y):   0.0,  0.0, 50.0 | Act(P,R,Y): -10.7,-10.6, 22.9
[G03-W06] t=5.40s | Des(P,R,Y):   0.0,  0.0, 50.0 | Act(P,R,Y):  -2.6,  0.4, 10.6
[G03-W04] t=5.40s | Des(P,R,Y):   0.0,  0.0, 50.0 | Act(P,R,Y): -11.3,-18.2, 10.6
[G03-W01] t=5.60s | Des(P,R,Y):   0.0,  0.0, 50.0 | Act(P,R,Y):  -7.6,-13.8, 10.7
[G03-W05] t=4.40s | Des(P,R,Y):   0.0,  0.0,  0.0 | Act(P,R,Y):  51.9, 20.2, -5.1
[G03-W02] t=5.20s | Des(P,R,Y):   0.0,  0.0, 50.0 | Act(P,R,Y):  -3.4, 11.5,  9.0
[G03-W06] t=5.60s | Des(P,R,Y):   0.0,  0.0, 50.0 | Act(P,R,Y):  -6.0, -8.7, 10.6
[G03-W03] t=5.40s | Des(P,R,Y):   0.0,  0.0, 50.0 | Act(P,R,Y): -11.7,-25.1, 10.1
[G03-W04] t=5.60s | Des(P,R,Y):   0.0,  0.0, 50.0 | Act(P,R,Y): -12.0,-25.0, 10.5
[G03-W01] t=5.80s | Des(P,R,Y):   0.0,  0.0, 50.0 | Act(P,R,Y):  -7.4,-12.6, 20.9
[G03-W03] t=5.60s | Des(P,R,Y):   0.0,  0.0, 50.0 | Act(P,R,Y): -20.6,-35.9, 10.4
[G03-W06] t=5.80s | Des(P,R,Y):   0.0,  0.0, 50.0 | Act(P,R,Y):  -4.2, -7.3, 20.7
[G03-W02] t=5.40s | Des(P,R,Y):   0.0,  0.0, 50.0 | Act(P,R,Y):  -6.1,  4.2, 10.5
[G03-W05] t=4.60s | Des(P,R,Y):   0.0,  0.0,  0.0 | Act(P,R,Y):  52.2, 12.1, -6.4
[G03-W04] t=5.80s | Des(P,R,Y):   0.0,  0.0, 50.0 | Act(P,R,Y): -12.8,-28.1, 20.7
[G03-W02] t=5.60s | Des(P,R,Y):   0.0,  0.0, 50.0 | Act(P,R,Y):  -9.4, -4.1, 10.6
[G03-W01] t=6.00s | Des(P,R,Y):   0.0,  0.0,  0.0 | Act(P,R,Y):   3.4, -0.9, 34.4
[Fixation Controller] Initialized 3-DOF Virtual Work tracking for Eyes.
Eval SUCCESS: G03-W01 | Kp=36.78, Ki=12.20, Kd=34.64 => Score=55.8
[G03-W03] t=5.80s | Des(P,R,Y):   0.0,  0.0, 50.0 | Act(P,R,Y): -22.7,-35.7, 20.4
[G03-W06] t=6.00s | Des(P,R,Y):   0.0,  0.0,  0.0 | Act(P,R,Y):   6.6,  2.2, 32.6
[Fixation Controller] Initialized 3-DOF Virtual Work tracking for Eyes.
Eval SUCCESS: G03-W06 | Kp=22.95, Ki=8.03, Kd=27.36 => Score=58.9
[G03-W05] t=4.80s | Des(P,R,Y):   0.0,  0.0,  0.0 | Act(P,R,Y):  52.4,  6.2, -4.6
[G03-W04] t=6.00s | Des(P,R,Y):   0.0,  0.0,  0.0 | Act(P,R,Y):  -3.2,-15.8, 36.6
[Fixation Controller] Initialized 3-DOF Virtual Work tracking for Eyes.
Eval SUCCESS: G03-W04 | Kp=23.62, Ki=6.45, Kd=10.82 => Score=59.3
[G03-W02] t=5.80s | Des(P,R,Y):   0.0,  0.0, 50.0 | Act(P,R,Y):  -7.3, -3.3, 20.7
[G03-W05] t=5.00s | Des(P,R,Y):   0.0,  0.0, 50.0 | Act(P,R,Y):  51.2,  0.9, -5.2
[G03-W03] t=6.00s | Des(P,R,Y):   0.0,  0.0,  0.0 | Act(P,R,Y):  -9.9,-23.3, 36.7
[Fixation Controller] Initialized 3-DOF Virtual Work tracking for Eyes.
Eval SUCCESS: G03-W03 | Kp=23.45, Ki=6.26, Kd=6.25 => Score=68.3
[G03-W02] t=6.00s | Des(P,R,Y):   0.0,  0.0,  0.0 | Act(P,R,Y):   1.0,  3.2, 32.1
[Fixation Controller] Initialized 3-DOF Virtual Work tracking for Eyes.
Eval SUCCESS: G03-W02 | Kp=23.10, Ki=21.70, Kd=37.61 => Score=61.7
[G03-W05] t=5.20s | Des(P,R,Y):   0.0,  0.0, 50.0 | Act(P,R,Y):  36.8,-23.7, 13.8
[G03-W05] t=5.40s | Des(P,R,Y):   0.0,  0.0, 50.0 | Act(P,R,Y):  19.8,-37.2, 10.3
[G03-W05] t=5.60s | Des(P,R,Y):   0.0,  0.0, 50.0 | Act(P,R,Y):   4.1,-37.4, 10.6
[G03-W05] t=5.80s | Des(P,R,Y):   0.0,  0.0, 50.0 | Act(P,R,Y):   9.1,-33.3, 20.7
[G03-W05] t=6.00s | Des(P,R,Y):   0.0,  0.0,  0.0 | Act(P,R,Y):  15.1,-26.4, 37.2
[Fixation Controller] Initialized 3-DOF Virtual Work tracking for Eyes.
Eval SUCCESS: G03-W05 | Kp=11.84, Ki=0.75, Kd=0.10 => Score=130.5
    3     18 5.577696066097490e+01 1.8e+00 1.16e+01  1e+01  2e+01 9:26.2  
Gen 3: Best Error = 55.78 | Kp=36.78, Ki=12.20, Kd=34.64

--- Generation 4 ---
Found simbody-visualizer, setting SIMBODY_HOME env var to  C:\Users\User\miniforge3\envs\opensim_env\Lib\opensimFound simbody-visualizer, setting SIMBODY_HOME env var to  C:\Users\User\miniforge3\envs\opensim_env\Lib\opensim

Found simbody-visualizer, setting SIMBODY_HOME env var to  C:\Users\User\miniforge3\envs\opensim_env\Lib\opensim
Found simbody-visualizer, setting SIMBODY_HOME env var to  C:\Users\User\miniforge3\envs\opensim_env\Lib\opensim
Found simbody-visualizer, setting SIMBODY_HOME env var to  C:\Users\User\miniforge3\envs\opensim_env\Lib\opensim
Found simbody-visualizer, setting SIMBODY_HOME env var to  C:\Users\User\miniforge3\envs\opensim_env\Lib\opensim
[G04-W03] t=0.20s | Des(P,R,Y):   0.0,  0.0,  0.0 | Act(P,R,Y):   2.5,  2.8,  0.5
[G04-W01] t=0.20s | Des(P,R,Y):   0.0,  0.0,  0.0 | Act(P,R,Y):   2.0,  2.4,  0.4
[G04-W02] t=0.20s | Des(P,R,Y):   0.0,  0.0,  0.0 | Act(P,R,Y):   4.2,  4.3,  0.9
[G04-W05] t=0.20s | Des(P,R,Y):   0.0,  0.0,  0.0 | Act(P,R,Y):   1.4,  1.6,  0.6
[G04-W04] t=0.20s | Des(P,R,Y):   0.0,  0.0,  0.0 | Act(P,R,Y):   1.8,  1.9,  0.7
[G04-W06] t=0.20s | Des(P,R,Y):   0.0,  0.0,  0.0 | Act(P,R,Y):   1.4,  1.9,  1.2
[G04-W01] t=0.40s | Des(P,R,Y):   0.0,  0.0,  0.0 | Act(P,R,Y):  -2.0,  0.1, -2.9
[G04-W03] t=0.40s | Des(P,R,Y):   0.0,  0.0,  0.0 | Act(P,R,Y):  -2.4,  0.1, -3.3
[G04-W02] t=0.40s | Des(P,R,Y):   0.0,  0.0,  0.0 | Act(P,R,Y):  -4.1,  0.0, -5.1
[G04-W05] t=0.40s | Des(P,R,Y):   0.0,  0.0,  0.0 | Act(P,R,Y):  -0.7,  0.4, -1.3
[G04-W04] t=0.40s | Des(P,R,Y):   0.0,  0.0,  0.0 | Act(P,R,Y):  -0.6,  0.7, -1.6
[G04-W01] t=0.60s | Des(P,R,Y):   0.0,  0.0,  0.0 | Act(P,R,Y):  -2.0, -0.2, -3.7
[G04-W03] t=0.60s | Des(P,R,Y):   0.0,  0.0,  0.0 | Act(P,R,Y):  -2.4, -0.1, -4.4
[G04-W06] t=0.40s | Des(P,R,Y):   0.0,  0.0,  0.0 | Act(P,R,Y):  -0.2,  0.9, -0.0
[G04-W02] t=0.60s | Des(P,R,Y):   0.0,  0.0,  0.0 | Act(P,R,Y):  -2.9,  0.4, -6.4
[G04-W01] t=0.80s | Des(P,R,Y):   0.0,  0.0,  0.0 | Act(P,R,Y):  -2.2, -0.4, -4.4
[G04-W04] t=0.60s | Des(P,R,Y):   0.0,  0.0,  0.0 | Act(P,R,Y):  -1.8,  0.2, -2.8
[G04-W05] t=0.60s | Des(P,R,Y):   0.0,  0.0,  0.0 | Act(P,R,Y):  -1.4,  0.1, -2.1
[G04-W03] t=0.80s | Des(P,R,Y):   0.0,  0.0,  0.0 | Act(P,R,Y):  -2.5, -0.1, -5.1
[G04-W02] t=0.80s | Des(P,R,Y):   0.0,  0.0,  0.0 | Act(P,R,Y):  -3.9,  0.2, -7.5
[G04-W01] t=1.00s | Des(P,R,Y):  45.0,  0.0,  0.0 | Act(P,R,Y):   1.8, -0.5, -5.0
[G04-W06] t=0.60s | Des(P,R,Y):   0.0,  0.0,  0.0 | Act(P,R,Y):  -0.9,  0.2, -0.5
[G04-W04] t=0.80s | Des(P,R,Y):   0.0,  0.0,  0.0 | Act(P,R,Y):  -2.5, -0.2, -3.8
[G04-W05] t=0.80s | Des(P,R,Y):   0.0,  0.0,  0.0 | Act(P,R,Y):  -1.8, -0.1, -2.7
[G04-W02] t=1.00s | Des(P,R,Y):  45.0,  0.0,  0.0 | Act(P,R,Y):  -1.2, -0.8, -9.0
[G04-W03] t=1.00s | Des(P,R,Y):  45.0,  0.0,  0.0 | Act(P,R,Y):   0.2, -0.5, -5.9
[G04-W01] t=1.20s | Des(P,R,Y):  45.0,  0.0,  0.0 | Act(P,R,Y):  18.3, -0.0, -5.5
[G04-W04] t=1.00s | Des(P,R,Y):  45.0,  0.0,  0.0 | Act(P,R,Y):  -1.5, -0.5, -4.6
[G04-W02] t=1.20s | Des(P,R,Y):  45.0,  0.0,  0.0 | Act(P,R,Y):  17.4,  0.2, -9.7
[G04-W05] t=1.00s | Des(P,R,Y):  45.0,  0.0,  0.0 | Act(P,R,Y):   0.9, -0.2, -3.2
[G04-W03] t=1.20s | Des(P,R,Y):  45.0,  0.0,  0.0 | Act(P,R,Y):  15.8, -0.5, -6.5
[G04-W01] t=1.40s | Des(P,R,Y):  45.0,  0.0,  0.0 | Act(P,R,Y):  30.1, -0.7, -5.9
[G04-W06] t=0.80s | Des(P,R,Y):   0.0,  0.0,  0.0 | Act(P,R,Y):  -1.7, -0.1, -1.1
[G04-W03] t=1.40s | Des(P,R,Y):  45.0,  0.0,  0.0 | Act(P,R,Y):  27.9, -1.2, -6.8
[G04-W01] t=1.60s | Des(P,R,Y):  45.0,  0.0,  0.0 | Act(P,R,Y):  37.2, -1.4, -6.2
[G04-W02] t=1.40s | Des(P,R,Y):  45.0,  0.0,  0.0 | Act(P,R,Y):  30.5, -1.0,-10.5
[G04-W05] t=1.20s | Des(P,R,Y):  45.0,  0.0,  0.0 | Act(P,R,Y):  11.6, -0.3, -3.9
[G04-W04] t=1.20s | Des(P,R,Y):  45.0,  0.0,  0.0 | Act(P,R,Y):   5.8, -0.6, -5.3
[G04-W03] t=1.60s | Des(P,R,Y):  45.0,  0.0,  0.0 | Act(P,R,Y):  37.1, -1.9, -7.0
[G04-W01] t=1.80s | Des(P,R,Y):  45.0,  0.0,  0.0 | Act(P,R,Y):  44.3, -1.3, -5.9
[G04-W04] t=1.40s | Des(P,R,Y):  45.0,  0.0,  0.0 | Act(P,R,Y):  14.7, -0.9, -5.6
[G04-W05] t=1.40s | Des(P,R,Y):  45.0,  0.0,  0.0 | Act(P,R,Y):  20.6, -0.5, -4.2
[G04-W02] t=1.60s | Des(P,R,Y):  45.0,  0.0,  0.0 | Act(P,R,Y):  38.0, -2.3,-10.8
[G04-W06] t=1.00s | Des(P,R,Y):  45.0,  0.0,  0.0 | Act(P,R,Y):  -0.5, -0.8, -1.9
[G04-W03] t=1.80s | Des(P,R,Y):  45.0,  0.0,  0.0 | Act(P,R,Y):  45.8, -1.9, -6.4
[G04-W04] t=1.60s | Des(P,R,Y):  45.0,  0.0,  0.0 | Act(P,R,Y):  24.3, -1.2, -5.6
[G04-W05] t=1.60s | Des(P,R,Y):  45.0,  0.0,  0.0 | Act(P,R,Y):  27.6, -0.8, -4.4
[G04-W01] t=2.00s | Des(P,R,Y):   0.0,  0.0,  0.0 | Act(P,R,Y):  45.7, -0.3, -4.7
[G04-W02] t=1.80s | Des(P,R,Y):  45.0,  0.0,  0.0 | Act(P,R,Y):  45.9, -2.6,-10.3
[G04-W04] t=1.80s | Des(P,R,Y):  45.0,  0.0,  0.0 | Act(P,R,Y):  34.6, -1.3, -5.2
[G04-W05] t=1.80s | Des(P,R,Y):  45.0,  0.0,  0.0 | Act(P,R,Y):  33.9, -0.7, -4.4
[G04-W03] t=2.00s | Des(P,R,Y):   0.0,  0.0,  0.0 | Act(P,R,Y):  48.9, -0.8, -4.8
[G04-W01] t=2.20s | Des(P,R,Y):   0.0,  0.0,  0.0 | Act(P,R,Y):  38.4,  1.4, -3.1
[G04-W04] t=2.00s | Des(P,R,Y):   0.0,  0.0,  0.0 | Act(P,R,Y):  43.7, -0.7, -4.1
[G04-W02] t=2.00s | Des(P,R,Y):   0.0,  0.0,  0.0 | Act(P,R,Y):  48.8, -1.3, -8.1
[G04-W05] t=2.00s | Des(P,R,Y):   0.0,  0.0,  0.0 | Act(P,R,Y):  36.8, -0.1, -3.7
[G04-W06] t=1.20s | Des(P,R,Y):  45.0,  0.0,  0.0 | Act(P,R,Y):   7.1, -1.2, -2.9
[G04-W03] t=2.20s | Des(P,R,Y):   0.0,  0.0,  0.0 | Act(P,R,Y):  46.1,  1.2, -2.4
[G04-W01] t=2.40s | Des(P,R,Y):   0.0,  0.0,  0.0 | Act(P,R,Y):  28.0,  1.1, -3.1
[G04-W04] t=2.20s | Des(P,R,Y):   0.0,  0.0,  0.0 | Act(P,R,Y):  45.3, -0.1, -2.5
[G04-W02] t=2.20s | Des(P,R,Y):   0.0,  0.0,  0.0 | Act(P,R,Y):  45.7,  1.1, -5.2
[G04-W03] t=2.40s | Des(P,R,Y):   0.0,  0.0,  0.0 | Act(P,R,Y):  41.7,  2.3, -1.2
[G04-W05] t=2.20s | Des(P,R,Y):   0.0,  0.0,  0.0 | Act(P,R,Y):  29.7,  0.1, -3.4
[G04-W04] t=2.40s | Des(P,R,Y):   0.0,  0.0,  0.0 | Act(P,R,Y):  45.0,  0.2, -1.2
[G04-W01] t=2.60s | Des(P,R,Y):   0.0,  0.0,  0.0 | Act(P,R,Y):  18.6,  0.0, -3.8
[G04-W02] t=2.40s | Des(P,R,Y):   0.0,  0.0,  0.0 | Act(P,R,Y):  40.9,  2.3, -4.1
[G04-W06] t=1.40s | Des(P,R,Y):  45.0,  0.0,  0.0 | Act(P,R,Y):  15.6, -1.4, -3.4
[G04-W03] t=2.60s | Des(P,R,Y):   0.0,  0.0,  0.0 | Act(P,R,Y):  31.7,  1.7, -1.5
[G04-W04] t=2.60s | Des(P,R,Y):   0.0,  0.0,  0.0 | Act(P,R,Y):  41.8, -0.1, -0.5
[G04-W05] t=2.40s | Des(P,R,Y):   0.0,  0.0,  0.0 | Act(P,R,Y):  23.2, -0.1, -3.4
[G04-W02] t=2.60s | Des(P,R,Y):   0.0,  0.0,  0.0 | Act(P,R,Y):  29.4,  1.1, -5.1
[G04-W04] t=2.80s | Des(P,R,Y):   0.0,  0.0,  0.0 | Act(P,R,Y):  36.0, -0.8, -0.3
[G04-W01] t=2.80s | Des(P,R,Y):   0.0,  0.0,  0.0 | Act(P,R,Y):  10.8, -1.1, -4.6
[G04-W03] t=2.80s | Des(P,R,Y):   0.0,  0.0,  0.0 | Act(P,R,Y):  21.6,  0.3, -2.1
[G04-W04] t=3.00s | Des(P,R,Y):   0.0, 35.0,  0.0 | Act(P,R,Y):  29.1, -0.4, -0.2
[G04-W05] t=2.60s | Des(P,R,Y):   0.0,  0.0,  0.0 | Act(P,R,Y):  17.5, -0.5, -3.5
[G04-W02] t=2.80s | Des(P,R,Y):   0.0,  0.0,  0.0 | Act(P,R,Y):  18.1, -1.0, -6.5
[G04-W06] t=1.60s | Des(P,R,Y):  45.0,  0.0,  0.0 | Act(P,R,Y):  24.4, -0.8, -3.3
[G04-W01] t=3.00s | Des(P,R,Y):   0.0, 35.0,  0.0 | Act(P,R,Y):   5.6,  1.3, -4.9
[G04-W03] t=3.00s | Des(P,R,Y):   0.0, 35.0,  0.0 | Act(P,R,Y):  13.0,  1.9, -2.3
[G04-W04] t=3.20s | Des(P,R,Y):   0.0, 35.0,  0.0 | Act(P,R,Y):  21.5,  4.5,  0.1
[G04-W05] t=2.80s | Des(P,R,Y):   0.0,  0.0,  0.0 | Act(P,R,Y):  12.7, -0.9, -3.9
[G04-W02] t=3.00s | Des(P,R,Y):   0.0, 35.0,  0.0 | Act(P,R,Y):   8.8, -0.3, -7.6
[G04-W01] t=3.20s | Des(P,R,Y):   0.0, 35.0,  0.0 | Act(P,R,Y):   1.6, 11.2, -5.6
[G04-W03] t=3.20s | Des(P,R,Y):   0.0, 35.0,  0.0 | Act(P,R,Y):   4.2, 10.4, -2.8
[G04-W06] t=1.80s | Des(P,R,Y):  45.0,  0.0,  0.0 | Act(P,R,Y):  33.0,  0.0, -2.9
[G04-W04] t=3.40s | Des(P,R,Y):   0.0, 35.0,  0.0 | Act(P,R,Y):  13.4, 10.4,  0.3
[G04-W02] t=3.20s | Des(P,R,Y):   0.0, 35.0,  0.0 | Act(P,R,Y):   1.9,  8.6, -8.4
[G04-W01] t=3.40s | Des(P,R,Y):   0.0, 35.0,  0.0 | Act(P,R,Y):  -1.2, 19.4, -6.1
[G04-W05] t=3.00s | Des(P,R,Y):   0.0, 35.0,  0.0 | Act(P,R,Y):   9.0,  0.7, -4.2
[G04-W03] t=3.40s | Des(P,R,Y):   0.0, 35.0,  0.0 | Act(P,R,Y):  -2.6, 18.3, -3.2
[G04-W02] t=3.40s | Des(P,R,Y):   0.0, 35.0,  0.0 | Act(P,R,Y):  -4.0, 17.4, -9.2
[G04-W01] t=3.60s | Des(P,R,Y):   0.0, 35.0,  0.0 | Act(P,R,Y):  -1.0, 26.1, -6.3
[G04-W05] t=3.20s | Des(P,R,Y):   0.0, 35.0,  0.0 | Act(P,R,Y):   5.7,  8.3, -4.5
[G04-W06] t=2.00s | Des(P,R,Y):   0.0,  0.0,  0.0 | Act(P,R,Y):  38.5,  0.8, -2.3
[G04-W04] t=3.60s | Des(P,R,Y):   0.0, 35.0,  0.0 | Act(P,R,Y):   6.0, 16.8,  0.5
[G04-W03] t=3.60s | Des(P,R,Y):   0.0, 35.0,  0.0 | Act(P,R,Y):  -4.7, 25.5, -3.4
[G04-W05] t=3.40s | Des(P,R,Y):   0.0, 35.0,  0.0 | Act(P,R,Y):   3.5, 14.6, -4.9
[G04-W02] t=3.60s | Des(P,R,Y):   0.0, 35.0,  0.0 | Act(P,R,Y):  -4.2, 25.0, -9.7
[G04-W01] t=3.80s | Des(P,R,Y):   0.0, 35.0,  0.0 | Act(P,R,Y):   0.4, 30.2, -6.0
[G04-W03] t=3.80s | Des(P,R,Y):   0.0, 35.0,  0.0 | Act(P,R,Y):  -4.7, 31.0, -3.0
[G04-W04] t=3.80s | Des(P,R,Y):   0.0, 35.0,  0.0 | Act(P,R,Y):  -0.1, 23.7,  0.7
[G04-W06] t=2.20s | Des(P,R,Y):   0.0,  0.0,  0.0 | Act(P,R,Y):  35.7,  1.0, -2.0
[G04-W02] t=3.80s | Des(P,R,Y):   0.0, 35.0,  0.0 | Act(P,R,Y):  -2.4, 30.9, -9.4
[G04-W01] t=4.00s | Des(P,R,Y):   0.0,  0.0,  0.0 | Act(P,R,Y):   2.4, 30.6, -5.4
[G04-W05] t=3.60s | Des(P,R,Y):   0.0, 35.0,  0.0 | Act(P,R,Y):   3.0, 20.0, -5.0
[G04-W03] t=4.00s | Des(P,R,Y):   0.0,  0.0,  0.0 | Act(P,R,Y):  -3.7, 32.6, -2.4
[G04-W04] t=4.00s | Des(P,R,Y):   0.0,  0.0,  0.0 | Act(P,R,Y):  -5.2, 29.8,  0.9
[G04-W01] t=4.20s | Des(P,R,Y):   0.0,  0.0,  0.0 | Act(P,R,Y):   5.3, 23.7, -4.5
[G04-W02] t=4.00s | Des(P,R,Y):   0.0,  0.0,  0.0 | Act(P,R,Y):   0.3, 31.9, -8.8
[G04-W06] t=2.40s | Des(P,R,Y):   0.0,  0.0,  0.0 | Act(P,R,Y):  32.1,  0.9, -1.7
[G04-W05] t=3.80s | Des(P,R,Y):   0.0, 35.0,  0.0 | Act(P,R,Y):   3.0, 24.4, -4.9
[G04-W03] t=4.20s | Des(P,R,Y):   0.0,  0.0,  0.0 | Act(P,R,Y):  -0.5, 28.0, -1.0
[G04-W01] t=4.40s | Des(P,R,Y):   0.0,  0.0,  0.0 | Act(P,R,Y):   5.6, 17.2, -4.3
[G04-W04] t=4.20s | Des(P,R,Y):   0.0,  0.0,  0.0 | Act(P,R,Y):  -9.1, 31.1,  1.3
[G04-W02] t=4.20s | Des(P,R,Y):   0.0,  0.0,  0.0 | Act(P,R,Y):   5.1, 26.8, -7.4
[G04-W06] t=2.60s | Des(P,R,Y):   0.0,  0.0,  0.0 | Act(P,R,Y):  27.5,  0.2, -1.7
[G04-W05] t=4.00s | Des(P,R,Y):   0.0,  0.0,  0.0 | Act(P,R,Y):   3.4, 25.9, -4.7
[G04-W03] t=4.40s | Des(P,R,Y):   0.0,  0.0,  0.0 | Act(P,R,Y):   0.8, 22.5, -0.5
[G04-W01] t=4.60s | Des(P,R,Y):   0.0,  0.0,  0.0 | Act(P,R,Y):   4.3, 11.8, -4.4
[G04-W04] t=4.40s | Des(P,R,Y):   0.0,  0.0,  0.0 | Act(P,R,Y): -11.6, 31.0,  1.4
[G04-W02] t=4.40s | Des(P,R,Y):   0.0,  0.0,  0.0 | Act(P,R,Y):   7.1, 21.4, -6.4
[G04-W05] t=4.20s | Des(P,R,Y):   0.0,  0.0,  0.0 | Act(P,R,Y):   3.9, 20.9, -4.4
[G04-W03] t=4.60s | Des(P,R,Y):   0.0,  0.0,  0.0 | Act(P,R,Y):  -0.1, 17.2, -0.5
[G04-W06] t=2.80s | Des(P,R,Y):   0.0,  0.0,  0.0 | Act(P,R,Y):  22.7, -0.3, -1.9
[G04-W01] t=4.80s | Des(P,R,Y):   0.0,  0.0,  0.0 | Act(P,R,Y):   2.6,  7.7, -4.7
[G04-W02] t=4.60s | Des(P,R,Y):   0.0,  0.0,  0.0 | Act(P,R,Y):   5.8, 16.6, -6.3
[G04-W04] t=4.60s | Des(P,R,Y):   0.0,  0.0,  0.0 | Act(P,R,Y): -14.0, 29.4,  1.3
[G04-W05] t=4.40s | Des(P,R,Y):   0.0,  0.0,  0.0 | Act(P,R,Y):   3.7, 16.6, -4.3
[G04-W03] t=4.80s | Des(P,R,Y):   0.0,  0.0,  0.0 | Act(P,R,Y):  -1.7, 12.4, -0.8
[G04-W01] t=5.00s | Des(P,R,Y):   0.0,  0.0, 50.0 | Act(P,R,Y):  -0.6,  2.1, -4.1
[G04-W02] t=4.80s | Des(P,R,Y):   0.0,  0.0,  0.0 | Act(P,R,Y):   0.8,  9.9, -7.8
[G04-W06] t=3.00s | Des(P,R,Y):   0.0, 35.0,  0.0 | Act(P,R,Y):  18.1,  0.6, -1.9
[G04-W04] t=4.80s | Des(P,R,Y):   0.0,  0.0,  0.0 | Act(P,R,Y): -16.0, 26.9,  0.9
[G04-W05] t=4.60s | Des(P,R,Y):   0.0,  0.0,  0.0 | Act(P,R,Y):   3.0, 13.0, -4.3
[G04-W03] t=5.00s | Des(P,R,Y):   0.0,  0.0, 50.0 | Act(P,R,Y):  -5.4,  5.5, -0.2
[G04-W01] t=5.20s | Des(P,R,Y):   0.0,  0.0, 50.0 | Act(P,R,Y):  -0.5,  1.2, 13.3
[G04-W02] t=5.00s | Des(P,R,Y):   0.0,  0.0, 50.0 | Act(P,R,Y):  -4.4,  3.3, -7.4
[G04-W04] t=5.00s | Des(P,R,Y):   0.0,  0.0, 50.0 | Act(P,R,Y): -18.4, 22.5,  1.5
[G04-W06] t=3.20s | Des(P,R,Y):   0.0, 35.0,  0.0 | Act(P,R,Y):  13.8,  6.4, -2.1
[G04-W01] t=5.40s | Des(P,R,Y):   0.0,  0.0, 50.0 | Act(P,R,Y):  -3.1, -8.5, 10.6
[G04-W03] t=5.20s | Des(P,R,Y):   0.0,  0.0, 50.0 | Act(P,R,Y):  -4.9,  2.6, 15.1
[G04-W05] t=4.80s | Des(P,R,Y):   0.0,  0.0,  0.0 | Act(P,R,Y):   2.0,  9.8, -4.5
[G04-W02] t=5.20s | Des(P,R,Y):   0.0,  0.0, 50.0 | Act(P,R,Y):  -5.0,  1.3,  8.0
[G04-W04] t=5.20s | Des(P,R,Y):   0.0,  0.0, 50.0 | Act(P,R,Y): -17.9, 18.3,  8.3
[G04-W01] t=5.60s | Des(P,R,Y):   0.0,  0.0, 50.0 | Act(P,R,Y):  -7.9,-19.0, 10.7
[G04-W03] t=5.40s | Des(P,R,Y):   0.0,  0.0, 50.0 | Act(P,R,Y):  -6.8, -7.9, 10.5
[G04-W02] t=5.40s | Des(P,R,Y):   0.0,  0.0, 50.0 | Act(P,R,Y):  -7.2, -6.0, 10.3
[G04-W06] t=3.40s | Des(P,R,Y):   0.0, 35.0,  0.0 | Act(P,R,Y):  10.1, 12.1, -2.5
[G04-W05] t=5.00s | Des(P,R,Y):   0.0,  0.0, 50.0 | Act(P,R,Y):  -0.2,  5.8, -3.4
[G04-W03] t=5.60s | Des(P,R,Y):   0.0,  0.0, 50.0 | Act(P,R,Y):  -8.6,-17.0, 10.6
[G04-W01] t=5.80s | Des(P,R,Y):   0.0,  0.0, 50.0 | Act(P,R,Y):  -8.6,-20.0, 20.8
[G04-W04] t=5.40s | Des(P,R,Y):   0.0,  0.0, 50.0 | Act(P,R,Y): -19.2, 10.5, 10.7
[G04-W02] t=5.60s | Des(P,R,Y):   0.0,  0.0, 50.0 | Act(P,R,Y): -12.0,-12.9, 10.6
[G04-W05] t=5.20s | Des(P,R,Y):   0.0,  0.0, 50.0 | Act(P,R,Y):   0.0,  4.6,  8.8
[G04-W06] t=3.60s | Des(P,R,Y):   0.0, 35.0,  0.0 | Act(P,R,Y):   7.5, 17.8, -2.5
[G04-W03] t=5.80s | Des(P,R,Y):   0.0,  0.0, 50.0 | Act(P,R,Y): -10.5,-21.7, 20.8
[G04-W04] t=5.60s | Des(P,R,Y):   0.0,  0.0, 50.0 | Act(P,R,Y): -22.4,  1.8, 10.7
[G04-W01] t=6.00s | Des(P,R,Y):   0.0,  0.0,  0.0 | Act(P,R,Y):   3.4, -5.6, 35.8
[Fixation Controller] Initialized 3-DOF Virtual Work tracking for Eyes.
Eval SUCCESS: G04-W01 | Kp=29.90, Ki=4.24, Kd=19.70 => Score=55.5
[G04-W05] t=5.40s | Des(P,R,Y):   0.0,  0.0, 50.0 | Act(P,R,Y):  -2.3, -2.4, 10.6
[G04-W02] t=5.80s | Des(P,R,Y):   0.0,  0.0, 50.0 | Act(P,R,Y):  -7.9,-13.7, 20.6
[G04-W04] t=5.80s | Des(P,R,Y):   0.0,  0.0, 50.0 | Act(P,R,Y): -17.5, -3.5, 20.6
[G04-W06] t=3.80s | Des(P,R,Y):   0.0, 35.0,  0.0 | Act(P,R,Y):   6.5, 23.3, -2.0
[G04-W03] t=6.00s | Des(P,R,Y):   0.0,  0.0,  0.0 | Act(P,R,Y):  -2.5,-11.7, 36.3
[Fixation Controller] Initialized 3-DOF Virtual Work tracking for Eyes.
Eval SUCCESS: G04-W03 | Kp=18.92, Ki=14.66, Kd=17.24 => Score=60.7
[G04-W05] t=5.60s | Des(P,R,Y):   0.0,  0.0, 50.0 | Act(P,R,Y):  -5.3,-11.0, 10.7
[G04-W02] t=6.00s | Des(P,R,Y):   0.0,  0.0,  0.0 | Act(P,R,Y):   7.8, -2.5, 35.7
[Fixation Controller] Initialized 3-DOF Virtual Work tracking for Eyes.
Eval SUCCESS: G04-W02 | Kp=11.53, Ki=4.17, Kd=11.27 => Score=67.2
[G04-W04] t=6.00s | Des(P,R,Y):   0.0,  0.0,  0.0 | Act(P,R,Y):  -6.6, -1.7, 34.5
[Fixation Controller] Initialized 3-DOF Virtual Work tracking for Eyes.
Eval SUCCESS: G04-W04 | Kp=8.25, Ki=37.29, Kd=30.29 => Score=78.4
[G04-W06] t=4.00s | Des(P,R,Y):   0.0,  0.0,  0.0 | Act(P,R,Y):   5.2, 26.5, -1.5
[G04-W05] t=5.80s | Des(P,R,Y):   0.0,  0.0, 50.0 | Act(P,R,Y):  -4.0, -8.6, 20.8
[G04-W06] t=4.20s | Des(P,R,Y):   0.0,  0.0,  0.0 | Act(P,R,Y):   3.8, 24.1, -1.4
[G04-W05] t=6.00s | Des(P,R,Y):   0.0,  0.0,  0.0 | Act(P,R,Y):   6.3,  1.6, 32.4
[Fixation Controller] Initialized 3-DOF Virtual Work tracking for Eyes.
Eval SUCCESS: G04-W05 | Kp=38.08, Ki=3.09, Kd=36.20 => Score=54.9
[G04-W06] t=4.40s | Des(P,R,Y):   0.0,  0.0,  0.0 | Act(P,R,Y):   2.5, 21.6, -1.1
[G04-W06] t=4.60s | Des(P,R,Y):   0.0,  0.0,  0.0 | Act(P,R,Y):   0.9, 19.1, -0.9
[G04-W06] t=4.80s | Des(P,R,Y):   0.0,  0.0,  0.0 | Act(P,R,Y):  -0.9, 16.3, -0.8
[G04-W06] t=5.00s | Des(P,R,Y):   0.0,  0.0, 50.0 | Act(P,R,Y):  -3.7, 12.4,  0.2
[G04-W06] t=5.20s | Des(P,R,Y):   0.0,  0.0, 50.0 | Act(P,R,Y):  -5.2,  9.6,  9.1
[G04-W06] t=5.40s | Des(P,R,Y):   0.0,  0.0, 50.0 | Act(P,R,Y):  -8.8,  3.9, 10.6
[G04-W06] t=5.60s | Des(P,R,Y):   0.0,  0.0, 50.0 | Act(P,R,Y): -13.2, -4.0, 11.0
[G04-W06] t=5.80s | Des(P,R,Y):   0.0,  0.0, 50.0 | Act(P,R,Y):  -9.5, -2.9, 20.8
[G04-W06] t=6.00s | Des(P,R,Y):   0.0,  0.0,  0.0 | Act(P,R,Y):  -2.4,  2.6, 31.3
[Fixation Controller] Initialized 3-DOF Virtual Work tracking for Eyes.
Eval SUCCESS: G04-W06 | Kp=47.50, Ki=33.15, Kd=61.04 => Score=61.1
    4     24 5.492819794494638e+01 1.9e+00 1.29e+01  1e+01  2e+01 13:57.4  
Gen 4: Best Error = 54.93 | Kp=38.08, Ki=3.09, Kd=36.20

--- Generation 5 ---
Found simbody-visualizer, setting SIMBODY_HOME env var to  C:\Users\User\miniforge3\envs\opensim_env\Lib\opensim
Found simbody-visualizer, setting SIMBODY_HOME env var to  C:\Users\User\miniforge3\envs\opensim_env\Lib\opensim
Found simbody-visualizer, setting SIMBODY_HOME env var to  C:\Users\User\miniforge3\envs\opensim_env\Lib\opensim
Found simbody-visualizer, setting SIMBODY_HOME env var to  C:\Users\User\miniforge3\envs\opensim_env\Lib\opensim
Found simbody-visualizer, setting SIMBODY_HOME env var to  C:\Users\User\miniforge3\envs\opensim_env\Lib\opensim
Found simbody-visualizer, setting SIMBODY_HOME env var to  C:\Users\User\miniforge3\envs\opensim_env\Lib\opensim
[G05-W03] t=0.20s | Des(P,R,Y):   0.0,  0.0,  0.0 | Act(P,R,Y):   3.1,  3.6,  0.6
[G05-W02] t=0.20s | Des(P,R,Y):   0.0,  0.0,  0.0 | Act(P,R,Y):   1.3,  1.6,  0.6
[G05-W06] t=0.20s | Des(P,R,Y):   0.0,  0.0,  0.0 | Act(P,R,Y):   1.3,  1.5,  0.6
[G05-W01] t=0.20s | Des(P,R,Y):   0.0,  0.0,  0.0 | Act(P,R,Y):   1.5,  1.7,  0.9
[G05-W04] t=0.20s | Des(P,R,Y):   0.0,  0.0,  0.0 | Act(P,R,Y):   1.6,  1.9,  1.3
[G05-W05] t=0.20s | Des(P,R,Y):   0.0,  0.0,  0.0 | Act(P,R,Y):   1.4,  1.9,  1.2
[G05-W03] t=0.40s | Des(P,R,Y):   0.0,  0.0,  0.0 | Act(P,R,Y):  -3.5, -0.2, -4.5
[G05-W06] t=0.40s | Des(P,R,Y):   0.0,  0.0,  0.0 | Act(P,R,Y):  -0.8,  0.3, -1.3
[G05-W02] t=0.40s | Des(P,R,Y):   0.0,  0.0,  0.0 | Act(P,R,Y):  -0.8,  0.3, -1.3
[G05-W01] t=0.40s | Des(P,R,Y):   0.0,  0.0,  0.0 | Act(P,R,Y):  -0.5,  0.5, -0.9
[G05-W04] t=0.40s | Des(P,R,Y):   0.0,  0.0,  0.0 | Act(P,R,Y):   0.0,  1.2,  0.0
[G05-W03] t=0.60s | Des(P,R,Y):   0.0,  0.0,  0.0 | Act(P,R,Y):  -2.5,  0.0, -5.5
[G05-W05] t=0.40s | Des(P,R,Y):   0.0,  0.0,  0.0 | Act(P,R,Y):  -0.2,  1.0,  0.2
[G05-W06] t=0.60s | Des(P,R,Y):   0.0,  0.0,  0.0 | Act(P,R,Y):  -1.5, -0.0, -2.0
[G05-W03] t=0.80s | Des(P,R,Y):   0.0,  0.0,  0.0 | Act(P,R,Y):  -3.2, -0.5, -6.6
[G05-W02] t=0.60s | Des(P,R,Y):   0.0,  0.0,  0.0 | Act(P,R,Y):  -1.4,  0.0, -1.9
[G05-W01] t=0.60s | Des(P,R,Y):   0.0,  0.0,  0.0 | Act(P,R,Y):  -1.4,  0.1, -1.7
[G05-W04] t=0.60s | Des(P,R,Y):   0.0,  0.0,  0.0 | Act(P,R,Y):  -0.9,  0.6, -0.7
[G05-W03] t=1.00s | Des(P,R,Y):  45.0,  0.0,  0.0 | Act(P,R,Y):   0.2, -0.9, -7.2
[G05-W06] t=0.80s | Des(P,R,Y):   0.0,  0.0,  0.0 | Act(P,R,Y):  -1.8, -0.2, -2.5
[G05-W05] t=0.60s | Des(P,R,Y):   0.0,  0.0,  0.0 | Act(P,R,Y):  -0.8,  0.4, -0.3
[G05-W02] t=0.80s | Des(P,R,Y):   0.0,  0.0,  0.0 | Act(P,R,Y):  -1.8, -0.2, -2.5
[G05-W01] t=0.80s | Des(P,R,Y):   0.0,  0.0,  0.0 | Act(P,R,Y):  -1.8, -0.2, -2.2
[G05-W03] t=1.20s | Des(P,R,Y):  45.0,  0.0,  0.0 | Act(P,R,Y):  19.0, -0.1, -7.6
[G05-W06] t=1.00s | Des(P,R,Y):  45.0,  0.0,  0.0 | Act(P,R,Y):   1.5, -0.3, -3.0
[G05-W03] t=1.40s | Des(P,R,Y):  45.0,  0.0,  0.0 | Act(P,R,Y):  33.0, -1.3, -8.1
[G05-W02] t=1.00s | Des(P,R,Y):  45.0,  0.0,  0.0 | Act(P,R,Y):   1.1, -0.3, -2.9
[G05-W04] t=0.80s | Des(P,R,Y):   0.0,  0.0,  0.0 | Act(P,R,Y):  -1.7,  0.0, -1.3
[G05-W01] t=1.00s | Des(P,R,Y):  45.0,  0.0,  0.0 | Act(P,R,Y):   0.4, -0.5, -2.7
[G05-W05] t=0.80s | Des(P,R,Y):   0.0,  0.0,  0.0 | Act(P,R,Y):  -1.5,  0.0, -0.9
[G05-W06] t=1.20s | Des(P,R,Y):  45.0,  0.0,  0.0 | Act(P,R,Y):  13.9, -0.4, -3.4
[G05-W03] t=1.60s | Des(P,R,Y):  45.0,  0.0,  0.0 | Act(P,R,Y):  41.3, -2.4, -8.2
[G05-W02] t=1.20s | Des(P,R,Y):  45.0,  0.0,  0.0 | Act(P,R,Y):  13.2, -0.5, -3.4
[G05-W01] t=1.20s | Des(P,R,Y):  45.0,  0.0,  0.0 | Act(P,R,Y):  10.4, -0.7, -3.2
[G05-W06] t=1.40s | Des(P,R,Y):  45.0,  0.0,  0.0 | Act(P,R,Y):  24.0, -0.7, -3.6
[G05-W02] t=1.40s | Des(P,R,Y):  45.0,  0.0,  0.0 | Act(P,R,Y):  23.6, -0.8, -3.6
[G05-W01] t=1.40s | Des(P,R,Y):  45.0,  0.0,  0.0 | Act(P,R,Y):  20.1, -0.8, -3.4
[G05-W03] t=1.80s | Des(P,R,Y):  45.0,  0.0,  0.0 | Act(P,R,Y):  48.0, -2.6, -7.5
[G05-W04] t=1.00s | Des(P,R,Y):  45.0,  0.0,  0.0 | Act(P,R,Y):  -1.7, -0.3, -2.2
[G05-W06] t=1.60s | Des(P,R,Y):  45.0,  0.0,  0.0 | Act(P,R,Y):  31.6, -0.9, -3.8
[G05-W05] t=1.00s | Des(P,R,Y):  45.0,  0.0,  0.0 | Act(P,R,Y):  -0.2, -0.3, -1.6
[G05-W02] t=1.60s | Des(P,R,Y):  45.0,  0.0,  0.0 | Act(P,R,Y):  31.7, -1.0, -3.7
[G05-W01] t=1.60s | Des(P,R,Y):  45.0,  0.0,  0.0 | Act(P,R,Y):  29.0, -1.0, -3.4
[G05-W03] t=2.00s | Des(P,R,Y):   0.0,  0.0,  0.0 | Act(P,R,Y):  50.7, -1.2, -5.4
[G05-W06] t=1.80s | Des(P,R,Y):  45.0,  0.0,  0.0 | Act(P,R,Y):  38.4, -0.8, -3.6
[G05-W02] t=1.80s | Des(P,R,Y):  45.0,  0.0,  0.0 | Act(P,R,Y):  39.1, -0.9, -3.4
[G05-W01] t=1.80s | Des(P,R,Y):  45.0,  0.0,  0.0 | Act(P,R,Y):  37.5, -0.9, -3.2
[G05-W06] t=2.00s | Des(P,R,Y):   0.0,  0.0,  0.0 | Act(P,R,Y):  41.2, -0.1, -2.7
[G05-W03] t=2.20s | Des(P,R,Y):   0.0,  0.0,  0.0 | Act(P,R,Y):  48.6,  1.4, -2.1
[G05-W04] t=1.20s | Des(P,R,Y):  45.0,  0.0,  0.0 | Act(P,R,Y):   2.0, -1.1, -3.3
[G05-W02] t=2.00s | Des(P,R,Y):   0.0,  0.0,  0.0 | Act(P,R,Y):  42.5, -0.2, -2.5
[G05-W05] t=1.20s | Des(P,R,Y):  45.0,  0.0,  0.0 | Act(P,R,Y):   7.5, -1.1, -2.5
[G05-W01] t=2.00s | Des(P,R,Y):   0.0,  0.0,  0.0 | Act(P,R,Y):  42.9, -0.3, -2.3
[G05-W03] t=2.40s | Des(P,R,Y):   0.0,  0.0,  0.0 | Act(P,R,Y):  46.2,  3.3, -0.3
[G05-W06] t=2.20s | Des(P,R,Y):   0.0,  0.0,  0.0 | Act(P,R,Y):  32.6,  0.1, -2.3
[G05-W02] t=2.20s | Des(P,R,Y):   0.0,  0.0,  0.0 | Act(P,R,Y):  35.4,  0.3, -1.9
[G05-W03] t=2.60s | Des(P,R,Y):   0.0,  0.0,  0.0 | Act(P,R,Y):  40.4,  3.9,  0.0
[G05-W01] t=2.20s | Des(P,R,Y):   0.0,  0.0,  0.0 | Act(P,R,Y):  39.2, -0.0, -1.7
[G05-W04] t=1.40s | Des(P,R,Y):  45.0,  0.0,  0.0 | Act(P,R,Y):   7.4, -1.3, -4.3
[G05-W06] t=2.40s | Des(P,R,Y):   0.0,  0.0,  0.0 | Act(P,R,Y):  24.9, -0.1, -2.3
[G05-W02] t=2.40s | Des(P,R,Y):   0.0,  0.0,  0.0 | Act(P,R,Y):  27.6,  0.0, -1.8
[G05-W05] t=1.40s | Des(P,R,Y):  45.0,  0.0,  0.0 | Act(P,R,Y):  15.1, -1.1, -3.1
[G05-W03] t=2.80s | Des(P,R,Y):   0.0,  0.0,  0.0 | Act(P,R,Y):  28.4,  2.6, -1.1
[G05-W01] t=2.40s | Des(P,R,Y):   0.0,  0.0,  0.0 | Act(P,R,Y):  34.1, -0.0, -1.2
[G05-W06] t=2.60s | Des(P,R,Y):   0.0,  0.0,  0.0 | Act(P,R,Y):  18.2, -0.4, -2.3
[G05-W02] t=2.60s | Des(P,R,Y):   0.0,  0.0,  0.0 | Act(P,R,Y):  20.8, -0.3, -1.7
[G05-W04] t=1.60s | Des(P,R,Y):  45.0,  0.0,  0.0 | Act(P,R,Y):  14.4, -0.9, -4.6
[G05-W03] t=3.00s | Des(P,R,Y):   0.0, 35.0,  0.0 | Act(P,R,Y):  17.8,  3.2, -1.8
[G05-W01] t=2.60s | Des(P,R,Y):   0.0,  0.0,  0.0 | Act(P,R,Y):  28.0, -0.5, -1.0
[G05-W05] t=1.60s | Des(P,R,Y):  45.0,  0.0,  0.0 | Act(P,R,Y):  22.4, -0.5, -3.1
[G05-W06] t=2.80s | Des(P,R,Y):   0.0,  0.0,  0.0 | Act(P,R,Y):  12.7, -0.7, -2.5
[G05-W02] t=2.80s | Des(P,R,Y):   0.0,  0.0,  0.0 | Act(P,R,Y):  14.8, -0.7, -1.9
[G05-W03] t=3.20s | Des(P,R,Y):   0.0, 35.0,  0.0 | Act(P,R,Y):   6.4, 13.1, -2.3
[G05-W01] t=2.80s | Des(P,R,Y):   0.0,  0.0,  0.0 | Act(P,R,Y):  21.7, -0.7, -1.0
[G05-W04] t=1.80s | Des(P,R,Y):  45.0,  0.0,  0.0 | Act(P,R,Y):  22.5, -0.3, -4.4
[G05-W06] t=3.00s | Des(P,R,Y):   0.0, 35.0,  0.0 | Act(P,R,Y):   8.5,  1.2, -2.7
[G05-W02] t=3.00s | Des(P,R,Y):   0.0, 35.0,  0.0 | Act(P,R,Y):   9.9,  1.0, -2.1
[G05-W05] t=1.80s | Des(P,R,Y):  45.0,  0.0,  0.0 | Act(P,R,Y):  29.1,  0.2, -2.8
[G05-W03] t=3.40s | Des(P,R,Y):   0.0, 35.0,  0.0 | Act(P,R,Y):  -1.7, 20.7, -3.2
[G05-W01] t=3.00s | Des(P,R,Y):   0.0, 35.0,  0.0 | Act(P,R,Y):  15.9,  0.7, -1.0
[G05-W06] t=3.20s | Des(P,R,Y):   0.0, 35.0,  0.0 | Act(P,R,Y):   4.8, 10.0, -3.1
[G05-W02] t=3.20s | Des(P,R,Y):   0.0, 35.0,  0.0 | Act(P,R,Y):   5.6,  9.7, -2.3
[G05-W04] t=2.00s | Des(P,R,Y):   0.0,  0.0,  0.0 | Act(P,R,Y):  30.2,  0.8, -3.8
[G05-W03] t=3.60s | Des(P,R,Y):   0.0, 35.0,  0.0 | Act(P,R,Y):  -5.6, 27.5, -3.5
[G05-W06] t=3.40s | Des(P,R,Y):   0.0, 35.0,  0.0 | Act(P,R,Y):   2.3, 17.2, -3.3
[G05-W01] t=3.20s | Des(P,R,Y):   0.0, 35.0,  0.0 | Act(P,R,Y):  10.2,  7.8, -1.1
[G05-W05] t=2.00s | Des(P,R,Y):   0.0,  0.0,  0.0 | Act(P,R,Y):  32.6,  0.9, -2.4
[G05-W02] t=3.40s | Des(P,R,Y):   0.0, 35.0,  0.0 | Act(P,R,Y):   2.6, 17.0, -2.5
[G05-W04] t=2.20s | Des(P,R,Y):   0.0,  0.0,  0.0 | Act(P,R,Y):  33.5,  1.3, -3.3
[G05-W03] t=3.80s | Des(P,R,Y):   0.0, 35.0,  0.0 | Act(P,R,Y):  -6.1, 32.4, -3.0
[G05-W06] t=3.60s | Des(P,R,Y):   0.0, 35.0,  0.0 | Act(P,R,Y):   1.8, 23.1, -3.4
[G05-W02] t=3.60s | Des(P,R,Y):   0.0, 35.0,  0.0 | Act(P,R,Y):   1.4, 23.3, -2.6
[G05-W01] t=3.40s | Des(P,R,Y):   0.0, 35.0,  0.0 | Act(P,R,Y):   5.6, 14.7, -1.2
[G05-W05] t=2.20s | Des(P,R,Y):   0.0,  0.0,  0.0 | Act(P,R,Y):  27.9,  1.1, -2.3
[G05-W03] t=4.00s | Des(P,R,Y):   0.0,  0.0,  0.0 | Act(P,R,Y):  -5.1, 33.3, -2.2
[G05-W06] t=3.80s | Des(P,R,Y):   0.0, 35.0,  0.0 | Act(P,R,Y):   2.1, 27.9, -3.2
[G05-W02] t=3.80s | Des(P,R,Y):   0.0, 35.0,  0.0 | Act(P,R,Y):   1.3, 28.5, -2.3
[G05-W04] t=2.40s | Des(P,R,Y):   0.0,  0.0,  0.0 | Act(P,R,Y):  35.0,  1.5, -2.9
[G05-W01] t=3.60s | Des(P,R,Y):   0.0, 35.0,  0.0 | Act(P,R,Y):   2.2, 21.5, -1.2
[G05-W05] t=2.40s | Des(P,R,Y):   0.0,  0.0,  0.0 | Act(P,R,Y):  23.6,  1.0, -2.3
[G05-W03] t=4.20s | Des(P,R,Y):   0.0,  0.0,  0.0 | Act(P,R,Y):  -1.1, 27.8, -0.3
[G05-W06] t=4.00s | Des(P,R,Y):   0.0,  0.0,  0.0 | Act(P,R,Y):   2.6, 29.2, -2.8
[G05-W02] t=4.00s | Des(P,R,Y):   0.0,  0.0,  0.0 | Act(P,R,Y):   1.4, 30.4, -1.9
[G05-W01] t=3.80s | Des(P,R,Y):   0.0, 35.0,  0.0 | Act(P,R,Y):  -0.0, 27.4, -1.0
[G05-W04] t=2.60s | Des(P,R,Y):   0.0,  0.0,  0.0 | Act(P,R,Y):  34.7,  1.0, -2.8
[G05-W03] t=4.40s | Des(P,R,Y):   0.0,  0.0,  0.0 | Act(P,R,Y):  -0.1, 21.4,  0.3
[G05-W06] t=4.20s | Des(P,R,Y):   0.0,  0.0,  0.0 | Act(P,R,Y):   3.2, 23.0, -2.4
[G05-W02] t=4.20s | Des(P,R,Y):   0.0,  0.0,  0.0 | Act(P,R,Y):   1.7, 24.8, -1.5
[G05-W05] t=2.60s | Des(P,R,Y):   0.0,  0.0,  0.0 | Act(P,R,Y):  19.3,  0.5, -2.5
[G05-W01] t=4.00s | Des(P,R,Y):   0.0,  0.0,  0.0 | Act(P,R,Y):  -1.4, 31.0, -0.6
[G05-W06] t=4.40s | Des(P,R,Y):   0.0,  0.0,  0.0 | Act(P,R,Y):   3.0, 17.8, -2.4
[G05-W02] t=4.40s | Des(P,R,Y):   0.0,  0.0,  0.0 | Act(P,R,Y):   1.7, 20.0, -1.4
[G05-W04] t=2.80s | Des(P,R,Y):   0.0,  0.0,  0.0 | Act(P,R,Y):  32.8,  0.3, -2.8
[G05-W03] t=4.60s | Des(P,R,Y):   0.0,  0.0,  0.0 | Act(P,R,Y):  -1.8, 14.9, -0.3
[G05-W06] t=4.60s | Des(P,R,Y):   0.0,  0.0,  0.0 | Act(P,R,Y):   2.4, 13.5, -2.4
[G05-W01] t=4.20s | Des(P,R,Y):   0.0,  0.0,  0.0 | Act(P,R,Y):  -2.2, 28.1, -0.3
[G05-W05] t=2.80s | Des(P,R,Y):   0.0,  0.0,  0.0 | Act(P,R,Y):  15.3, -0.1, -2.8
[G05-W02] t=4.60s | Des(P,R,Y):   0.0,  0.0,  0.0 | Act(P,R,Y):   1.0, 15.6, -1.3
[G05-W04] t=3.00s | Des(P,R,Y):   0.0, 35.0,  0.0 | Act(P,R,Y):  30.2,  0.3, -2.8
[G05-W03] t=4.80s | Des(P,R,Y):   0.0,  0.0,  0.0 | Act(P,R,Y):  -2.9, 10.3, -0.2
[G05-W06] t=4.80s | Des(P,R,Y):   0.0,  0.0,  0.0 | Act(P,R,Y):   1.7, 10.0, -2.4
[G05-W01] t=4.40s | Des(P,R,Y):   0.0,  0.0,  0.0 | Act(P,R,Y):  -2.9, 24.9, -0.1
[G05-W02] t=4.80s | Des(P,R,Y):   0.0,  0.0,  0.0 | Act(P,R,Y):   0.4, 12.1, -1.2
[G05-W04] t=3.20s | Des(P,R,Y):   0.0, 35.0,  0.0 | Act(P,R,Y):  27.1,  3.1, -2.7
[G05-W03] t=5.00s | Des(P,R,Y):   0.0,  0.0, 50.0 | Act(P,R,Y):  -7.0,  3.3,  0.3
[G05-W05] t=3.00s | Des(P,R,Y):   0.0, 35.0,  0.0 | Act(P,R,Y):  11.8,  1.0, -3.1
[G05-W06] t=5.00s | Des(P,R,Y):   0.0,  0.0, 50.0 | Act(P,R,Y):  -0.1,  5.7, -1.3
[G05-W02] t=5.00s | Des(P,R,Y):   0.0,  0.0, 50.0 | Act(P,R,Y):  -2.0,  7.0, -0.2
[G05-W01] t=4.60s | Des(P,R,Y):   0.0,  0.0,  0.0 | Act(P,R,Y):  -3.8, 21.3, -0.0
[G05-W03] t=5.20s | Des(P,R,Y):   0.0,  0.0, 50.0 | Act(P,R,Y):  -7.7, -0.2, 16.9
[G05-W04] t=3.40s | Des(P,R,Y):   0.0, 35.0,  0.0 | Act(P,R,Y):  23.6,  6.4, -2.7
[G05-W06] t=5.20s | Des(P,R,Y):   0.0,  0.0, 50.0 | Act(P,R,Y):   0.2,  4.4, 13.4
[G05-W05] t=3.20s | Des(P,R,Y):   0.0, 35.0,  0.0 | Act(P,R,Y):   8.9,  7.0, -3.6
[G05-W02] t=5.20s | Des(P,R,Y):   0.0,  0.0, 50.0 | Act(P,R,Y):  -1.6,  5.2, 13.9
[G05-W01] t=4.80s | Des(P,R,Y):   0.0,  0.0,  0.0 | Act(P,R,Y):  -4.8, 17.5, -0.1
[G05-W03] t=5.40s | Des(P,R,Y):   0.0,  0.0, 50.0 | Act(P,R,Y): -11.6,-14.1, 10.5
[G05-W06] t=5.40s | Des(P,R,Y):   0.0,  0.0, 50.0 | Act(P,R,Y):  -5.2, -8.3, 10.5
[G05-W02] t=5.40s | Des(P,R,Y):   0.0,  0.0, 50.0 | Act(P,R,Y):  -7.7, -7.7, 10.5
[G05-W04] t=3.60s | Des(P,R,Y):   0.0, 35.0,  0.0 | Act(P,R,Y):  20.5, 10.3, -2.5
[G05-W03] t=5.60s | Des(P,R,Y):   0.0,  0.0, 50.0 | Act(P,R,Y): -12.3,-21.1, 10.5
[G05-W05] t=3.40s | Des(P,R,Y):   0.0, 35.0,  0.0 | Act(P,R,Y):   6.8, 12.1, -4.1
[G05-W06] t=5.60s | Des(P,R,Y):   0.0,  0.0, 50.0 | Act(P,R,Y):  -9.3,-18.8, 10.6
[G05-W01] t=5.00s | Des(P,R,Y):   0.0,  0.0, 50.0 | Act(P,R,Y):  -6.7, 12.3,  0.9
[G05-W02] t=5.60s | Des(P,R,Y):   0.0,  0.0, 50.0 | Act(P,R,Y): -11.1,-15.0, 10.8
[G05-W04] t=3.80s | Des(P,R,Y):   0.0, 35.0,  0.0 | Act(P,R,Y):  17.7, 14.9, -2.1
[G05-W06] t=5.80s | Des(P,R,Y):   0.0,  0.0, 50.0 | Act(P,R,Y):  -7.9,-19.2, 21.0
[G05-W03] t=5.80s | Des(P,R,Y):   0.0,  0.0, 50.0 | Act(P,R,Y): -14.6,-25.0, 20.7
[G05-W01] t=5.20s | Des(P,R,Y):   0.0,  0.0, 50.0 | Act(P,R,Y):  -6.7,  9.1, 12.1
[G05-W02] t=5.80s | Des(P,R,Y):   0.0,  0.0, 50.0 | Act(P,R,Y):  -9.6,-14.7, 20.9
[G05-W05] t=3.60s | Des(P,R,Y):   0.0, 35.0,  0.0 | Act(P,R,Y):   5.8, 16.8, -4.4
[G05-W03] t=6.00s | Des(P,R,Y):   0.0,  0.0,  0.0 | Act(P,R,Y):  -6.3,-15.3, 36.6
[G05-W06] t=6.00s | Des(P,R,Y):   0.0,  0.0,  0.0 | Act(P,R,Y):   2.5, -5.7, 34.9
[G05-W04] t=4.00s | Des(P,R,Y):   0.0,  0.0,  0.0 | Act(P,R,Y):  14.9, 18.7, -1.6
[Fixation Controller] Initialized 3-DOF Virtual Work tracking for Eyes.
Eval SUCCESS: G05-W03 | Kp=15.97, Ki=12.25, Kd=13.04 => Score=64.5
[Fixation Controller] Initialized 3-DOF Virtual Work tracking for Eyes.
Eval SUCCESS: G05-W06 | Kp=47.41, Ki=11.94, Kd=36.72 => Score=53.6
[G05-W01] t=5.40s | Des(P,R,Y):   0.0,  0.0, 50.0 | Act(P,R,Y): -11.8, -1.6, 10.4
[G05-W02] t=6.00s | Des(P,R,Y):   0.0,  0.0,  0.0 | Act(P,R,Y):   0.7, -3.7, 35.3
[Fixation Controller] Initialized 3-DOF Virtual Work tracking for Eyes.
Eval SUCCESS: G05-W02 | Kp=45.02, Ki=21.50, Kd=37.56 => Score=53.7
[G05-W05] t=3.80s | Des(P,R,Y):   0.0, 35.0,  0.0 | Act(P,R,Y):   6.1, 21.0, -4.0
[G05-W04] t=4.20s | Des(P,R,Y):   0.0,  0.0,  0.0 | Act(P,R,Y):  12.0, 19.6, -1.1
[G05-W01] t=5.60s | Des(P,R,Y):   0.0,  0.0, 50.0 | Act(P,R,Y): -15.5,-10.8, 10.8
[G05-W05] t=4.00s | Des(P,R,Y):   0.0,  0.0,  0.0 | Act(P,R,Y):   6.8, 23.1, -3.6
[G05-W01] t=5.80s | Des(P,R,Y):   0.0,  0.0, 50.0 | Act(P,R,Y): -12.3,-12.0, 20.9
[G05-W04] t=4.40s | Des(P,R,Y):   0.0,  0.0,  0.0 | Act(P,R,Y):   8.6, 20.1, -0.5
[G05-W05] t=4.20s | Des(P,R,Y):   0.0,  0.0,  0.0 | Act(P,R,Y):   6.8, 20.0, -3.2
[G05-W01] t=6.00s | Des(P,R,Y):   0.0,  0.0,  0.0 | Act(P,R,Y):  -2.9, -4.3, 35.0
[Fixation Controller] Initialized 3-DOF Virtual Work tracking for Eyes.
Eval SUCCESS: G05-W01 | Kp=37.56, Ki=42.17, Kd=44.30 => Score=60.1
[G05-W04] t=4.60s | Des(P,R,Y):   0.0,  0.0,  0.0 | Act(P,R,Y):   4.8, 19.6, -0.3
[G05-W05] t=4.40s | Des(P,R,Y):   0.0,  0.0,  0.0 | Act(P,R,Y):   6.2, 16.8, -3.1
[G05-W04] t=4.80s | Des(P,R,Y):   0.0,  0.0,  0.0 | Act(P,R,Y):   0.9, 18.9, -0.0
[G05-W04] t=5.00s | Des(P,R,Y):   0.0,  0.0, 50.0 | Act(P,R,Y):  -3.3, 17.4,  0.7
[G05-W05] t=4.60s | Des(P,R,Y):   0.0,  0.0,  0.0 | Act(P,R,Y):   5.1, 13.5, -3.2
[G05-W04] t=5.20s | Des(P,R,Y):   0.0,  0.0, 50.0 | Act(P,R,Y):  -6.9, 15.7,  5.3
[G05-W05] t=4.80s | Des(P,R,Y):   0.0,  0.0,  0.0 | Act(P,R,Y):   3.7, 10.6, -3.5
[G05-W04] t=5.40s | Des(P,R,Y):   0.0,  0.0, 50.0 | Act(P,R,Y):  -9.7, 13.6,  9.9
[G05-W05] t=5.00s | Des(P,R,Y):   0.0,  0.0, 50.0 | Act(P,R,Y):   1.4,  7.2, -2.7
[G05-W04] t=5.60s | Des(P,R,Y):   0.0,  0.0, 50.0 | Act(P,R,Y): -13.6,  9.6, 10.7
[G05-W05] t=5.20s | Des(P,R,Y):   0.0,  0.0, 50.0 | Act(P,R,Y):   0.6,  5.2,  6.4
[G05-W04] t=5.80s | Des(P,R,Y):   0.0,  0.0, 50.0 | Act(P,R,Y): -11.4, 10.5, 18.8
[G05-W05] t=5.40s | Des(P,R,Y):   0.0,  0.0, 50.0 | Act(P,R,Y):  -1.5,  2.2, 10.7
[G05-W04] t=6.00s | Des(P,R,Y):   0.0,  0.0,  0.0 | Act(P,R,Y): -11.1,  9.0, 23.0
[Fixation Controller] Initialized 3-DOF Virtual Work tracking for Eyes.
Eval SUCCESS: G05-W04 | Kp=12.47, Ki=32.12, Kd=55.73 => Score=77.5
[G05-W05] t=5.60s | Des(P,R,Y):   0.0,  0.0, 50.0 | Act(P,R,Y):  -4.3, -4.1, 10.8
[G05-W05] t=5.80s | Des(P,R,Y):   0.0,  0.0, 50.0 | Act(P,R,Y):  -0.8, -1.1, 20.6
[G05-W05] t=6.00s | Des(P,R,Y):   0.0,  0.0,  0.0 | Act(P,R,Y):   3.8,  2.6, 27.0
[Fixation Controller] Initialized 3-DOF Virtual Work tracking for Eyes.
Eval SUCCESS: G05-W05 | Kp=57.79, Ki=0.22, Kd=64.81 => Score=56.6
    5     30 5.357747822486074e+01 1.8e+00 1.50e+01  1e+01  2e+01 18:04.1  
Gen 5: Best Error = 53.58 | Kp=47.41, Ki=11.94, Kd=36.72

--- Generation 6 ---
Found simbody-visualizer, setting SIMBODY_HOME env var to  C:\Users\User\miniforge3\envs\opensim_env\Lib\opensim
Found simbody-visualizer, setting SIMBODY_HOME env var to  C:\Users\User\miniforge3\envs\opensim_env\Lib\opensim
Found simbody-visualizer, setting SIMBODY_HOME env var to  C:\Users\User\miniforge3\envs\opensim_env\Lib\opensim
Found simbody-visualizer, setting SIMBODY_HOME env var to  C:\Users\User\miniforge3\envs\opensim_env\Lib\opensim
Found simbody-visualizer, setting SIMBODY_HOME env var to  C:\Users\User\miniforge3\envs\opensim_env\Lib\opensim
Found simbody-visualizer, setting SIMBODY_HOME env var to  C:\Users\User\miniforge3\envs\opensim_env\Lib\opensim
[G06-W01] t=0.20s | Des(P,R,Y):   0.0,  0.0,  0.0 | Act(P,R,Y):   1.4,  1.8,  0.4
[G06-W04] t=0.20s | Des(P,R,Y):   0.0,  0.0,  0.0 | Act(P,R,Y):   1.2,  1.5,  0.5
[G06-W03] t=0.20s | Des(P,R,Y):   0.0,  0.0,  0.0 | Act(P,R,Y):   1.6,  1.8,  0.9
[G06-W02] t=0.20s | Des(P,R,Y):   0.0,  0.0,  0.0 | Act(P,R,Y):   1.3,  1.5,  0.6
[G06-W05] t=0.20s | Des(P,R,Y):   0.0,  0.0,  0.0 | Act(P,R,Y):   1.4,  1.6,  0.9
[G06-W06] t=0.20s | Des(P,R,Y):   0.0,  0.0,  0.0 | Act(P,R,Y):   1.5,  1.8,  1.1
[G06-W01] t=0.40s | Des(P,R,Y):   0.0,  0.0,  0.0 | Act(P,R,Y):  -1.3,  0.1, -2.1
[G06-W04] t=0.40s | Des(P,R,Y):   0.0,  0.0,  0.0 | Act(P,R,Y):  -0.9,  0.2, -1.5
[G06-W02] t=0.40s | Des(P,R,Y):   0.0,  0.0,  0.0 | Act(P,R,Y):  -0.7,  0.2, -1.3
[G06-W03] t=0.40s | Des(P,R,Y):   0.0,  0.0,  0.0 | Act(P,R,Y):  -0.5,  0.5, -1.1
[G06-W05] t=0.40s | Des(P,R,Y):   0.0,  0.0,  0.0 | Act(P,R,Y):  -0.5,  0.5, -0.6
[G06-W06] t=0.40s | Des(P,R,Y):   0.0,  0.0,  0.0 | Act(P,R,Y):  -0.2,  0.8, -0.3
[G06-W01] t=0.60s | Des(P,R,Y):   0.0,  0.0,  0.0 | Act(P,R,Y):  -1.5,  0.2, -2.6
[G06-W04] t=0.60s | Des(P,R,Y):   0.0,  0.0,  0.0 | Act(P,R,Y):  -1.6, -0.2, -2.2
[G06-W02] t=0.60s | Des(P,R,Y):   0.0,  0.0,  0.0 | Act(P,R,Y):  -1.3, -0.1, -1.9
[G06-W03] t=0.60s | Des(P,R,Y):   0.0,  0.0,  0.0 | Act(P,R,Y):  -1.3,  0.2, -1.9
[G06-W05] t=0.60s | Des(P,R,Y):   0.0,  0.0,  0.0 | Act(P,R,Y):  -1.3,  0.0, -1.2
[G06-W06] t=0.60s | Des(P,R,Y):   0.0,  0.0,  0.0 | Act(P,R,Y):  -1.2,  0.3, -1.0
[G06-W01] t=0.80s | Des(P,R,Y):   0.0,  0.0,  0.0 | Act(P,R,Y):  -2.1, -0.3, -3.5
[G06-W04] t=0.80s | Des(P,R,Y):   0.0,  0.0,  0.0 | Act(P,R,Y):  -2.0, -0.4, -2.7
[G06-W02] t=0.80s | Des(P,R,Y):   0.0,  0.0,  0.0 | Act(P,R,Y):  -1.6, -0.2, -2.3
[G06-W03] t=0.80s | Des(P,R,Y):   0.0,  0.0,  0.0 | Act(P,R,Y):  -1.9, -0.2, -2.6
[G06-W05] t=0.80s | Des(P,R,Y):   0.0,  0.0,  0.0 | Act(P,R,Y):  -1.5, -0.2, -1.6
[G06-W06] t=0.80s | Des(P,R,Y):   0.0,  0.0,  0.0 | Act(P,R,Y):  -1.7, -0.1, -1.5
[G06-W01] t=1.00s | Des(P,R,Y):  45.0,  0.0,  0.0 | Act(P,R,Y):   1.4, -0.3, -3.9
[G06-W04] t=1.00s | Des(P,R,Y):  45.0,  0.0,  0.0 | Act(P,R,Y):   1.6, -0.4, -2.9
[G06-W02] t=1.00s | Des(P,R,Y):  45.0,  0.0,  0.0 | Act(P,R,Y):   1.8, -0.3, -2.7
[G06-W03] t=1.00s | Des(P,R,Y):  45.0,  0.0,  0.0 | Act(P,R,Y):  -0.3, -0.3, -3.1
[G06-W05] t=1.00s | Des(P,R,Y):  45.0,  0.0,  0.0 | Act(P,R,Y):   1.5, -0.3, -2.1
[G06-W01] t=1.20s | Des(P,R,Y):  45.0,  0.0,  0.0 | Act(P,R,Y):  15.6, -0.3, -4.5
[G06-W04] t=1.20s | Des(P,R,Y):  45.0,  0.0,  0.0 | Act(P,R,Y):  15.7, -0.5, -3.3
[G06-W02] t=1.20s | Des(P,R,Y):  45.0,  0.0,  0.0 | Act(P,R,Y):  14.6, -0.4, -3.1
[G06-W01] t=1.40s | Des(P,R,Y):  45.0,  0.0,  0.0 | Act(P,R,Y):  26.5, -0.7, -4.7
[G06-W03] t=1.20s | Des(P,R,Y):  45.0,  0.0,  0.0 | Act(P,R,Y):   8.0, -0.6, -3.7
[G06-W06] t=1.00s | Des(P,R,Y):  45.0,  0.0,  0.0 | Act(P,R,Y):  -0.2, -0.5, -2.1
[G06-W04] t=1.40s | Des(P,R,Y):  45.0,  0.0,  0.0 | Act(P,R,Y):  27.2, -0.9, -3.4
[G06-W02] t=1.40s | Des(P,R,Y):  45.0,  0.0,  0.0 | Act(P,R,Y):  24.8, -0.7, -3.3
[G06-W01] t=1.60s | Des(P,R,Y):  45.0,  0.0,  0.0 | Act(P,R,Y):  33.8, -1.2, -5.0
[G06-W05] t=1.20s | Des(P,R,Y):  45.0,  0.0,  0.0 | Act(P,R,Y):  12.2, -1.2, -2.8
[G06-W03] t=1.40s | Des(P,R,Y):  45.0,  0.0,  0.0 | Act(P,R,Y):  17.0, -0.8, -3.9
[G06-W04] t=1.60s | Des(P,R,Y):  45.0,  0.0,  0.0 | Act(P,R,Y):  35.6, -1.2, -3.5
[G06-W02] t=1.60s | Des(P,R,Y):  45.0,  0.0,  0.0 | Act(P,R,Y):  32.3, -0.9, -3.5
[G06-W01] t=1.80s | Des(P,R,Y):  45.0,  0.0,  0.0 | Act(P,R,Y):  40.6, -1.0, -4.8
[G06-W04] t=1.80s | Des(P,R,Y):  45.0,  0.0,  0.0 | Act(P,R,Y):  43.2, -1.0, -3.1
[G06-W06] t=1.20s | Des(P,R,Y):  45.0,  0.0,  0.0 | Act(P,R,Y):   7.6, -1.4, -3.1
[G06-W03] t=1.60s | Des(P,R,Y):  45.0,  0.0,  0.0 | Act(P,R,Y):  25.6, -1.0, -4.0
[G06-W02] t=1.80s | Des(P,R,Y):  45.0,  0.0,  0.0 | Act(P,R,Y):  38.7, -0.7, -3.2
[G06-W01] t=2.00s | Des(P,R,Y):   0.0,  0.0,  0.0 | Act(P,R,Y):  42.7, -0.2, -3.8
[G06-W04] t=2.00s | Des(P,R,Y):   0.0,  0.0,  0.0 | Act(P,R,Y):  45.6, -0.2, -2.2
[G06-W05] t=1.40s | Des(P,R,Y):  45.0,  0.0,  0.0 | Act(P,R,Y):  21.8, -1.1, -3.2
[G06-W03] t=1.80s | Des(P,R,Y):  45.0,  0.0,  0.0 | Act(P,R,Y):  34.1, -1.0, -3.8
[G06-W02] t=2.00s | Des(P,R,Y):   0.0,  0.0,  0.0 | Act(P,R,Y):  41.1, -0.0, -2.4
[G06-W01] t=2.20s | Des(P,R,Y):   0.0,  0.0,  0.0 | Act(P,R,Y):  33.6,  0.6, -2.9
[G06-W04] t=2.20s | Des(P,R,Y):   0.0,  0.0,  0.0 | Act(P,R,Y):  38.1,  0.7, -1.2
[G06-W02] t=2.20s | Des(P,R,Y):   0.0,  0.0,  0.0 | Act(P,R,Y):  31.6,  0.1, -2.1
[G06-W03] t=2.00s | Des(P,R,Y):   0.0,  0.0,  0.0 | Act(P,R,Y):  40.5, -0.4, -3.0
[G06-W06] t=1.40s | Des(P,R,Y):  45.0,  0.0,  0.0 | Act(P,R,Y):  16.1, -1.2, -3.6
[G06-W01] t=2.40s | Des(P,R,Y):   0.0,  0.0,  0.0 | Act(P,R,Y):  24.0,  0.0, -3.1
[G06-W03] t=2.20s | Des(P,R,Y):   0.0,  0.0,  0.0 | Act(P,R,Y):  39.0, -0.1, -2.1
[G06-W05] t=1.60s | Des(P,R,Y):  45.0,  0.0,  0.0 | Act(P,R,Y):  30.5, -0.5, -3.0
[G06-W04] t=2.40s | Des(P,R,Y):   0.0,  0.0,  0.0 | Act(P,R,Y):  28.9,  0.4, -1.1
[G06-W02] t=2.40s | Des(P,R,Y):   0.0,  0.0,  0.0 | Act(P,R,Y):  23.6, -0.0, -2.1
[G06-W03] t=2.40s | Des(P,R,Y):   0.0,  0.0,  0.0 | Act(P,R,Y):  35.6, -0.2, -1.6
[G06-W01] t=2.60s | Des(P,R,Y):   0.0,  0.0,  0.0 | Act(P,R,Y):  16.7, -0.4, -3.3
[G06-W06] t=1.60s | Des(P,R,Y):  45.0,  0.0,  0.0 | Act(P,R,Y):  24.7, -0.7, -3.6
[G06-W04] t=2.60s | Des(P,R,Y):   0.0,  0.0,  0.0 | Act(P,R,Y):  20.7,  0.0, -1.2
[G06-W05] t=1.80s | Des(P,R,Y):  45.0,  0.0,  0.0 | Act(P,R,Y):  37.6,  0.2, -2.7
[G06-W02] t=2.60s | Des(P,R,Y):   0.0,  0.0,  0.0 | Act(P,R,Y):  17.0, -0.3, -2.2
[G06-W03] t=2.60s | Des(P,R,Y):   0.0,  0.0,  0.0 | Act(P,R,Y):  30.8, -0.6, -1.3
[G06-W01] t=2.80s | Des(P,R,Y):   0.0,  0.0,  0.0 | Act(P,R,Y):  10.6, -1.0, -3.7
[G06-W04] t=2.80s | Des(P,R,Y):   0.0,  0.0,  0.0 | Act(P,R,Y):  13.7, -0.3, -1.3
[G06-W03] t=2.80s | Des(P,R,Y):   0.0,  0.0,  0.0 | Act(P,R,Y):  25.5, -1.0, -1.2
[G06-W06] t=1.80s | Des(P,R,Y):  45.0,  0.0,  0.0 | Act(P,R,Y):  32.7,  0.1, -3.2
[G06-W02] t=2.80s | Des(P,R,Y):   0.0,  0.0,  0.0 | Act(P,R,Y):  11.7, -0.6, -2.4
[G06-W05] t=2.00s | Des(P,R,Y):   0.0,  0.0,  0.0 | Act(P,R,Y):  40.1,  0.7, -2.1
[G06-W01] t=3.00s | Des(P,R,Y):   0.0, 35.0,  0.0 | Act(P,R,Y):   6.0,  1.0, -4.2
[G06-W03] t=3.00s | Des(P,R,Y):   0.0, 35.0,  0.0 | Act(P,R,Y):  19.8, -0.2, -1.2
[G06-W04] t=3.00s | Des(P,R,Y):   0.0, 35.0,  0.0 | Act(P,R,Y):   8.0,  1.8, -1.5
[G06-W05] t=2.20s | Des(P,R,Y):   0.0,  0.0,  0.0 | Act(P,R,Y):  30.9,  0.6, -2.1
[G06-W02] t=3.00s | Des(P,R,Y):   0.0, 35.0,  0.0 | Act(P,R,Y):   7.6,  1.4, -2.6
[G06-W06] t=2.00s | Des(P,R,Y):   0.0,  0.0,  0.0 | Act(P,R,Y):  37.4,  0.9, -2.7
[G06-W01] t=3.20s | Des(P,R,Y):   0.0, 35.0,  0.0 | Act(P,R,Y):   2.4, 10.6, -4.6
[G06-W03] t=3.20s | Des(P,R,Y):   0.0, 35.0,  0.0 | Act(P,R,Y):  14.4,  5.8, -1.2
[G06-W04] t=3.20s | Des(P,R,Y):   0.0, 35.0,  0.0 | Act(P,R,Y):   3.1, 11.6, -1.8
[G06-W02] t=3.20s | Des(P,R,Y):   0.0, 35.0,  0.0 | Act(P,R,Y):   4.3, 10.7, -3.0
[G06-W01] t=3.40s | Des(P,R,Y):   0.0, 35.0,  0.0 | Act(P,R,Y):   0.1, 18.1, -5.1
[G06-W05] t=2.40s | Des(P,R,Y):   0.0,  0.0,  0.0 | Act(P,R,Y):  23.8,  0.3, -2.0
[G06-W06] t=2.20s | Des(P,R,Y):   0.0,  0.0,  0.0 | Act(P,R,Y):  33.4,  0.9, -2.5
[G06-W03] t=3.40s | Des(P,R,Y):   0.0, 35.0,  0.0 | Act(P,R,Y):   9.6, 12.1, -1.2
[G06-W04] t=3.40s | Des(P,R,Y):   0.0, 35.0,  0.0 | Act(P,R,Y):  -0.3, 19.6, -2.0
[G06-W02] t=3.40s | Des(P,R,Y):   0.0, 35.0,  0.0 | Act(P,R,Y):   2.2, 18.1, -3.2
[G06-W01] t=3.60s | Des(P,R,Y):   0.0, 35.0,  0.0 | Act(P,R,Y):   0.2, 24.2, -5.2
[G06-W05] t=2.60s | Des(P,R,Y):   0.0,  0.0,  0.0 | Act(P,R,Y):  17.7, -0.1, -2.3
[G06-W06] t=2.40s | Des(P,R,Y):   0.0,  0.0,  0.0 | Act(P,R,Y):  29.1,  0.7, -2.3
[G06-W01] t=3.80s | Des(P,R,Y):   0.0, 35.0,  0.0 | Act(P,R,Y):   1.1, 28.6, -5.0
[G06-W04] t=3.60s | Des(P,R,Y):   0.0, 35.0,  0.0 | Act(P,R,Y):  -1.1, 26.6, -1.9
[G06-W03] t=3.60s | Des(P,R,Y):   0.0, 35.0,  0.0 | Act(P,R,Y):   5.8, 18.4, -1.1
[G06-W02] t=3.60s | Des(P,R,Y):   0.0, 35.0,  0.0 | Act(P,R,Y):   2.0, 24.0, -3.1
[G06-W05] t=2.80s | Des(P,R,Y):   0.0,  0.0,  0.0 | Act(P,R,Y):  12.8, -0.3, -2.4
[G06-W01] t=4.00s | Des(P,R,Y):   0.0,  0.0,  0.0 | Act(P,R,Y):   2.7, 29.5, -4.6
[G06-W04] t=3.80s | Des(P,R,Y):   0.0, 35.0,  0.0 | Act(P,R,Y):  -1.2, 31.4, -1.7
[G06-W03] t=3.80s | Des(P,R,Y):   0.0, 35.0,  0.0 | Act(P,R,Y):   2.8, 24.7, -1.0
[G06-W06] t=2.60s | Des(P,R,Y):   0.0,  0.0,  0.0 | Act(P,R,Y):  24.4,  0.2, -2.4
[G06-W02] t=3.80s | Des(P,R,Y):   0.0, 35.0,  0.0 | Act(P,R,Y):   2.0, 28.3, -3.0
[G06-W05] t=3.00s | Des(P,R,Y):   0.0, 35.0,  0.0 | Act(P,R,Y):   9.0,  1.6, -2.6
[G06-W01] t=4.20s | Des(P,R,Y):   0.0,  0.0,  0.0 | Act(P,R,Y):   4.4, 22.8, -4.0
[G06-W04] t=4.00s | Des(P,R,Y):   0.0,  0.0,  0.0 | Act(P,R,Y):  -1.1, 32.5, -1.3
[G06-W03] t=4.00s | Des(P,R,Y):   0.0,  0.0,  0.0 | Act(P,R,Y):   0.7, 28.9, -0.6
[G06-W02] t=4.00s | Des(P,R,Y):   0.0,  0.0,  0.0 | Act(P,R,Y):   2.6, 29.4, -2.7
[G06-W06] t=2.80s | Des(P,R,Y):   0.0,  0.0,  0.0 | Act(P,R,Y):  19.9, -0.2, -2.6
[G06-W05] t=3.20s | Des(P,R,Y):   0.0, 35.0,  0.0 | Act(P,R,Y):   5.8, 10.0, -3.0
[G06-W01] t=4.40s | Des(P,R,Y):   0.0,  0.0,  0.0 | Act(P,R,Y):   4.7, 17.1, -3.8
[G06-W04] t=4.20s | Des(P,R,Y):   0.0,  0.0,  0.0 | Act(P,R,Y):   0.2, 25.9, -0.8
[G06-W02] t=4.20s | Des(P,R,Y):   0.0,  0.0,  0.0 | Act(P,R,Y):   3.0, 22.5, -2.4
[G06-W03] t=4.20s | Des(P,R,Y):   0.0,  0.0,  0.0 | Act(P,R,Y):  -1.2, 27.8, -0.3
[G06-W06] t=3.00s | Des(P,R,Y):   0.0, 35.0,  0.0 | Act(P,R,Y):  15.8,  1.0, -2.7
[G06-W04] t=4.40s | Des(P,R,Y):   0.0,  0.0,  0.0 | Act(P,R,Y):   0.4, 20.0, -0.6
[G06-W05] t=3.40s | Des(P,R,Y):   0.0, 35.0,  0.0 | Act(P,R,Y):   3.7, 16.6, -3.4
[G06-W01] t=4.60s | Des(P,R,Y):   0.0,  0.0,  0.0 | Act(P,R,Y):   3.7, 12.2, -3.9
[G06-W02] t=4.40s | Des(P,R,Y):   0.0,  0.0,  0.0 | Act(P,R,Y):   2.9, 17.0, -2.3
[G06-W03] t=4.40s | Des(P,R,Y):   0.0,  0.0,  0.0 | Act(P,R,Y):  -2.5, 25.9, -0.1
[G06-W06] t=3.20s | Des(P,R,Y):   0.0, 35.0,  0.0 | Act(P,R,Y):  12.2,  7.2, -2.9
[G06-W04] t=4.60s | Des(P,R,Y):   0.0,  0.0,  0.0 | Act(P,R,Y):  -0.2, 14.7, -0.6
[G06-W05] t=3.60s | Des(P,R,Y):   0.0, 35.0,  0.0 | Act(P,R,Y):   3.3, 22.6, -3.4
[G06-W01] t=4.80s | Des(P,R,Y):   0.0,  0.0,  0.0 | Act(P,R,Y):   2.5,  8.5, -4.1
[G06-W02] t=4.60s | Des(P,R,Y):   0.0,  0.0,  0.0 | Act(P,R,Y):   2.4, 12.6, -2.3
[G06-W03] t=4.60s | Des(P,R,Y):   0.0,  0.0,  0.0 | Act(P,R,Y):  -4.1, 23.4,  0.1
[G06-W05] t=3.80s | Des(P,R,Y):   0.0, 35.0,  0.0 | Act(P,R,Y):   3.6, 27.0, -3.0
[G06-W06] t=3.40s | Des(P,R,Y):   0.0, 35.0,  0.0 | Act(P,R,Y):   9.1, 12.6, -3.2
[G06-W04] t=4.80s | Des(P,R,Y):   0.0,  0.0,  0.0 | Act(P,R,Y):  -0.6, 10.6, -0.6
[G06-W01] t=5.00s | Des(P,R,Y):   0.0,  0.0, 50.0 | Act(P,R,Y):  -0.2,  3.5, -3.3
[G06-W02] t=4.80s | Des(P,R,Y):   0.0,  0.0,  0.0 | Act(P,R,Y):   1.9,  9.4, -2.2
[G06-W03] t=4.80s | Des(P,R,Y):   0.0,  0.0,  0.0 | Act(P,R,Y):  -5.7, 20.4,  0.0
[G06-W01] t=5.20s | Des(P,R,Y):   0.0,  0.0, 50.0 | Act(P,R,Y):   0.2,  2.6, 12.8
[G06-W05] t=4.00s | Des(P,R,Y):   0.0,  0.0,  0.0 | Act(P,R,Y):   3.6, 28.0, -2.7
[G06-W04] t=5.00s | Des(P,R,Y):   0.0,  0.0, 50.0 | Act(P,R,Y):  -3.0,  5.0,  0.4
[G06-W02] t=5.00s | Des(P,R,Y):   0.0,  0.0, 50.0 | Act(P,R,Y):  -0.4,  4.5, -1.2
[G06-W06] t=3.60s | Des(P,R,Y):   0.0, 35.0,  0.0 | Act(P,R,Y):   6.9, 17.9, -3.4
[G06-W01] t=5.40s | Des(P,R,Y):   0.0,  0.0, 50.0 | Act(P,R,Y):  -4.0, -8.0, 10.5
[G06-W05] t=4.20s | Des(P,R,Y):   0.0,  0.0,  0.0 | Act(P,R,Y):   3.7, 21.6, -2.6
[G06-W03] t=5.00s | Des(P,R,Y):   0.0,  0.0, 50.0 | Act(P,R,Y):  -7.9, 16.3,  1.1
[G06-W04] t=5.20s | Des(P,R,Y):   0.0,  0.0, 50.0 | Act(P,R,Y):  -2.5,  3.1, 16.8
[G06-W02] t=5.20s | Des(P,R,Y):   0.0,  0.0, 50.0 | Act(P,R,Y):   0.1,  3.6, 14.2
[G06-W06] t=3.80s | Des(P,R,Y):   0.0, 35.0,  0.0 | Act(P,R,Y):   6.8, 23.0, -2.9
[G06-W01] t=5.60s | Des(P,R,Y):   0.0,  0.0, 50.0 | Act(P,R,Y):  -7.6,-17.7, 10.6
[G06-W04] t=5.40s | Des(P,R,Y):   0.0,  0.0, 50.0 | Act(P,R,Y):  -9.9,-12.1, 10.6
[G06-W02] t=5.40s | Des(P,R,Y):   0.0,  0.0, 50.0 | Act(P,R,Y):  -5.8, -8.7, 10.6
[G06-W05] t=4.40s | Des(P,R,Y):   0.0,  0.0,  0.0 | Act(P,R,Y):   3.6, 16.9, -2.3
[G06-W03] t=5.20s | Des(P,R,Y):   0.0,  0.0, 50.0 | Act(P,R,Y):  -8.6, 12.8,  9.9
[G06-W06] t=4.00s | Des(P,R,Y):   0.0,  0.0,  0.0 | Act(P,R,Y):   6.0, 25.5, -2.5
[G06-W01] t=5.80s | Des(P,R,Y):   0.0,  0.0, 50.0 | Act(P,R,Y):  -8.1,-17.5, 20.8
[G06-W02] t=5.60s | Des(P,R,Y):   0.0,  0.0, 50.0 | Act(P,R,Y):  -8.6,-16.3, 10.7
[G06-W04] t=5.60s | Des(P,R,Y):   0.0,  0.0, 50.0 | Act(P,R,Y): -13.1,-18.5, 10.8
[G06-W03] t=5.40s | Des(P,R,Y):   0.0,  0.0, 50.0 | Act(P,R,Y): -12.0,  4.6, 10.5
[G06-W05] t=4.60s | Des(P,R,Y):   0.0,  0.0,  0.0 | Act(P,R,Y):   2.9, 12.8, -2.3
[G06-W06] t=4.20s | Des(P,R,Y):   0.0,  0.0,  0.0 | Act(P,R,Y):   5.2, 22.2, -2.4
[G06-W01] t=6.00s | Des(P,R,Y):   0.0,  0.0,  0.0 | Act(P,R,Y):   3.8, -3.5, 35.4
[Fixation Controller] Initialized 3-DOF Virtual Work tracking for Eyes.
Eval SUCCESS: G06-W01 | Kp=37.12, Ki=4.71, Kd=26.33 => Score=53.7
[G06-W02] t=5.80s | Des(P,R,Y):   0.0,  0.0, 50.0 | Act(P,R,Y):  -7.0,-18.4, 21.0
[G06-W04] t=5.80s | Des(P,R,Y):   0.0,  0.0, 50.0 | Act(P,R,Y): -10.9,-19.0, 21.0
[G06-W03] t=5.60s | Des(P,R,Y):   0.0,  0.0, 50.0 | Act(P,R,Y): -17.1, -5.6, 10.9
[G06-W05] t=4.80s | Des(P,R,Y):   0.0,  0.0,  0.0 | Act(P,R,Y):   1.9,  9.3, -2.6
[G06-W06] t=4.40s | Des(P,R,Y):   0.0,  0.0,  0.0 | Act(P,R,Y):   4.3, 19.2, -2.1
[G06-W02] t=6.00s | Des(P,R,Y):   0.0,  0.0,  0.0 | Act(P,R,Y):   3.1, -5.2, 34.8
[Fixation Controller] Initialized 3-DOF Virtual Work tracking for Eyes.
Eval SUCCESS: G06-W02 | Kp=55.38, Ki=11.13, Kd=39.41 => Score=51.7
[G06-W03] t=5.80s | Des(P,R,Y):   0.0,  0.0, 50.0 | Act(P,R,Y): -13.0, -6.6, 20.8
[G06-W04] t=6.00s | Des(P,R,Y):   0.0,  0.0,  0.0 | Act(P,R,Y):  -0.9, -8.0, 35.8
[Fixation Controller] Initialized 3-DOF Virtual Work tracking for Eyes.
Eval SUCCESS: G06-W04 | Kp=48.55, Ki=28.05, Kd=34.01 => Score=52.1
[G06-W05] t=5.00s | Des(P,R,Y):   0.0,  0.0, 50.0 | Act(P,R,Y):  -0.4,  4.8, -1.6
[G06-W06] t=4.60s | Des(P,R,Y):   0.0,  0.0,  0.0 | Act(P,R,Y):   3.1, 16.7, -1.8
[G06-W03] t=6.00s | Des(P,R,Y):   0.0,  0.0,  0.0 | Act(P,R,Y):  -4.1, -0.8, 34.3
[Fixation Controller] Initialized 3-DOF Virtual Work tracking for Eyes.
Eval SUCCESS: G06-W03 | Kp=24.82, Ki=37.36, Kd=41.20 => Score=64.6
[G06-W05] t=5.20s | Des(P,R,Y):   0.0,  0.0, 50.0 | Act(P,R,Y):  -0.1,  3.8, 12.6
[G06-W06] t=4.80s | Des(P,R,Y):   0.0,  0.0,  0.0 | Act(P,R,Y):   1.5, 13.7, -2.0
[G06-W05] t=5.40s | Des(P,R,Y):   0.0,  0.0, 50.0 | Act(P,R,Y):  -4.7, -5.3, 10.5
[G06-W06] t=5.00s | Des(P,R,Y):   0.0,  0.0, 50.0 | Act(P,R,Y):  -0.9,  9.9, -0.8
[G06-W05] t=5.60s | Des(P,R,Y):   0.0,  0.0, 50.0 | Act(P,R,Y):  -7.0,-11.8, 10.7
[G06-W05] t=5.80s | Des(P,R,Y):   0.0,  0.0, 50.0 | Act(P,R,Y):  -5.3,-11.1, 21.0
[G06-W06] t=5.20s | Des(P,R,Y):   0.0,  0.0, 50.0 | Act(P,R,Y):  -2.1,  7.6,  8.7
[G06-W05] t=6.00s | Des(P,R,Y):   0.0,  0.0,  0.0 | Act(P,R,Y):   4.5, -0.0, 33.5
[Fixation Controller] Initialized 3-DOF Virtual Work tracking for Eyes.
Eval SUCCESS: G06-W05 | Kp=67.76, Ki=8.02, Kd=50.69 => Score=51.7
[G06-W06] t=5.40s | Des(P,R,Y):   0.0,  0.0, 50.0 | Act(P,R,Y):  -5.3,  2.1, 10.5
[G06-W06] t=5.60s | Des(P,R,Y):   0.0,  0.0, 50.0 | Act(P,R,Y):  -9.9, -5.6, 10.8
[G06-W06] t=5.80s | Des(P,R,Y):   0.0,  0.0, 50.0 | Act(P,R,Y):  -6.4, -3.7, 20.8
[G06-W06] t=6.00s | Des(P,R,Y):   0.0,  0.0,  0.0 | Act(P,R,Y):   1.2,  2.9, 31.1
[Fixation Controller] Initialized 3-DOF Virtual Work tracking for Eyes.
Eval SUCCESS: G06-W06 | Kp=45.77, Ki=18.18, Kd=54.27 => Score=59.2
    6     36 5.166775594434029e+01 1.8e+00 1.77e+01  2e+01  2e+01 22:19.1  
Gen 6: Best Error = 51.67 | Kp=67.76, Ki=8.02, Kd=50.69

--- Generation 7 ---
Found simbody-visualizer, setting SIMBODY_HOME env var to  C:\Users\User\miniforge3\envs\opensim_env\Lib\opensimFound simbody-visualizer, setting SIMBODY_HOME env var to  C:\Users\User\miniforge3\envs\opensim_env\Lib\opensim

Found simbody-visualizer, setting SIMBODY_HOME env var to  C:\Users\User\miniforge3\envs\opensim_env\Lib\opensim
Found simbody-visualizer, setting SIMBODY_HOME env var to  C:\Users\User\miniforge3\envs\opensim_env\Lib\opensim
Found simbody-visualizer, setting SIMBODY_HOME env var to  C:\Users\User\miniforge3\envs\opensim_env\Lib\opensim
Found simbody-visualizer, setting SIMBODY_HOME env var to  C:\Users\User\miniforge3\envs\opensim_env\Lib\opensim
[G07-W04] t=0.20s | Des(P,R,Y):   0.0,  0.0,  0.0 | Act(P,R,Y):   1.4,  1.9,  0.1
[G07-W06] t=0.20s | Des(P,R,Y):   0.0,  0.0,  0.0 | Act(P,R,Y):   1.3,  1.8,  0.2
[G07-W01] t=0.20s | Des(P,R,Y):   0.0,  0.0,  0.0 | Act(P,R,Y):   1.7,  1.8,  1.1
[G07-W03] t=0.20s | Des(P,R,Y):   0.0,  0.0,  0.0 | Act(P,R,Y):   1.1,  1.4,  0.4
[G07-W05] t=0.20s | Des(P,R,Y):   0.0,  0.0,  0.0 | Act(P,R,Y):   1.2,  1.7,  1.0
[G07-W02] t=0.20s | Des(P,R,Y):   0.0,  0.0,  0.0 | Act(P,R,Y):   1.6,  1.7,  1.1
[G07-W04] t=0.40s | Des(P,R,Y):   0.0,  0.0,  0.0 | Act(P,R,Y):  -2.0, -0.2, -2.6
[G07-W06] t=0.40s | Des(P,R,Y):   0.0,  0.0,  0.0 | Act(P,R,Y):  -1.7, -0.1, -2.3
[G07-W01] t=0.40s | Des(P,R,Y):   0.0,  0.0,  0.0 | Act(P,R,Y):  -0.2,  0.8, -0.7
[G07-W03] t=0.40s | Des(P,R,Y):   0.0,  0.0,  0.0 | Act(P,R,Y):  -0.9,  0.1, -1.4
[G07-W02] t=0.40s | Des(P,R,Y):   0.0,  0.0,  0.0 | Act(P,R,Y):  -0.3,  0.7, -0.6
[G07-W04] t=0.60s | Des(P,R,Y):   0.0,  0.0,  0.0 | Act(P,R,Y):  -1.9, -0.5, -3.2
[G07-W05] t=0.40s | Des(P,R,Y):   0.0,  0.0,  0.0 | Act(P,R,Y):  -0.5,  0.7, -0.2
[G07-W06] t=0.60s | Des(P,R,Y):   0.0,  0.0,  0.0 | Act(P,R,Y):  -1.7, -0.4, -2.9
[G07-W04] t=0.80s | Des(P,R,Y):   0.0,  0.0,  0.0 | Act(P,R,Y):  -1.8, -0.5, -3.6
[G07-W01] t=0.60s | Des(P,R,Y):   0.0,  0.0,  0.0 | Act(P,R,Y):  -1.1,  0.4, -1.5
[G07-W03] t=0.60s | Des(P,R,Y):   0.0,  0.0,  0.0 | Act(P,R,Y):  -1.5, -0.2, -2.0
[G07-W02] t=0.60s | Des(P,R,Y):   0.0,  0.0,  0.0 | Act(P,R,Y):  -1.1,  0.3, -1.3
[G07-W06] t=0.80s | Des(P,R,Y):   0.0,  0.0,  0.0 | Act(P,R,Y):  -1.7, -0.4, -3.4
[G07-W04] t=1.00s | Des(P,R,Y):  45.0,  0.0,  0.0 | Act(P,R,Y):   3.4, -0.5, -3.9
[G07-W05] t=0.60s | Des(P,R,Y):   0.0,  0.0,  0.0 | Act(P,R,Y):  -1.0, -0.0, -0.6
[G07-W01] t=0.80s | Des(P,R,Y):   0.0,  0.0,  0.0 | Act(P,R,Y):  -1.6,  0.3, -2.1
[G07-W03] t=0.80s | Des(P,R,Y):   0.0,  0.0,  0.0 | Act(P,R,Y):  -1.7, -0.3, -2.4
[G07-W02] t=0.80s | Des(P,R,Y):   0.0,  0.0,  0.0 | Act(P,R,Y):  -1.6, -0.0, -1.9
[G07-W06] t=1.00s | Des(P,R,Y):  45.0,  0.0,  0.0 | Act(P,R,Y):   3.1, -0.2, -3.6
[G07-W04] t=1.20s | Des(P,R,Y):  45.0,  0.0,  0.0 | Act(P,R,Y):  23.0, -0.2, -4.2
[G07-W04] t=1.40s | Des(P,R,Y):  45.0,  0.0,  0.0 | Act(P,R,Y):  35.0, -0.8, -4.2
[G07-W01] t=1.00s | Des(P,R,Y):  45.0,  0.0,  0.0 | Act(P,R,Y):  -0.4, -0.0, -2.9
[G07-W06] t=1.20s | Des(P,R,Y):  45.0,  0.0,  0.0 | Act(P,R,Y):  20.9, -0.3, -4.1
[G07-W03] t=1.00s | Des(P,R,Y):  45.0,  0.0,  0.0 | Act(P,R,Y):   2.4, -0.3, -2.8
[G07-W02] t=1.00s | Des(P,R,Y):  45.0,  0.0,  0.0 | Act(P,R,Y):   0.3, -0.1, -2.5
[G07-W05] t=0.80s | Des(P,R,Y):   0.0,  0.0,  0.0 | Act(P,R,Y):  -1.6, -0.2, -1.1
[G07-W04] t=1.60s | Des(P,R,Y):  45.0,  0.0,  0.0 | Act(P,R,Y):  41.6, -1.6, -4.6
[G07-W06] t=1.40s | Des(P,R,Y):  45.0,  0.0,  0.0 | Act(P,R,Y):  31.9, -0.8, -4.3
[G07-W02] t=1.20s | Des(P,R,Y):  45.0,  0.0,  0.0 | Act(P,R,Y):   8.1, -0.3, -3.1
[G07-W03] t=1.20s | Des(P,R,Y):  45.0,  0.0,  0.0 | Act(P,R,Y):  17.1, -0.6, -3.1
[G07-W04] t=1.80s | Des(P,R,Y):  45.0,  0.0,  0.0 | Act(P,R,Y):  46.7, -1.3, -4.3
[G07-W06] t=1.60s | Des(P,R,Y):  45.0,  0.0,  0.0 | Act(P,R,Y):  38.8, -1.3, -4.6
[G07-W01] t=1.20s | Des(P,R,Y):  45.0,  0.0,  0.0 | Act(P,R,Y):   4.8, -0.6, -3.7
[G07-W02] t=1.40s | Des(P,R,Y):  45.0,  0.0,  0.0 | Act(P,R,Y):  15.6, -0.5, -3.4
[G07-W03] t=1.40s | Des(P,R,Y):  45.0,  0.0,  0.0 | Act(P,R,Y):  28.1, -0.8, -3.2
[G07-W05] t=1.00s | Des(P,R,Y):  45.0,  0.0,  0.0 | Act(P,R,Y):   0.9, -0.9, -1.7
[G07-W06] t=1.80s | Des(P,R,Y):  45.0,  0.0,  0.0 | Act(P,R,Y):  44.9, -1.0, -4.2
[G07-W04] t=2.00s | Des(P,R,Y):   0.0,  0.0,  0.0 | Act(P,R,Y):  46.8, -0.0, -3.0
[G07-W02] t=1.60s | Des(P,R,Y):  45.0,  0.0,  0.0 | Act(P,R,Y):  22.1, -0.6, -3.7
[G07-W06] t=2.00s | Des(P,R,Y):   0.0,  0.0,  0.0 | Act(P,R,Y):  45.0, -0.0, -3.1
[G07-W03] t=1.60s | Des(P,R,Y):  45.0,  0.0,  0.0 | Act(P,R,Y):  35.4, -1.0, -3.4
[G07-W01] t=1.40s | Des(P,R,Y):  45.0,  0.0,  0.0 | Act(P,R,Y):  10.4, -0.9, -4.6
[G07-W04] t=2.20s | Des(P,R,Y):   0.0,  0.0,  0.0 | Act(P,R,Y):  37.3,  2.4, -1.1
[G07-W02] t=1.80s | Des(P,R,Y):  45.0,  0.0,  0.0 | Act(P,R,Y):  28.1, -0.6, -3.7
[G07-W06] t=2.20s | Des(P,R,Y):   0.0,  0.0,  0.0 | Act(P,R,Y):  33.9,  1.4, -2.0
[G07-W03] t=1.80s | Des(P,R,Y):  45.0,  0.0,  0.0 | Act(P,R,Y):  41.7, -0.7, -3.1
[G07-W05] t=1.20s | Des(P,R,Y):  45.0,  0.0,  0.0 | Act(P,R,Y):  12.9, -1.2, -2.5
[G07-W04] t=2.40s | Des(P,R,Y):   0.0,  0.0,  0.0 | Act(P,R,Y):  25.0,  1.6, -1.6
[G07-W06] t=2.40s | Des(P,R,Y):   0.0,  0.0,  0.0 | Act(P,R,Y):  22.7,  1.0, -2.3
[G07-W03] t=2.00s | Des(P,R,Y):   0.0,  0.0,  0.0 | Act(P,R,Y):  42.7, -0.1, -2.2
[G07-W02] t=2.00s | Des(P,R,Y):   0.0,  0.0,  0.0 | Act(P,R,Y):  31.5, -0.2, -3.3
[G07-W01] t=1.60s | Des(P,R,Y):  45.0,  0.0,  0.0 | Act(P,R,Y):  16.8, -0.7, -4.9
[G07-W03] t=2.20s | Des(P,R,Y):   0.0,  0.0,  0.0 | Act(P,R,Y):  31.7,  0.4, -1.7
[G07-W04] t=2.60s | Des(P,R,Y):   0.0,  0.0,  0.0 | Act(P,R,Y):  15.7,  0.8, -2.2
[G07-W02] t=2.20s | Des(P,R,Y):   0.0,  0.0,  0.0 | Act(P,R,Y):  27.8, -0.1, -3.1
[G07-W05] t=1.40s | Des(P,R,Y):  45.0,  0.0,  0.0 | Act(P,R,Y):  23.5, -1.0, -2.7
[G07-W06] t=2.60s | Des(P,R,Y):   0.0,  0.0,  0.0 | Act(P,R,Y):  14.4,  0.4, -2.7
[G07-W04] t=2.80s | Des(P,R,Y):   0.0,  0.0,  0.0 | Act(P,R,Y):   7.5, -0.3, -3.0
[G07-W01] t=1.80s | Des(P,R,Y):  45.0,  0.0,  0.0 | Act(P,R,Y):  23.6, -0.0, -4.9
[G07-W03] t=2.40s | Des(P,R,Y):   0.0,  0.0,  0.0 | Act(P,R,Y):  22.0, -0.0, -1.8
[G07-W02] t=2.40s | Des(P,R,Y):   0.0,  0.0,  0.0 | Act(P,R,Y):  23.7, -0.2, -3.1
[G07-W06] t=2.80s | Des(P,R,Y):   0.0,  0.0,  0.0 | Act(P,R,Y):   7.1, -0.7, -3.5
[G07-W05] t=1.60s | Des(P,R,Y):  45.0,  0.0,  0.0 | Act(P,R,Y):  32.3, -0.4, -2.4
[G07-W03] t=2.60s | Des(P,R,Y):   0.0,  0.0,  0.0 | Act(P,R,Y):  14.7, -0.3, -1.9
[G07-W04] t=3.00s | Des(P,R,Y):   0.0, 35.0,  0.0 | Act(P,R,Y):   3.4,  2.8, -3.2
[G07-W01] t=2.00s | Des(P,R,Y):   0.0,  0.0,  0.0 | Act(P,R,Y):  28.7,  0.7, -4.5
[G07-W02] t=2.60s | Des(P,R,Y):   0.0,  0.0,  0.0 | Act(P,R,Y):  19.9, -0.4, -3.0
[G07-W06] t=3.00s | Des(P,R,Y):   0.0, 35.0,  0.0 | Act(P,R,Y):   3.6,  2.2, -3.8
[G07-W03] t=2.80s | Des(P,R,Y):   0.0,  0.0,  0.0 | Act(P,R,Y):   9.1, -0.6, -2.2
[G07-W05] t=1.80s | Des(P,R,Y):  45.0,  0.0,  0.0 | Act(P,R,Y):  39.2,  0.3, -2.1
[G07-W04] t=3.20s | Des(P,R,Y):   0.0, 35.0,  0.0 | Act(P,R,Y):   0.0, 15.2, -3.9
[G07-W02] t=2.80s | Des(P,R,Y):   0.0,  0.0,  0.0 | Act(P,R,Y):  16.2, -0.8, -3.2
[G07-W06] t=3.20s | Des(P,R,Y):   0.0, 35.0,  0.0 | Act(P,R,Y):   0.4, 13.8, -4.5
[G07-W01] t=2.20s | Des(P,R,Y):   0.0,  0.0,  0.0 | Act(P,R,Y):  27.8,  0.9, -4.5
[G07-W04] t=3.40s | Des(P,R,Y):   0.0, 35.0,  0.0 | Act(P,R,Y):  -1.9, 24.3, -4.2
[G07-W06] t=3.40s | Des(P,R,Y):   0.0, 35.0,  0.0 | Act(P,R,Y):  -1.1, 22.4, -4.8
[G07-W03] t=3.00s | Des(P,R,Y):   0.0, 35.0,  0.0 | Act(P,R,Y):   5.2,  1.7, -2.5
[G07-W01] t=2.40s | Des(P,R,Y):   0.0,  0.0,  0.0 | Act(P,R,Y):  26.3,  0.8, -4.4
[G07-W02] t=3.00s | Des(P,R,Y):   0.0, 35.0,  0.0 | Act(P,R,Y):  13.0,  0.3, -3.4
[G07-W05] t=2.00s | Des(P,R,Y):   0.0,  0.0,  0.0 | Act(P,R,Y):  41.4,  0.9, -1.5
[G07-W04] t=3.60s | Des(P,R,Y):   0.0, 35.0,  0.0 | Act(P,R,Y):  -1.0, 29.9, -4.1
[G07-W06] t=3.60s | Des(P,R,Y):   0.0, 35.0,  0.0 | Act(P,R,Y):  -0.3, 28.1, -4.8
[G07-W03] t=3.20s | Des(P,R,Y):   0.0, 35.0,  0.0 | Act(P,R,Y):   2.0, 12.3, -2.9
[G07-W02] t=3.20s | Des(P,R,Y):   0.0, 35.0,  0.0 | Act(P,R,Y):  10.3,  6.0, -3.7
[G07-W01] t=2.60s | Des(P,R,Y):   0.0,  0.0,  0.0 | Act(P,R,Y):  23.8,  0.5, -4.5
[G07-W05] t=2.20s | Des(P,R,Y):   0.0,  0.0,  0.0 | Act(P,R,Y):  31.4,  0.6, -1.5
[G07-W06] t=3.80s | Des(P,R,Y):   0.0, 35.0,  0.0 | Act(P,R,Y):   1.0, 31.4, -4.6
[G07-W04] t=3.80s | Des(P,R,Y):   0.0, 35.0,  0.0 | Act(P,R,Y):   0.2, 33.0, -3.8
[G07-W02] t=3.40s | Des(P,R,Y):   0.0, 35.0,  0.0 | Act(P,R,Y):   8.2, 11.4, -3.8
[G07-W03] t=3.40s | Des(P,R,Y):   0.0, 35.0,  0.0 | Act(P,R,Y):   0.4, 20.3, -3.1
[G07-W01] t=2.80s | Des(P,R,Y):   0.0,  0.0,  0.0 | Act(P,R,Y):  21.1,  0.3, -4.6
[G07-W04] t=4.00s | Des(P,R,Y):   0.0,  0.0,  0.0 | Act(P,R,Y):   2.3, 32.0, -3.1
[G07-W06] t=4.00s | Des(P,R,Y):   0.0,  0.0,  0.0 | Act(P,R,Y):   3.0, 30.9, -4.0
[G07-W05] t=2.40s | Des(P,R,Y):   0.0,  0.0,  0.0 | Act(P,R,Y):  23.7,  0.3, -1.4
[G07-W03] t=3.60s | Des(P,R,Y):   0.0, 35.0,  0.0 | Act(P,R,Y):   0.6, 26.3, -3.1
[G07-W01] t=3.00s | Des(P,R,Y):   0.0, 35.0,  0.0 | Act(P,R,Y):  18.2,  0.7, -5.0
[G07-W02] t=3.60s | Des(P,R,Y):   0.0, 35.0,  0.0 | Act(P,R,Y):   6.9, 16.0, -3.9
[G07-W04] t=4.20s | Des(P,R,Y):   0.0,  0.0,  0.0 | Act(P,R,Y):   5.1, 22.4, -2.0
[G07-W06] t=4.20s | Des(P,R,Y):   0.0,  0.0,  0.0 | Act(P,R,Y):   5.3, 21.7, -3.3
[G07-W01] t=3.20s | Des(P,R,Y):   0.0, 35.0,  0.0 | Act(P,R,Y):  15.7,  4.7, -5.2
[G07-W02] t=3.80s | Des(P,R,Y):   0.0, 35.0,  0.0 | Act(P,R,Y):   6.4, 20.5, -3.9
[G07-W03] t=3.80s | Des(P,R,Y):   0.0, 35.0,  0.0 | Act(P,R,Y):   1.1, 30.4, -2.9
[G07-W05] t=2.60s | Des(P,R,Y):   0.0,  0.0,  0.0 | Act(P,R,Y):  17.4, -0.1, -1.5
[G07-W04] t=4.40s | Des(P,R,Y):   0.0,  0.0,  0.0 | Act(P,R,Y):   5.0, 14.5, -1.9
[G07-W06] t=4.40s | Des(P,R,Y):   0.0,  0.0,  0.0 | Act(P,R,Y):   5.2, 14.4, -3.2
[G07-W01] t=3.40s | Des(P,R,Y):   0.0, 35.0,  0.0 | Act(P,R,Y):  13.5,  8.7, -5.3
[G07-W03] t=4.00s | Des(P,R,Y):   0.0,  0.0,  0.0 | Act(P,R,Y):   1.9, 30.7, -2.4
[G07-W02] t=4.00s | Des(P,R,Y):   0.0,  0.0,  0.0 | Act(P,R,Y):   6.2, 22.9, -3.6
[G07-W04] t=4.60s | Des(P,R,Y):   0.0,  0.0,  0.0 | Act(P,R,Y):   3.3,  8.6, -2.3
[G07-W05] t=2.80s | Des(P,R,Y):   0.0,  0.0,  0.0 | Act(P,R,Y):  12.1, -0.6, -1.7
[G07-W06] t=4.60s | Des(P,R,Y):   0.0,  0.0,  0.0 | Act(P,R,Y):   3.9,  8.9, -3.5
[G07-W03] t=4.20s | Des(P,R,Y):   0.0,  0.0,  0.0 | Act(P,R,Y):   2.9, 22.4, -2.1
[G07-W01] t=3.60s | Des(P,R,Y):   0.0, 35.0,  0.0 | Act(P,R,Y):  12.0, 12.5, -5.4
[G07-W02] t=4.20s | Des(P,R,Y):   0.0,  0.0,  0.0 | Act(P,R,Y):   5.9, 20.2, -3.4
[G07-W04] t=4.80s | Des(P,R,Y):   0.0,  0.0,  0.0 | Act(P,R,Y):   1.4,  4.7, -2.6
[G07-W06] t=4.80s | Des(P,R,Y):   0.0,  0.0,  0.0 | Act(P,R,Y):   2.5,  5.3, -3.7
[G07-W03] t=4.40s | Des(P,R,Y):   0.0,  0.0,  0.0 | Act(P,R,Y):   3.1, 16.3, -1.9
[G07-W05] t=3.00s | Des(P,R,Y):   0.0, 35.0,  0.0 | Act(P,R,Y):   8.1,  1.4, -2.0
[G07-W01] t=3.80s | Des(P,R,Y):   0.0, 35.0,  0.0 | Act(P,R,Y):  11.1, 16.3, -5.3
[G07-W02] t=4.40s | Des(P,R,Y):   0.0,  0.0,  0.0 | Act(P,R,Y):   5.4, 17.7, -3.1
[G07-W04] t=5.00s | Des(P,R,Y):   0.0,  0.0, 50.0 | Act(P,R,Y):  -1.3, -0.7, -1.8
[G07-W06] t=5.00s | Des(P,R,Y):   0.0,  0.0, 50.0 | Act(P,R,Y):  -0.1,  0.2, -3.0
[G07-W03] t=4.60s | Des(P,R,Y):   0.0,  0.0,  0.0 | Act(P,R,Y):   2.3, 11.3, -2.0
[G07-W01] t=4.00s | Des(P,R,Y):   0.0,  0.0,  0.0 | Act(P,R,Y):  10.3, 18.8, -5.0
[G07-W05] t=3.20s | Des(P,R,Y):   0.0, 35.0,  0.0 | Act(P,R,Y):   4.9, 10.5, -2.4
[G07-W04] t=5.20s | Des(P,R,Y):   0.0,  0.0, 50.0 | Act(P,R,Y):  -0.6, -0.7, 20.6
[G07-W02] t=4.60s | Des(P,R,Y):   0.0,  0.0,  0.0 | Act(P,R,Y):   4.4, 15.1, -3.1
[G07-W06] t=5.20s | Des(P,R,Y):   0.0,  0.0, 50.0 | Act(P,R,Y):   0.2,  0.1, 17.7
[G07-W03] t=4.80s | Des(P,R,Y):   0.0,  0.0,  0.0 | Act(P,R,Y):   1.4,  7.6, -2.1
[G07-W04] t=5.40s | Des(P,R,Y):   0.0,  0.0, 50.0 | Act(P,R,Y):  -8.2,-17.8, 10.5
[G07-W01] t=4.20s | Des(P,R,Y):   0.0,  0.0,  0.0 | Act(P,R,Y):   9.5, 17.6, -4.6
[G07-W06] t=5.40s | Des(P,R,Y):   0.0,  0.0, 50.0 | Act(P,R,Y):  -6.1,-14.5, 10.5
[G07-W02] t=4.80s | Des(P,R,Y):   0.0,  0.0,  0.0 | Act(P,R,Y):   3.2, 12.7, -3.1
[G07-W05] t=3.40s | Des(P,R,Y):   0.0, 35.0,  0.0 | Act(P,R,Y):   2.7, 17.5, -2.9
[G07-W04] t=5.60s | Des(P,R,Y):   0.0,  0.0, 50.0 | Act(P,R,Y): -15.0,-29.6, 10.6
[G07-W06] t=5.60s | Des(P,R,Y):   0.0,  0.0, 50.0 | Act(P,R,Y): -12.5,-26.2, 10.6
[G07-W03] t=5.00s | Des(P,R,Y):   0.0,  0.0, 50.0 | Act(P,R,Y):  -0.9,  2.6, -1.1
[G07-W01] t=4.40s | Des(P,R,Y):   0.0,  0.0,  0.0 | Act(P,R,Y):   8.4, 16.2, -4.3
[G07-W05] t=3.60s | Des(P,R,Y):   0.0, 35.0,  0.0 | Act(P,R,Y):   2.9, 24.0, -2.5
[G07-W02] t=5.00s | Des(P,R,Y):   0.0,  0.0, 50.0 | Act(P,R,Y):   1.1,  9.4, -1.9
[G07-W04] t=5.80s | Des(P,R,Y):   0.0,  0.0, 50.0 | Act(P,R,Y): -13.7,-35.4, 20.7
[G07-W03] t=5.20s | Des(P,R,Y):   0.0,  0.0, 50.0 | Act(P,R,Y):  -0.3,  2.0, 16.8
[G07-W06] t=5.80s | Des(P,R,Y):   0.0,  0.0, 50.0 | Act(P,R,Y): -10.9,-30.0, 20.8
[G07-W01] t=4.60s | Des(P,R,Y):   0.0,  0.0,  0.0 | Act(P,R,Y):   6.8, 14.5, -4.2
[G07-W05] t=3.80s | Des(P,R,Y):   0.0, 35.0,  0.0 | Act(P,R,Y):   3.0, 28.5, -2.1
[G07-W03] t=5.40s | Des(P,R,Y):   0.0,  0.0, 50.0 | Act(P,R,Y):  -6.7,-11.8, 10.6
[G07-W02] t=5.20s | Des(P,R,Y):   0.0,  0.0, 50.0 | Act(P,R,Y):   0.2,  7.7,  6.7
[G07-W04] t=6.00s | Des(P,R,Y):   0.0,  0.0,  0.0 | Act(P,R,Y):  -1.9,-17.9, 36.4
[Fixation Controller] Initialized 3-DOF Virtual Work tracking for Eyes.
Eval SUCCESS: G07-W04 | Kp=46.94, Ki=8.25, Kd=21.17 => Score=53.0
[G07-W06] t=6.00s | Des(P,R,Y):   0.0,  0.0,  0.0 | Act(P,R,Y):   1.3,-12.9, 36.1
[Fixation Controller] Initialized 3-DOF Virtual Work tracking for Eyes.
Eval SUCCESS: G07-W06 | Kp=47.97, Ki=3.02, Kd=23.77 => Score=52.2
[G07-W01] t=4.80s | Des(P,R,Y):   0.0,  0.0,  0.0 | Act(P,R,Y):   5.1, 12.8, -4.2
[G07-W03] t=5.60s | Des(P,R,Y):   0.0,  0.0, 50.0 | Act(P,R,Y):  -9.4,-19.7, 10.6
[G07-W05] t=4.00s | Des(P,R,Y):   0.0,  0.0,  0.0 | Act(P,R,Y):   3.0, 29.4, -1.8
[G07-W02] t=5.40s | Des(P,R,Y):   0.0,  0.0, 50.0 | Act(P,R,Y):  -1.6,  4.5, 10.7
[G07-W03] t=5.80s | Des(P,R,Y):   0.0,  0.0, 50.0 | Act(P,R,Y):  -7.9,-24.9, 21.0
[G07-W05] t=4.20s | Des(P,R,Y):   0.0,  0.0,  0.0 | Act(P,R,Y):   3.0, 22.3, -1.8
[G07-W01] t=5.00s | Des(P,R,Y):   0.0,  0.0, 50.0 | Act(P,R,Y):   2.7, 10.5, -3.2
[G07-W02] t=5.60s | Des(P,R,Y):   0.0,  0.0, 50.0 | Act(P,R,Y):  -3.9, -2.7, 10.7
[G07-W03] t=6.00s | Des(P,R,Y):   0.0,  0.0,  0.0 | Act(P,R,Y):   2.1,-10.3, 35.2
[Fixation Controller] Initialized 3-DOF Virtual Work tracking for Eyes.
Eval SUCCESS: G07-W03 | Kp=61.01, Ki=11.74, Kd=35.97 => Score=49.8
[G07-W05] t=4.40s | Des(P,R,Y):   0.0,  0.0,  0.0 | Act(P,R,Y):   2.9, 17.2, -1.6
[G07-W02] t=5.80s | Des(P,R,Y):   0.0,  0.0, 50.0 | Act(P,R,Y):  -1.1, -0.1, 20.5
[G07-W01] t=5.20s | Des(P,R,Y):   0.0,  0.0, 50.0 | Act(P,R,Y):   1.6,  9.1,  3.1
[G07-W02] t=6.00s | Des(P,R,Y):   0.0,  0.0,  0.0 | Act(P,R,Y):   4.6,  4.0, 28.1
[Fixation Controller] Initialized 3-DOF Virtual Work tracking for Eyes.
Eval SUCCESS: G07-W02 | Kp=35.37, Ki=9.70, Kd=48.81 => Score=58.2
[G07-W05] t=4.60s | Des(P,R,Y):   0.0,  0.0,  0.0 | Act(P,R,Y):   2.3, 13.2, -1.3
[G07-W01] t=5.40s | Des(P,R,Y):   0.0,  0.0, 50.0 | Act(P,R,Y):   0.3,  7.7,  8.2
[G07-W05] t=4.80s | Des(P,R,Y):   0.0,  0.0,  0.0 | Act(P,R,Y):   1.1,  9.5, -1.6
[G07-W01] t=5.60s | Des(P,R,Y):   0.0,  0.0, 50.0 | Act(P,R,Y):  -1.6,  4.9, 10.5
[G07-W05] t=5.00s | Des(P,R,Y):   0.0,  0.0, 50.0 | Act(P,R,Y):  -1.6,  4.3, -0.8
[G07-W01] t=5.80s | Des(P,R,Y):   0.0,  0.0, 50.0 | Act(P,R,Y):   0.4,  5.3, 16.9
[G07-W05] t=5.20s | Des(P,R,Y):   0.0,  0.0, 50.0 | Act(P,R,Y):  -1.7,  2.9, 14.0
[G07-W01] t=6.00s | Des(P,R,Y):   0.0,  0.0,  0.0 | Act(P,R,Y):   3.3,  6.1, 20.9
[Fixation Controller] Initialized 3-DOF Virtual Work tracking for Eyes.
Eval SUCCESS: G07-W01 | Kp=20.24, Ki=8.45, Kd=46.16 => Score=67.1
[G07-W05] t=5.40s | Des(P,R,Y):   0.0,  0.0, 50.0 | Act(P,R,Y):  -5.1, -3.9, 10.6
[G07-W05] t=5.60s | Des(P,R,Y):   0.0,  0.0, 50.0 | Act(P,R,Y):  -6.5, -7.5, 10.7
[G07-W05] t=5.80s | Des(P,R,Y):   0.0,  0.0, 50.0 | Act(P,R,Y):  -4.9, -7.1, 21.0
[G07-W05] t=6.00s | Des(P,R,Y):   0.0,  0.0,  0.0 | Act(P,R,Y):   4.2,  2.0, 33.7
[Fixation Controller] Initialized 3-DOF Virtual Work tracking for Eyes.
Eval SUCCESS: G07-W05 | Kp=91.40, Ki=17.35, Kd=61.78 => Score=48.8
    7     42 4.880859051886647e+01 2.0e+00 2.07e+01  2e+01  3e+01 26:39.8  
Gen 7: Best Error = 48.81 | Kp=91.40, Ki=17.35, Kd=61.78

--- Generation 8 ---
Found simbody-visualizer, setting SIMBODY_HOME env var to  C:\Users\User\miniforge3\envs\opensim_env\Lib\opensimFound simbody-visualizer, setting SIMBODY_HOME env var to  C:\Users\User\miniforge3\envs\opensim_env\Lib\opensim

Found simbody-visualizer, setting SIMBODY_HOME env var to  C:\Users\User\miniforge3\envs\opensim_env\Lib\opensim
Found simbody-visualizer, setting SIMBODY_HOME env var to  C:\Users\User\miniforge3\envs\opensim_env\Lib\opensimFound simbody-visualizer, setting SIMBODY_HOME env var to  C:\Users\User\miniforge3\envs\opensim_env\Lib\opensim

Found simbody-visualizer, setting SIMBODY_HOME env var to  C:\Users\User\miniforge3\envs\opensim_env\Lib\opensim
[G08-W02] t=0.20s | Des(P,R,Y):   0.0,  0.0,  0.0 | Act(P,R,Y):   1.1,  1.6,  0.1
[G08-W01] t=0.20s | Des(P,R,Y):   0.0,  0.0,  0.0 | Act(P,R,Y):   0.5,  1.0,  0.0
[G08-W04] t=0.20s | Des(P,R,Y):   0.0,  0.0,  0.0 | Act(P,R,Y):   1.0,  1.3,  0.5
[G08-W03] t=0.20s | Des(P,R,Y):   0.0,  0.0,  0.0 | Act(P,R,Y):   1.3,  1.6,  0.8
[G08-W06] t=0.20s | Des(P,R,Y):   0.0,  0.0,  0.0 | Act(P,R,Y):   1.4,  1.8,  1.1
[G08-W05] t=0.20s | Des(P,R,Y):   0.0,  0.0,  0.0 | Act(P,R,Y):   1.2,  1.6,  1.0
[G08-W02] t=0.40s | Des(P,R,Y):   0.0,  0.0,  0.0 | Act(P,R,Y):  -1.7, -0.2, -2.2
[G08-W03] t=0.40s | Des(P,R,Y):   0.0,  0.0,  0.0 | Act(P,R,Y):  -0.6,  0.4, -0.9
[G08-W04] t=0.40s | Des(P,R,Y):   0.0,  0.0,  0.0 | Act(P,R,Y):  -0.9,  0.0, -1.1
[G08-W01] t=0.40s | Des(P,R,Y):   0.0,  0.0,  0.0 | Act(P,R,Y):  -1.2, -0.2, -1.6
[G08-W06] t=0.40s | Des(P,R,Y):   0.0,  0.0,  0.0 | Act(P,R,Y):  -0.3,  0.9, -0.1
[G08-W05] t=0.40s | Des(P,R,Y):   0.0,  0.0,  0.0 | Act(P,R,Y):  -0.4,  0.6, -0.3
[G08-W02] t=0.60s | Des(P,R,Y):   0.0,  0.0,  0.0 | Act(P,R,Y):  -1.5, -0.0, -2.4
[G08-W01] t=0.60s | Des(P,R,Y):   0.0,  0.0,  0.0 | Act(P,R,Y):  -1.4, -0.4, -1.8
[G08-W04] t=0.60s | Des(P,R,Y):   0.0,  0.0,  0.0 | Act(P,R,Y):  -1.3, -0.3, -1.5
[G08-W03] t=0.60s | Des(P,R,Y):   0.0,  0.0,  0.0 | Act(P,R,Y):  -1.2, -0.0, -1.5
[G08-W02] t=0.80s | Des(P,R,Y):   0.0,  0.0,  0.0 | Act(P,R,Y):  -1.7, -0.3, -2.9
[G08-W05] t=0.60s | Des(P,R,Y):   0.0,  0.0,  0.0 | Act(P,R,Y):  -1.0,  0.1, -0.7
[G08-W06] t=0.60s | Des(P,R,Y):   0.0,  0.0,  0.0 | Act(P,R,Y):  -1.0,  0.2, -0.7
[G08-W01] t=0.80s | Des(P,R,Y):   0.0,  0.0,  0.0 | Act(P,R,Y):  -1.4, -0.4, -1.9
[G08-W04] t=0.80s | Des(P,R,Y):   0.0,  0.0,  0.0 | Act(P,R,Y):  -1.4, -0.4, -1.7
[G08-W03] t=0.80s | Des(P,R,Y):   0.0,  0.0,  0.0 | Act(P,R,Y):  -1.5, -0.1, -1.8
[G08-W02] t=1.00s | Des(P,R,Y):  45.0,  0.0,  0.0 | Act(P,R,Y):   3.1, -0.3, -3.3
[G08-W01] t=1.00s | Des(P,R,Y):  45.0,  0.0,  0.0 | Act(P,R,Y):   4.6, -0.3, -2.0
[G08-W04] t=1.00s | Des(P,R,Y):  45.0,  0.0,  0.0 | Act(P,R,Y):   3.6, -0.2, -1.9
[G08-W03] t=1.00s | Des(P,R,Y):  45.0,  0.0,  0.0 | Act(P,R,Y):   2.0, -0.2, -2.3
[G08-W05] t=0.80s | Des(P,R,Y):   0.0,  0.0,  0.0 | Act(P,R,Y):  -1.6, -0.3, -1.2
[G08-W06] t=0.80s | Des(P,R,Y):   0.0,  0.0,  0.0 | Act(P,R,Y):  -1.7, -0.1, -1.2
[G08-W02] t=1.20s | Des(P,R,Y):  45.0,  0.0,  0.0 | Act(P,R,Y):  22.0, -0.6, -3.7
[G08-W01] t=1.20s | Des(P,R,Y):  45.0,  0.0,  0.0 | Act(P,R,Y):  25.9, -0.7, -2.2
[G08-W04] t=1.20s | Des(P,R,Y):  45.0,  0.0,  0.0 | Act(P,R,Y):  21.1, -0.6, -2.1
[G08-W03] t=1.20s | Des(P,R,Y):  45.0,  0.0,  0.0 | Act(P,R,Y):  14.7, -0.6, -2.6
[G08-W02] t=1.40s | Des(P,R,Y):  45.0,  0.0,  0.0 | Act(P,R,Y):  33.3, -1.0, -3.9
[G08-W01] t=1.40s | Des(P,R,Y):  45.0,  0.0,  0.0 | Act(P,R,Y):  37.6, -0.8, -2.0
[G08-W02] t=1.60s | Des(P,R,Y):  45.0,  0.0,  0.0 | Act(P,R,Y):  39.9, -1.4, -4.1
[G08-W05] t=1.00s | Des(P,R,Y):  45.0,  0.0,  0.0 | Act(P,R,Y):   0.9, -0.5, -1.8
[G08-W03] t=1.40s | Des(P,R,Y):  45.0,  0.0,  0.0 | Act(P,R,Y):  24.3, -0.6, -2.8
[G08-W04] t=1.40s | Des(P,R,Y):  45.0,  0.0,  0.0 | Act(P,R,Y):  31.7, -0.9, -2.2
[G08-W06] t=1.00s | Des(P,R,Y):  45.0,  0.0,  0.0 | Act(P,R,Y):  -0.1, -0.5, -1.9
[G08-W01] t=1.60s | Des(P,R,Y):  45.0,  0.0,  0.0 | Act(P,R,Y):  43.9, -1.2, -2.3
[G08-W02] t=1.80s | Des(P,R,Y):  45.0,  0.0,  0.0 | Act(P,R,Y):  45.4, -1.1, -3.7
[G08-W01] t=1.80s | Des(P,R,Y):  45.0,  0.0,  0.0 | Act(P,R,Y):  47.9, -0.8, -2.0
[G08-W02] t=2.00s | Des(P,R,Y):   0.0,  0.0,  0.0 | Act(P,R,Y):  45.1,  0.0, -2.6
[G08-W03] t=1.60s | Des(P,R,Y):  45.0,  0.0,  0.0 | Act(P,R,Y):  31.0, -0.8, -3.1
[G08-W04] t=1.60s | Des(P,R,Y):  45.0,  0.0,  0.0 | Act(P,R,Y):  38.7, -0.8, -2.3
[G08-W05] t=1.20s | Des(P,R,Y):  45.0,  0.0,  0.0 | Act(P,R,Y):  12.3, -1.2, -2.6
[G08-W01] t=2.00s | Des(P,R,Y):   0.0,  0.0,  0.0 | Act(P,R,Y):  46.3,  0.3, -0.9
[G08-W06] t=1.20s | Des(P,R,Y):  45.0,  0.0,  0.0 | Act(P,R,Y):   8.0, -1.2, -2.9
[G08-W02] t=2.20s | Des(P,R,Y):   0.0,  0.0,  0.0 | Act(P,R,Y):  32.6,  1.5, -1.6
[G08-W04] t=1.80s | Des(P,R,Y):  45.0,  0.0,  0.0 | Act(P,R,Y):  44.1, -0.4, -2.0
[G08-W01] t=2.20s | Des(P,R,Y):   0.0,  0.0,  0.0 | Act(P,R,Y):  30.6,  1.4,  0.1
[G08-W02] t=2.40s | Des(P,R,Y):   0.0,  0.0,  0.0 | Act(P,R,Y):  20.7,  0.8, -2.1
[G08-W03] t=1.80s | Des(P,R,Y):  45.0,  0.0,  0.0 | Act(P,R,Y):  37.4, -0.3, -2.8
[G08-W05] t=1.40s | Des(P,R,Y):  45.0,  0.0,  0.0 | Act(P,R,Y):  22.4, -1.0, -2.9
[G08-W04] t=2.00s | Des(P,R,Y):   0.0,  0.0,  0.0 | Act(P,R,Y):  43.3,  0.2, -1.2
[G08-W01] t=2.40s | Des(P,R,Y):   0.0,  0.0,  0.0 | Act(P,R,Y):  17.4,  0.8, -0.3
[G08-W06] t=1.40s | Des(P,R,Y):  45.0,  0.0,  0.0 | Act(P,R,Y):  16.5, -1.1, -3.4
[G08-W04] t=2.20s | Des(P,R,Y):   0.0,  0.0,  0.0 | Act(P,R,Y):  28.6,  0.4, -1.0
[G08-W02] t=2.60s | Des(P,R,Y):   0.0,  0.0,  0.0 | Act(P,R,Y):  12.9,  0.5, -2.3
[G08-W03] t=2.00s | Des(P,R,Y):   0.0,  0.0,  0.0 | Act(P,R,Y):  39.1,  0.2, -2.2
[G08-W01] t=2.60s | Des(P,R,Y):   0.0,  0.0,  0.0 | Act(P,R,Y):   9.1,  0.6, -0.6
[G08-W05] t=1.60s | Des(P,R,Y):  45.0,  0.0,  0.0 | Act(P,R,Y):  30.8, -0.3, -2.7
[G08-W03] t=2.20s | Des(P,R,Y):   0.0,  0.0,  0.0 | Act(P,R,Y):  28.8, -0.0, -2.1
[G08-W04] t=2.40s | Des(P,R,Y):   0.0,  0.0,  0.0 | Act(P,R,Y):  18.2,  0.2, -1.1
[G08-W02] t=2.80s | Des(P,R,Y):   0.0,  0.0,  0.0 | Act(P,R,Y):   6.5, -0.4, -3.0
[G08-W06] t=1.60s | Des(P,R,Y):  45.0,  0.0,  0.0 | Act(P,R,Y):  24.8, -0.6, -3.4
[G08-W01] t=2.80s | Des(P,R,Y):   0.0,  0.0,  0.0 | Act(P,R,Y):   3.6,  0.1, -0.9
[G08-W03] t=2.40s | Des(P,R,Y):   0.0,  0.0,  0.0 | Act(P,R,Y):  21.0, -0.1, -2.1
[G08-W02] t=3.00s | Des(P,R,Y):   0.0, 35.0,  0.0 | Act(P,R,Y):   2.6,  2.6, -3.4
[G08-W04] t=2.60s | Des(P,R,Y):   0.0,  0.0,  0.0 | Act(P,R,Y):  11.0, -0.0, -1.3
[G08-W05] t=1.80s | Des(P,R,Y):  45.0,  0.0,  0.0 | Act(P,R,Y):  37.3,  0.4, -2.4
[G08-W06] t=1.80s | Des(P,R,Y):  45.0,  0.0,  0.0 | Act(P,R,Y):  32.5,  0.2, -3.0
[G08-W01] t=3.00s | Des(P,R,Y):   0.0, 35.0,  0.0 | Act(P,R,Y):   0.3,  3.8, -1.2
[G08-W03] t=2.60s | Des(P,R,Y):   0.0,  0.0,  0.0 | Act(P,R,Y):  14.9, -0.4, -2.2
[G08-W02] t=3.20s | Des(P,R,Y):   0.0, 35.0,  0.0 | Act(P,R,Y):   0.2, 15.2, -4.0
[G08-W04] t=2.80s | Des(P,R,Y):   0.0,  0.0,  0.0 | Act(P,R,Y):   6.2, -0.2, -1.5
[G08-W05] t=2.00s | Des(P,R,Y):   0.0,  0.0,  0.0 | Act(P,R,Y):  39.2,  1.0, -1.9
[G08-W01] t=3.20s | Des(P,R,Y):   0.0, 35.0,  0.0 | Act(P,R,Y):  -2.0, 18.7, -1.6
[G08-W02] t=3.40s | Des(P,R,Y):   0.0, 35.0,  0.0 | Act(P,R,Y):  -0.8, 24.3, -4.2
[G08-W06] t=2.00s | Des(P,R,Y):   0.0,  0.0,  0.0 | Act(P,R,Y):  36.8,  1.0, -2.5
[G08-W03] t=2.80s | Des(P,R,Y):   0.0,  0.0,  0.0 | Act(P,R,Y):  10.1, -0.6, -2.5
[G08-W04] t=3.00s | Des(P,R,Y):   0.0, 35.0,  0.0 | Act(P,R,Y):   3.1,  2.8, -1.7
[G08-W01] t=3.40s | Des(P,R,Y):   0.0, 35.0,  0.0 | Act(P,R,Y):  -2.2, 28.4, -1.4
[G08-W05] t=2.20s | Des(P,R,Y):   0.0,  0.0,  0.0 | Act(P,R,Y):  29.5,  0.6, -1.9
[G08-W02] t=3.60s | Des(P,R,Y):   0.0, 35.0,  0.0 | Act(P,R,Y):   0.3, 29.6, -4.1
[G08-W03] t=3.00s | Des(P,R,Y):   0.0, 35.0,  0.0 | Act(P,R,Y):   6.7,  1.5, -2.7
[G08-W06] t=2.20s | Des(P,R,Y):   0.0,  0.0,  0.0 | Act(P,R,Y):  32.3,  1.0, -2.3
[G08-W04] t=3.20s | Des(P,R,Y):   0.0, 35.0,  0.0 | Act(P,R,Y):   0.8, 15.4, -2.1
[G08-W01] t=3.60s | Des(P,R,Y):   0.0, 35.0,  0.0 | Act(P,R,Y):  -1.9, 32.9, -1.4
[G08-W02] t=3.80s | Des(P,R,Y):   0.0, 35.0,  0.0 | Act(P,R,Y):   0.9, 32.4, -3.9
[G08-W05] t=2.40s | Des(P,R,Y):   0.0,  0.0,  0.0 | Act(P,R,Y):  22.2,  0.4, -1.9
[G08-W03] t=3.20s | Des(P,R,Y):   0.0, 35.0,  0.0 | Act(P,R,Y):   3.9, 10.9, -3.1
[G08-W04] t=3.40s | Des(P,R,Y):   0.0, 35.0,  0.0 | Act(P,R,Y):   0.1, 24.0, -2.2
[G08-W06] t=2.40s | Des(P,R,Y):   0.0,  0.0,  0.0 | Act(P,R,Y):  27.8,  0.8, -2.2
[G08-W01] t=3.80s | Des(P,R,Y):   0.0, 35.0,  0.0 | Act(P,R,Y):  -1.1, 35.6, -1.2
[G08-W02] t=4.00s | Des(P,R,Y):   0.0,  0.0,  0.0 | Act(P,R,Y):   2.7, 31.2, -3.3
[G08-W05] t=2.60s | Des(P,R,Y):   0.0,  0.0,  0.0 | Act(P,R,Y):  16.2, -0.1, -2.1
[G08-W03] t=3.40s | Des(P,R,Y):   0.0, 35.0,  0.0 | Act(P,R,Y):   2.5, 18.0, -3.3
[G08-W04] t=3.60s | Des(P,R,Y):   0.0, 35.0,  0.0 | Act(P,R,Y):   0.6, 29.4, -2.0
[G08-W01] t=4.00s | Des(P,R,Y):   0.0,  0.0,  0.0 | Act(P,R,Y):   0.3, 33.5, -0.5
[G08-W02] t=4.20s | Des(P,R,Y):   0.0,  0.0,  0.0 | Act(P,R,Y):   5.1, 21.0, -2.6
[G08-W06] t=2.60s | Des(P,R,Y):   0.0,  0.0,  0.0 | Act(P,R,Y):  23.1,  0.2, -2.3
[G08-W03] t=3.60s | Des(P,R,Y):   0.0, 35.0,  0.0 | Act(P,R,Y):   1.9, 23.4, -3.4
[G08-W04] t=3.80s | Des(P,R,Y):   0.0, 35.0,  0.0 | Act(P,R,Y):   1.0, 32.8, -1.8
[G08-W05] t=2.80s | Des(P,R,Y):   0.0,  0.0,  0.0 | Act(P,R,Y):  11.4, -0.3, -2.4
[G08-W01] t=4.20s | Des(P,R,Y):   0.0,  0.0,  0.0 | Act(P,R,Y):   2.0, 20.5,  0.0
[G08-W02] t=4.40s | Des(P,R,Y):   0.0,  0.0,  0.0 | Act(P,R,Y):   4.8, 13.2, -2.6
[G08-W06] t=2.80s | Des(P,R,Y):   0.0,  0.0,  0.0 | Act(P,R,Y):  18.5, -0.2, -2.5
[G08-W03] t=3.80s | Des(P,R,Y):   0.0, 35.0,  0.0 | Act(P,R,Y):   2.5, 27.5, -3.2
[G08-W01] t=4.40s | Des(P,R,Y):   0.0,  0.0,  0.0 | Act(P,R,Y):   1.5, 11.6, -0.1
[G08-W04] t=4.00s | Des(P,R,Y):   0.0,  0.0,  0.0 | Act(P,R,Y):   1.8, 31.6, -1.4
[G08-W05] t=3.00s | Des(P,R,Y):   0.0, 35.0,  0.0 | Act(P,R,Y):   7.8,  1.5, -2.7
[G08-W02] t=4.60s | Des(P,R,Y):   0.0,  0.0,  0.0 | Act(P,R,Y):   3.5,  7.8, -2.8
[G08-W04] t=4.20s | Des(P,R,Y):   0.0,  0.0,  0.0 | Act(P,R,Y):   2.3, 20.5, -1.2
[G08-W01] t=4.60s | Des(P,R,Y):   0.0,  0.0,  0.0 | Act(P,R,Y):   0.7,  5.9, -0.3
[G08-W06] t=3.00s | Des(P,R,Y):   0.0, 35.0,  0.0 | Act(P,R,Y):  14.5,  0.8, -2.7
[G08-W03] t=4.00s | Des(P,R,Y):   0.0,  0.0,  0.0 | Act(P,R,Y):   3.0, 28.3, -2.9
[G08-W02] t=4.80s | Des(P,R,Y):   0.0,  0.0,  0.0 | Act(P,R,Y):   2.0,  4.4, -3.1
[G08-W04] t=4.40s | Des(P,R,Y):   0.0,  0.0,  0.0 | Act(P,R,Y):   2.2, 13.0, -1.2
[G08-W05] t=3.20s | Des(P,R,Y):   0.0, 35.0,  0.0 | Act(P,R,Y):   4.9, 10.1, -3.2
[G08-W03] t=4.20s | Des(P,R,Y):   0.0,  0.0,  0.0 | Act(P,R,Y):   3.3, 20.9, -2.8
[G08-W01] t=4.80s | Des(P,R,Y):   0.0,  0.0,  0.0 | Act(P,R,Y):  -0.3,  2.8, -0.4
[G08-W06] t=3.20s | Des(P,R,Y):   0.0, 35.0,  0.0 | Act(P,R,Y):  11.0,  7.1, -3.1
[G08-W02] t=5.00s | Des(P,R,Y):   0.0,  0.0, 50.0 | Act(P,R,Y):  -0.3, -0.9, -2.4
[G08-W04] t=4.60s | Des(P,R,Y):   0.0,  0.0,  0.0 | Act(P,R,Y):   1.5,  8.0, -1.3
[G08-W03] t=4.40s | Des(P,R,Y):   0.0,  0.0,  0.0 | Act(P,R,Y):   3.2, 15.5, -2.7
[G08-W01] t=5.00s | Des(P,R,Y):   0.0,  0.0, 50.0 | Act(P,R,Y):  -2.4, -3.1,  0.2
[G08-W05] t=3.40s | Des(P,R,Y):   0.0, 35.0,  0.0 | Act(P,R,Y):   3.0, 16.8, -3.7
[G08-W02] t=5.20s | Des(P,R,Y):   0.0,  0.0, 50.0 | Act(P,R,Y):   0.4, -0.6, 20.0
[G08-W06] t=3.40s | Des(P,R,Y):   0.0, 35.0,  0.0 | Act(P,R,Y):   8.2, 12.7, -3.5
[G08-W04] t=4.80s | Des(P,R,Y):   0.0,  0.0,  0.0 | Act(P,R,Y):   1.1,  5.0, -1.2
[G08-W01] t=5.20s | Des(P,R,Y):   0.0,  0.0, 50.0 | Act(P,R,Y):  -1.9, -4.3, 22.5
[G08-W03] t=4.60s | Des(P,R,Y):   0.0,  0.0,  0.0 | Act(P,R,Y):   2.7, 11.3, -2.7
[G08-W05] t=3.60s | Des(P,R,Y):   0.0, 35.0,  0.0 | Act(P,R,Y):   3.4, 22.9, -3.4
[G08-W02] t=5.40s | Des(P,R,Y):   0.0,  0.0, 50.0 | Act(P,R,Y):  -8.0,-18.4, 10.5
[G08-W04] t=5.00s | Des(P,R,Y):   0.0,  0.0, 50.0 | Act(P,R,Y):  -0.9, -0.4, -0.5
[G08-W01] t=5.40s | Des(P,R,Y):   0.0,  0.0, 50.0 | Act(P,R,Y):  -8.8,-14.7, 10.8
[G08-W06] t=3.60s | Des(P,R,Y):   0.0, 35.0,  0.0 | Act(P,R,Y):   6.7, 18.1, -3.6
[G08-W05] t=3.80s | Des(P,R,Y):   0.0, 35.0,  0.0 | Act(P,R,Y):   3.8, 27.0, -3.0
[G08-W03] t=4.80s | Des(P,R,Y):   0.0,  0.0,  0.0 | Act(P,R,Y):   1.8,  8.0, -2.9
[G08-W02] t=5.60s | Des(P,R,Y):   0.0,  0.0, 50.0 | Act(P,R,Y): -12.2,-29.0, 10.6
[G08-W04] t=5.20s | Des(P,R,Y):   0.0,  0.0, 50.0 | Act(P,R,Y):  -0.4, -0.1, 21.1
[G08-W06] t=3.80s | Des(P,R,Y):   0.0, 35.0,  0.0 | Act(P,R,Y):   6.7, 23.0, -3.1
[G08-W01] t=5.60s | Des(P,R,Y):   0.0,  0.0, 50.0 | Act(P,R,Y):  -8.9,-14.0, 10.7
[G08-W02] t=5.80s | Des(P,R,Y):   0.0,  0.0, 50.0 | Act(P,R,Y): -10.4,-35.2, 20.7
[G08-W05] t=4.00s | Des(P,R,Y):   0.0,  0.0,  0.0 | Act(P,R,Y):   3.9, 27.7, -2.8
[G08-W03] t=5.00s | Des(P,R,Y):   0.0,  0.0, 50.0 | Act(P,R,Y):  -0.4,  3.4, -1.8
[G08-W04] t=5.40s | Des(P,R,Y):   0.0,  0.0, 50.0 | Act(P,R,Y):  -6.0,-10.5, 10.8
[G08-W01] t=5.80s | Des(P,R,Y):   0.0,  0.0, 50.0 | Act(P,R,Y):  -5.9,-14.7, 20.7
[G08-W05] t=4.20s | Des(P,R,Y):   0.0,  0.0,  0.0 | Act(P,R,Y):   3.9, 20.7, -2.8
[G08-W06] t=4.00s | Des(P,R,Y):   0.0,  0.0,  0.0 | Act(P,R,Y):   6.5, 25.4, -2.7
[G08-W03] t=5.20s | Des(P,R,Y):   0.0,  0.0, 50.0 | Act(P,R,Y):   0.3,  2.8, 13.6
[G08-W02] t=6.00s | Des(P,R,Y):   0.0,  0.0,  0.0 | Act(P,R,Y):   0.9,-16.9, 36.1
[Fixation Controller] Initialized 3-DOF Virtual Work tracking for Eyes.
Eval SUCCESS: G08-W02 | Kp=56.23, Ki=4.17, Kd=24.56 => Score=50.9
[G08-W04] t=5.60s | Des(P,R,Y):   0.0,  0.0, 50.0 | Act(P,R,Y):  -6.4,-13.2, 10.7
[G08-W01] t=6.00s | Des(P,R,Y):   0.0,  0.0,  0.0 | Act(P,R,Y):   3.4,-12.8, 36.1
[Fixation Controller] Initialized 3-DOF Virtual Work tracking for Eyes.
Eval SUCCESS: G08-W01 | Kp=99.78, Ki=39.87, Kd=34.40 => Score=40.9
[G08-W03] t=5.40s | Des(P,R,Y):   0.0,  0.0, 50.0 | Act(P,R,Y):  -4.6, -8.0, 10.6
[G08-W06] t=4.20s | Des(P,R,Y):   0.0,  0.0,  0.0 | Act(P,R,Y):   5.8, 21.9, -2.5
[G08-W05] t=4.40s | Des(P,R,Y):   0.0,  0.0,  0.0 | Act(P,R,Y):   3.8, 15.9, -2.6
[G08-W04] t=5.80s | Des(P,R,Y):   0.0,  0.0, 50.0 | Act(P,R,Y):  -4.2,-22.5, 20.9
[G08-W03] t=5.60s | Des(P,R,Y):   0.0,  0.0, 50.0 | Act(P,R,Y):  -6.6,-16.4, 10.7
[G08-W06] t=4.40s | Des(P,R,Y):   0.0,  0.0,  0.0 | Act(P,R,Y):   5.1, 18.9, -2.2
[G08-W04] t=6.00s | Des(P,R,Y):   0.0,  0.0,  0.0 | Act(P,R,Y):   3.4,-12.0, 35.0
[Fixation Controller] Initialized 3-DOF Virtual Work tracking for Eyes.
Eval SUCCESS: G08-W04 | Kp=104.34, Ki=16.49, Kd=45.29 => Score=42.8
[G08-W05] t=4.60s | Des(P,R,Y):   0.0,  0.0,  0.0 | Act(P,R,Y):   3.1, 11.8, -2.6
[G08-W03] t=5.80s | Des(P,R,Y):   0.0,  0.0, 50.0 | Act(P,R,Y):  -5.3,-18.5, 21.0
[G08-W06] t=4.60s | Des(P,R,Y):   0.0,  0.0,  0.0 | Act(P,R,Y):   3.8, 15.8, -2.2
[G08-W03] t=6.00s | Des(P,R,Y):   0.0,  0.0,  0.0 | Act(P,R,Y):   4.6, -5.0, 34.0
[Fixation Controller] Initialized 3-DOF Virtual Work tracking for Eyes.
Eval SUCCESS: G08-W03 | Kp=68.76, Ki=3.71, Kd=46.50 => Score=50.3
[G08-W05] t=4.80s | Des(P,R,Y):   0.0,  0.0,  0.0 | Act(P,R,Y):   2.1,  8.4, -2.9
[G08-W06] t=4.80s | Des(P,R,Y):   0.0,  0.0,  0.0 | Act(P,R,Y):   2.3, 12.9, -2.3
[G08-W05] t=5.00s | Des(P,R,Y):   0.0,  0.0, 50.0 | Act(P,R,Y):  -0.2,  3.8, -2.0
[G08-W05] t=5.20s | Des(P,R,Y):   0.0,  0.0, 50.0 | Act(P,R,Y):   0.3,  2.8, 12.4
[G08-W06] t=5.00s | Des(P,R,Y):   0.0,  0.0, 50.0 | Act(P,R,Y):  -0.1,  9.2, -1.4
[G08-W05] t=5.40s | Des(P,R,Y):   0.0,  0.0, 50.0 | Act(P,R,Y):  -3.8, -4.2, 10.5
[G08-W06] t=5.20s | Des(P,R,Y):   0.0,  0.0, 50.0 | Act(P,R,Y):  -1.1,  6.9,  8.5
[G08-W05] t=5.60s | Des(P,R,Y):   0.0,  0.0, 50.0 | Act(P,R,Y):  -5.3, -8.8, 10.7
[G08-W06] t=5.40s | Des(P,R,Y):   0.0,  0.0, 50.0 | Act(P,R,Y):  -4.3,  1.7, 10.5
[G08-W05] t=5.80s | Des(P,R,Y):   0.0,  0.0, 50.0 | Act(P,R,Y):  -3.8, -7.5, 21.0
[G08-W06] t=5.60s | Des(P,R,Y):   0.0,  0.0, 50.0 | Act(P,R,Y):  -8.5, -5.3, 10.8
[G08-W05] t=6.00s | Des(P,R,Y):   0.0,  0.0,  0.0 | Act(P,R,Y):   5.5,  2.2, 32.8
[Fixation Controller] Initialized 3-DOF Virtual Work tracking for Eyes.
Eval SUCCESS: G08-W05 | Kp=82.59, Ki=1.39, Kd=57.81 => Score=49.9
[G08-W06] t=5.80s | Des(P,R,Y):   0.0,  0.0, 50.0 | Act(P,R,Y):  -5.1, -3.3, 20.8
[G08-W06] t=6.00s | Des(P,R,Y):   0.0,  0.0,  0.0 | Act(P,R,Y):   2.0,  2.8, 30.4
[Fixation Controller] Initialized 3-DOF Virtual Work tracking for Eyes.
Eval SUCCESS: G08-W06 | Kp=51.73, Ki=14.96, Kd=57.96 => Score=58.1
    8     48 4.087051277735008e+01 2.1e+00 2.77e+01  3e+01  4e+01 30:38.6  
Gen 8: Best Error = 40.87 | Kp=99.78, Ki=39.87, Kd=34.40

--- Generation 9 ---
Found simbody-visualizer, setting SIMBODY_HOME env var to  C:\Users\User\miniforge3\envs\opensim_env\Lib\opensim
Found simbody-visualizer, setting SIMBODY_HOME env var to  C:\Users\User\miniforge3\envs\opensim_env\Lib\opensim
Found simbody-visualizer, setting SIMBODY_HOME env var to  C:\Users\User\miniforge3\envs\opensim_env\Lib\opensim
Found simbody-visualizer, setting SIMBODY_HOME env var to  C:\Users\User\miniforge3\envs\opensim_env\Lib\opensim
Found simbody-visualizer, setting SIMBODY_HOME env var to  C:\Users\User\miniforge3\envs\opensim_env\Lib\opensim
Found simbody-visualizer, setting SIMBODY_HOME env var to  C:\Users\User\miniforge3\envs\opensim_env\Lib\opensim
[G09-W04] t=0.20s | Des(P,R,Y):   0.0,  0.0,  0.0 | Act(P,R,Y):   0.5,  1.5, -0.5
[G09-W06] t=0.20s | Des(P,R,Y):   0.0,  0.0,  0.0 | Act(P,R,Y):   1.5,  2.9, -0.1
[G09-W05] t=0.20s | Des(P,R,Y):   0.0,  0.0,  0.0 | Act(P,R,Y):   1.0,  1.4,  0.7
[G09-W01] t=0.20s | Des(P,R,Y):   0.0,  0.0,  0.0 | Act(P,R,Y):  -2.3,  0.2, -1.9
[G09-W03] t=0.20s | Des(P,R,Y):   0.0,  0.0,  0.0 | Act(P,R,Y):  12.8, 10.2,  1.8
[G09-W02] t=0.20s | Des(P,R,Y):   0.0,  0.0,  0.0 | Act(P,R,Y):   1.0,  1.5,  0.8
[G09-W04] t=0.40s | Des(P,R,Y):   0.0,  0.0,  0.0 | Act(P,R,Y):  -2.1, -0.6, -2.9
[G09-W06] t=0.40s | Des(P,R,Y):   0.0,  0.0,  0.0 | Act(P,R,Y):  -4.2, -1.5, -4.4
[G09-W01] t=0.40s | Des(P,R,Y):   0.0,  0.0,  0.0 | Act(P,R,Y):  -0.2, -0.1, -1.7
[G09-W03] t=0.40s | Des(P,R,Y):   0.0,  0.0,  0.0 | Act(P,R,Y): -25.2, -5.3, -6.6
[G09-W05] t=0.40s | Des(P,R,Y):   0.0,  0.0,  0.0 | Act(P,R,Y):  -0.8,  0.2, -0.8
[G09-W02] t=0.40s | Des(P,R,Y):   0.0,  0.0,  0.0 | Act(P,R,Y):  -0.7,  0.4, -0.4
[G09-W04] t=0.60s | Des(P,R,Y):   0.0,  0.0,  0.0 | Act(P,R,Y):  -1.3, -0.5, -2.7
[G09-W06] t=0.60s | Des(P,R,Y):   0.0,  0.0,  0.0 | Act(P,R,Y):  -0.6, -0.3, -3.2
[G09-W01] t=0.60s | Des(P,R,Y):   0.0,  0.0,  0.0 | Act(P,R,Y):  -1.1,  0.2, -1.0
[G09-W03] t=0.60s | Des(P,R,Y):   0.0,  0.0,  0.0 | Act(P,R,Y):  13.7, -4.7, -4.7
[G09-W04] t=0.80s | Des(P,R,Y):   0.0,  0.0,  0.0 | Act(P,R,Y):  -1.2, -0.4, -2.8
[G09-W05] t=0.60s | Des(P,R,Y):   0.0,  0.0,  0.0 | Act(P,R,Y):  -1.5, -0.4, -1.3
[G09-W01] t=0.80s | Des(P,R,Y):   0.0,  0.0,  0.0 | Act(P,R,Y):  -0.4, -0.3, -1.4
[G09-W06] t=0.80s | Des(P,R,Y):   0.0,  0.0,  0.0 | Act(P,R,Y):  -1.4, -0.5, -3.2
[G09-W03] t=0.80s | Des(P,R,Y):   0.0,  0.0,  0.0 | Act(P,R,Y): -11.3,  1.9,  7.6
[G09-W02] t=0.60s | Des(P,R,Y):   0.0,  0.0,  0.0 | Act(P,R,Y):  -1.1, -0.3, -0.8
[G09-W04] t=1.00s | Des(P,R,Y):  45.0,  0.0,  0.0 | Act(P,R,Y):   6.2, -0.3, -3.0
[G09-W01] t=1.00s | Des(P,R,Y):  45.0,  0.0,  0.0 | Act(P,R,Y):   9.3,  0.1, -1.7
[G09-W05] t=0.80s | Des(P,R,Y):   0.0,  0.0,  0.0 | Act(P,R,Y):  -1.6, -0.6, -1.5
[G09-W06] t=1.00s | Des(P,R,Y):  45.0,  0.0,  0.0 | Act(P,R,Y):   5.5, -0.6, -3.2
[G09-W03] t=1.00s | Des(P,R,Y):  45.0,  0.0,  0.0 | Act(P,R,Y):  16.8,  4.7,-10.2
[G09-W04] t=1.20s | Des(P,R,Y):  45.0,  0.0,  0.0 | Act(P,R,Y):  33.9, -0.6, -3.0
[G09-W01] t=1.20s | Des(P,R,Y):  45.0,  0.0,  0.0 | Act(P,R,Y):  44.2, -1.9, -1.4
[G09-W06] t=1.20s | Des(P,R,Y):  45.0,  0.0,  0.0 | Act(P,R,Y):  37.6, -1.2, -3.9
[G09-W04] t=1.40s | Des(P,R,Y):  45.0,  0.0,  0.0 | Act(P,R,Y):  41.7, -1.3, -3.1
[G09-W02] t=0.80s | Des(P,R,Y):   0.0,  0.0,  0.0 | Act(P,R,Y):  -1.6, -0.5, -1.1
[G09-W03] t=1.20s | Des(P,R,Y):  45.0,  0.0,  0.0 | Act(P,R,Y):  41.9,-19.1,-17.5
[G09-W05] t=1.00s | Des(P,R,Y):  45.0,  0.0,  0.0 | Act(P,R,Y):   2.6, -0.7, -1.8
[G09-W01] t=1.40s | Des(P,R,Y):  45.0,  0.0,  0.0 | Act(P,R,Y):  46.2, -1.1, -2.3
[G09-W06] t=1.40s | Des(P,R,Y):  45.0,  0.0,  0.0 | Act(P,R,Y):  44.2, -2.0, -3.3
[G09-W04] t=1.60s | Des(P,R,Y):  45.0,  0.0,  0.0 | Act(P,R,Y):  45.9, -2.1, -3.8
[G09-W01] t=1.60s | Des(P,R,Y):  45.0,  0.0,  0.0 | Act(P,R,Y):  47.3, -0.7, -2.1
[G09-W05] t=1.20s | Des(P,R,Y):  45.0,  0.0,  0.0 | Act(P,R,Y):  20.4, -0.8, -1.9
[G09-W03] t=1.40s | Des(P,R,Y):  45.0,  0.0,  0.0 | Act(P,R,Y):  53.5, -3.6, 11.2
[G09-W06] t=1.60s | Des(P,R,Y):  45.0,  0.0,  0.0 | Act(P,R,Y):  47.8, -3.2, -4.7
[G09-W02] t=1.00s | Des(P,R,Y):  45.0,  0.0,  0.0 | Act(P,R,Y):   1.9, -1.0, -1.7
[G09-W04] t=1.80s | Des(P,R,Y):  45.0,  0.0,  0.0 | Act(P,R,Y):  48.9, -1.2, -3.0
[G09-W01] t=1.80s | Des(P,R,Y):  45.0,  0.0,  0.0 | Act(P,R,Y):  49.1,  0.6, -0.8
[G09-W05] t=1.40s | Des(P,R,Y):  45.0,  0.0,  0.0 | Act(P,R,Y):  32.5, -0.8, -1.8
[G09-W03] t=1.60s | Des(P,R,Y):  45.0,  0.0,  0.0 | Act(P,R,Y):  51.2, 12.4,-11.1
[G09-W04] t=2.00s | Des(P,R,Y):   0.0,  0.0,  0.0 | Act(P,R,Y):  46.8,  0.6, -1.5
[G09-W01] t=2.00s | Des(P,R,Y):   0.0,  0.0,  0.0 | Act(P,R,Y):  45.0,  1.6,  0.0
[G09-W06] t=1.80s | Des(P,R,Y):  45.0,  0.0,  0.0 | Act(P,R,Y):  50.8, -1.7, -3.4
[G09-W02] t=1.20s | Des(P,R,Y):  45.0,  0.0,  0.0 | Act(P,R,Y):  17.7, -1.2, -2.3
[G09-W04] t=2.20s | Des(P,R,Y):   0.0,  0.0,  0.0 | Act(P,R,Y):  30.1,  3.4,  0.8
[G09-W06] t=2.00s | Des(P,R,Y):   0.0,  0.0,  0.0 | Act(P,R,Y):  49.4,  0.5, -1.3
[G09-W01] t=2.20s | Des(P,R,Y):   0.0,  0.0,  0.0 | Act(P,R,Y):   5.3,  4.1,  1.2
[G09-W05] t=1.60s | Des(P,R,Y):  45.0,  0.0,  0.0 | Act(P,R,Y):  41.1, -0.8, -1.9
[G09-W03] t=1.80s | Des(P,R,Y):  45.0,  0.0,  0.0 | Act(P,R,Y):  45.0,-14.1,-15.2
[G09-W04] t=2.40s | Des(P,R,Y):   0.0,  0.0,  0.0 | Act(P,R,Y):  14.0,  1.1, -1.1
[G09-W06] t=2.20s | Des(P,R,Y):   0.0,  0.0,  0.0 | Act(P,R,Y):  38.2,  5.8,  3.7
[G09-W01] t=2.40s | Des(P,R,Y):   0.0,  0.0,  0.0 | Act(P,R,Y):  -0.1, -0.3, -2.7
[G09-W02] t=1.40s | Des(P,R,Y):  45.0,  0.0,  0.0 | Act(P,R,Y):  30.3, -1.0, -2.2
[G09-W03] t=2.00s | Des(P,R,Y):   0.0,  0.0,  0.0 | Act(P,R,Y):  51.2,  0.3, 18.7
[G09-W05] t=1.80s | Des(P,R,Y):  45.0,  0.0,  0.0 | Act(P,R,Y):  47.5, -0.3, -1.4
[G09-W04] t=2.60s | Des(P,R,Y):   0.0,  0.0,  0.0 | Act(P,R,Y):   7.4,  1.5, -1.1
[G09-W06] t=2.40s | Des(P,R,Y):   0.0,  0.0,  0.0 | Act(P,R,Y):  19.5,  4.6,  1.6
[G09-W01] t=2.60s | Des(P,R,Y):   0.0,  0.0,  0.0 | Act(P,R,Y):   3.2,  2.1,  0.5
[G09-W04] t=2.80s | Des(P,R,Y):   0.0,  0.0,  0.0 | Act(P,R,Y):   0.6, -0.5, -2.5
[G09-W03] t=2.20s | Des(P,R,Y):   0.0,  0.0,  0.0 | Act(P,R,Y):  42.4, 35.8, 12.8
[G09-W02] t=1.60s | Des(P,R,Y):  45.0,  0.0,  0.0 | Act(P,R,Y):  39.4, -0.2, -1.8
[G09-W06] t=2.60s | Des(P,R,Y):   0.0,  0.0,  0.0 | Act(P,R,Y):   4.3,  0.1, -1.9
[G09-W01] t=2.80s | Des(P,R,Y):   0.0,  0.0,  0.0 | Act(P,R,Y):   0.4, -1.0, -2.1
[G09-W05] t=2.00s | Des(P,R,Y):   0.0,  0.0,  0.0 | Act(P,R,Y):  48.0,  0.6, -0.5
[G09-W03] t=2.40s | Des(P,R,Y):   0.0,  0.0,  0.0 | Act(P,R,Y):  -4.9,  5.9,-11.2
[G09-W04] t=3.00s | Des(P,R,Y):   0.0, 35.0,  0.0 | Act(P,R,Y):  -0.1,  4.5, -2.4
[G09-W06] t=2.80s | Des(P,R,Y):   0.0,  0.0,  0.0 | Act(P,R,Y):   1.5,  0.1, -1.9
[G09-W01] t=3.00s | Des(P,R,Y):   0.0, 35.0,  0.0 | Act(P,R,Y):   1.4,  9.4, -1.8
[G09-W02] t=1.80s | Des(P,R,Y):  45.0,  0.0,  0.0 | Act(P,R,Y):  45.5,  0.3, -1.5
[G09-W05] t=2.20s | Des(P,R,Y):   0.0,  0.0,  0.0 | Act(P,R,Y):  35.1,  0.8, -0.1
[G09-W03] t=2.60s | Des(P,R,Y):   0.0,  0.0,  0.0 | Act(P,R,Y):  -8.2,-11.5, -0.8
[G09-W04] t=3.20s | Des(P,R,Y):   0.0, 35.0,  0.0 | Act(P,R,Y):  -2.0, 22.1, -3.3
[G09-W06] t=3.00s | Des(P,R,Y):   0.0, 35.0,  0.0 | Act(P,R,Y):  -1.7,  5.9, -1.8
[G09-W01] t=3.20s | Des(P,R,Y):   0.0, 35.0,  0.0 | Act(P,R,Y):  -2.2, 34.4, -3.4
[G09-W03] t=2.80s | Des(P,R,Y):   0.0,  0.0,  0.0 | Act(P,R,Y):  39.9, 10.7, -2.4
[G09-W02] t=2.00s | Des(P,R,Y):   0.0,  0.0,  0.0 | Act(P,R,Y):  45.6,  1.1, -0.8
[G09-W05] t=2.40s | Des(P,R,Y):   0.0,  0.0,  0.0 | Act(P,R,Y):  23.2,  0.2, -0.2
[G09-W06] t=3.20s | Des(P,R,Y):   0.0, 35.0,  0.0 | Act(P,R,Y):  -5.3, 23.0, -3.3
[G09-W04] t=3.40s | Des(P,R,Y):   0.0, 35.0,  0.0 | Act(P,R,Y):  -1.6, 31.6, -3.1
[G09-W01] t=3.40s | Des(P,R,Y):   0.0, 35.0,  0.0 | Act(P,R,Y):   2.2, 36.6, -1.2
[G09-W03] t=3.00s | Des(P,R,Y):   0.0, 35.0,  0.0 | Act(P,R,Y): -10.2, 11.6, -2.9
[G09-W02] t=2.20s | Des(P,R,Y):   0.0,  0.0,  0.0 | Act(P,R,Y):  31.9,  0.7, -0.7
[G09-W04] t=3.60s | Des(P,R,Y):   0.0, 35.0,  0.0 | Act(P,R,Y):  -0.0, 34.8, -2.6
[G09-W05] t=2.60s | Des(P,R,Y):   0.0,  0.0,  0.0 | Act(P,R,Y):  14.1, -0.2, -0.3
[G09-W06] t=3.40s | Des(P,R,Y):   0.0, 35.0,  0.0 | Act(P,R,Y):  -5.4, 33.1, -3.4
[G09-W01] t=3.60s | Des(P,R,Y):   0.0, 35.0,  0.0 | Act(P,R,Y):   2.1, 36.5, -1.2
[G09-W03] t=3.20s | Des(P,R,Y):   0.0, 35.0,  0.0 | Act(P,R,Y):  -9.8, 38.1,-14.3
[G09-W04] t=3.80s | Des(P,R,Y):   0.0, 35.0,  0.0 | Act(P,R,Y):   1.0, 36.0, -2.3
[G09-W01] t=3.80s | Des(P,R,Y):   0.0, 35.0,  0.0 | Act(P,R,Y):   2.1, 35.7, -1.6
[G09-W06] t=3.60s | Des(P,R,Y):   0.0, 35.0,  0.0 | Act(P,R,Y):  -2.4, 36.3, -2.3
[G09-W05] t=2.80s | Des(P,R,Y):   0.0,  0.0,  0.0 | Act(P,R,Y):   7.2, -0.2, -0.5
[G09-W02] t=2.40s | Des(P,R,Y):   0.0,  0.0,  0.0 | Act(P,R,Y):  21.5,  0.2, -0.8
[G09-W03] t=3.40s | Des(P,R,Y):   0.0, 35.0,  0.0 | Act(P,R,Y): -26.6, 29.9, -8.5
[G09-W04] t=4.00s | Des(P,R,Y):   0.0,  0.0,  0.0 | Act(P,R,Y):   3.1, 32.1, -1.4
[G09-W06] t=3.80s | Des(P,R,Y):   0.0, 35.0,  0.0 | Act(P,R,Y):  -0.5, 37.7, -1.4
[G09-W01] t=4.00s | Des(P,R,Y):   0.0,  0.0,  0.0 | Act(P,R,Y):   5.3, 27.7,  0.0
[G09-W05] t=3.00s | Des(P,R,Y):   0.0, 35.0,  0.0 | Act(P,R,Y):   2.2,  2.7, -0.7
[G09-W03] t=3.60s | Des(P,R,Y):   0.0, 35.0,  0.0 | Act(P,R,Y):  13.5, 35.3, -4.6
[G09-W04] t=4.20s | Des(P,R,Y):   0.0,  0.0,  0.0 | Act(P,R,Y):   6.3, 17.5, -0.2
[G09-W02] t=2.60s | Des(P,R,Y):   0.0,  0.0,  0.0 | Act(P,R,Y):  13.8, -0.2, -0.9
[G09-W06] t=4.00s | Des(P,R,Y):   0.0,  0.0,  0.0 | Act(P,R,Y):   1.8, 33.4, -0.4
[G09-W01] t=4.20s | Des(P,R,Y):   0.0,  0.0,  0.0 | Act(P,R,Y):   3.6,  2.3, -0.0
[G09-W03] t=3.80s | Des(P,R,Y):   0.0, 35.0,  0.0 | Act(P,R,Y): -13.4, 37.8,  0.8
[G09-W05] t=3.20s | Des(P,R,Y):   0.0, 35.0,  0.0 | Act(P,R,Y):  -1.6, 15.0, -1.0
[G09-W06] t=4.20s | Des(P,R,Y):   0.0,  0.0,  0.0 | Act(P,R,Y):   7.4, 19.1,  1.9
[G09-W04] t=4.40s | Des(P,R,Y):   0.0,  0.0,  0.0 | Act(P,R,Y):   4.1,  7.5, -0.8
[G09-W01] t=4.40s | Des(P,R,Y):   0.0,  0.0,  0.0 | Act(P,R,Y):   2.3, -0.6, -1.6
[G09-W02] t=2.80s | Des(P,R,Y):   0.0,  0.0,  0.0 | Act(P,R,Y):   8.1, -0.5, -1.0
[G09-W03] t=4.00s | Des(P,R,Y):   0.0,  0.0,  0.0 | Act(P,R,Y):  12.9, 28.3, -4.7
[G09-W05] t=3.40s | Des(P,R,Y):   0.0, 35.0,  0.0 | Act(P,R,Y):  -3.7, 24.4, -1.4
[G09-W04] t=4.60s | Des(P,R,Y):   0.0,  0.0,  0.0 | Act(P,R,Y):   1.7,  2.7, -1.3
[G09-W06] t=4.40s | Des(P,R,Y):   0.0,  0.0,  0.0 | Act(P,R,Y):   4.1,  8.4,  1.2
[G09-W01] t=4.60s | Des(P,R,Y):   0.0,  0.0,  0.0 | Act(P,R,Y):   0.1, -0.1, -1.7
[G09-W03] t=4.20s | Des(P,R,Y):   0.0,  0.0,  0.0 | Act(P,R,Y):   2.8, -4.1,  1.8
[G09-W02] t=3.00s | Des(P,R,Y):   0.0, 35.0,  0.0 | Act(P,R,Y):   3.9,  2.0, -1.3
[G09-W04] t=4.80s | Des(P,R,Y):   0.0,  0.0,  0.0 | Act(P,R,Y):   0.3,  0.5, -1.7
[G09-W05] t=3.60s | Des(P,R,Y):   0.0, 35.0,  0.0 | Act(P,R,Y):  -3.2, 31.5, -0.8
[G09-W06] t=4.60s | Des(P,R,Y):   0.0,  0.0,  0.0 | Act(P,R,Y):   0.5,  1.6, -0.4
[G09-W01] t=4.80s | Des(P,R,Y):   0.0,  0.0,  0.0 | Act(P,R,Y):   0.6,  0.1, -1.4
[G09-W03] t=4.40s | Des(P,R,Y):   0.0,  0.0,  0.0 | Act(P,R,Y):  23.5, 12.1, 12.4
[G09-W06] t=4.80s | Des(P,R,Y):   0.0,  0.0,  0.0 | Act(P,R,Y):  -2.9, -0.9, -1.0
[G09-W04] t=5.00s | Des(P,R,Y):   0.0,  0.0, 50.0 | Act(P,R,Y):  -2.1, -5.3, -1.1
[G09-W05] t=3.80s | Des(P,R,Y):   0.0, 35.0,  0.0 | Act(P,R,Y):  -3.1, 35.8, -0.6
[G09-W02] t=3.20s | Des(P,R,Y):   0.0, 35.0,  0.0 | Act(P,R,Y):   1.0, 14.1, -1.7
[G09-W01] t=5.00s | Des(P,R,Y):   0.0,  0.0, 50.0 | Act(P,R,Y):  -2.1, -6.5, -1.2
[G09-W03] t=4.60s | Des(P,R,Y):   0.0,  0.0,  0.0 | Act(P,R,Y):  19.2, 18.0, -8.2
[G09-W06] t=5.00s | Des(P,R,Y):   0.0,  0.0, 50.0 | Act(P,R,Y):  -5.7, -7.4, -0.8
[G09-W04] t=5.20s | Des(P,R,Y):   0.0,  0.0, 50.0 | Act(P,R,Y):  -4.0, -7.9, 23.0
[G09-W05] t=4.00s | Des(P,R,Y):   0.0,  0.0,  0.0 | Act(P,R,Y):  -2.6, 35.3, -0.2
[G09-W03] t=4.80s | Des(P,R,Y):   0.0,  0.0,  0.0 | Act(P,R,Y): -45.8,-15.3, -1.4
[G09-W01] t=5.20s | Des(P,R,Y):   0.0,  0.0, 50.0 | Act(P,R,Y): -18.3,-36.9, 23.9
[G09-W02] t=3.40s | Des(P,R,Y):   0.0, 35.0,  0.0 | Act(P,R,Y):  -0.8, 22.7, -2.2
[G09-W06] t=5.20s | Des(P,R,Y):   0.0,  0.0, 50.0 | Act(P,R,Y): -12.3,-12.6, 23.2
[G09-W04] t=5.40s | Des(P,R,Y):   0.0,  0.0, 50.0 | Act(P,R,Y): -10.4,-22.2, 10.7
[G09-W05] t=4.20s | Des(P,R,Y):   0.0,  0.0,  0.0 | Act(P,R,Y):  -1.3, 25.2,  0.1
[G09-W03] t=5.00s | Des(P,R,Y):   0.0,  0.0, 50.0 | Act(P,R,Y):  14.7, -8.7,  1.7
[G09-W02] t=3.60s | Des(P,R,Y):   0.0, 35.0,  0.0 | Act(P,R,Y):   0.2, 29.5, -1.3
[G09-W01] t=5.40s | Des(P,R,Y):   0.0,  0.0, 50.0 | Act(P,R,Y):  -0.3,-32.5, 10.1
[G09-W06] t=5.40s | Des(P,R,Y):   0.0,  0.0, 50.0 | Act(P,R,Y): -16.5,-28.9, 10.2
[G09-W04] t=5.60s | Des(P,R,Y):   0.0,  0.0, 50.0 | Act(P,R,Y): -12.8,-22.9, 10.8
[G09-W03] t=5.20s | Des(P,R,Y):   0.0,  0.0, 50.0 | Act(P,R,Y): -16.8,-43.8,  5.4
[G09-W05] t=4.40s | Des(P,R,Y):   0.0,  0.0,  0.0 | Act(P,R,Y):  -1.0, 17.3,  0.3
[G09-W01] t=5.60s | Des(P,R,Y):   0.0,  0.0, 50.0 | Act(P,R,Y):  -4.2,-33.2, 10.7
[G09-W02] t=3.80s | Des(P,R,Y):   0.0, 35.0,  0.0 | Act(P,R,Y):   0.2, 33.5, -1.1
[G09-W06] t=5.60s | Des(P,R,Y):   0.0,  0.0, 50.0 | Act(P,R,Y): -19.0,-30.5, 10.7
[G09-W04] t=5.80s | Des(P,R,Y):   0.0,  0.0, 50.0 | Act(P,R,Y):  -8.4,-22.6, 20.6
[G09-W03] t=5.40s | Des(P,R,Y):   0.0,  0.0, 50.0 | Act(P,R,Y): -33.2,-36.4, 10.6
[G09-W01] t=5.80s | Des(P,R,Y):   0.0,  0.0, 50.0 | Act(P,R,Y):  -1.1,-33.8, 20.8
[G09-W02] t=4.00s | Des(P,R,Y):   0.0,  0.0,  0.0 | Act(P,R,Y):   0.7, 33.1, -0.7
[G09-W05] t=4.60s | Des(P,R,Y):   0.0,  0.0,  0.0 | Act(P,R,Y):  -1.3, 11.1,  0.3
[G09-W04] t=6.00s | Des(P,R,Y):   0.0,  0.0,  0.0 | Act(P,R,Y):   2.4,-15.3, 36.4
[Fixation Controller] Initialized 3-DOF Virtual Work tracking for Eyes.
Eval SUCCESS: G09-W04 | Kp=71.14, Ki=14.10, Kd=17.68 => Score=43.7
[G09-W06] t=5.80s | Des(P,R,Y):   0.0,  0.0, 50.0 | Act(P,R,Y): -12.5,-30.7, 20.5
[G09-W03] t=5.60s | Des(P,R,Y):   0.0,  0.0, 50.0 | Act(P,R,Y): -25.1,-31.6, 10.5
[G09-W02] t=4.20s | Des(P,R,Y):   0.0,  0.0,  0.0 | Act(P,R,Y):   0.9, 22.9, -0.6
[G09-W05] t=4.80s | Des(P,R,Y):   0.0,  0.0,  0.0 | Act(P,R,Y):  -2.0,  5.9, -0.1
[G09-W01] t=6.00s | Des(P,R,Y):   0.0,  0.0,  0.0 | Act(P,R,Y):   9.0,-27.1, 35.8
[Fixation Controller] Initialized 3-DOF Virtual Work tracking for Eyes.
Eval SUCCESS: G09-W01 | Kp=163.24, Ki=8.30, Kd=12.45 => Score=39.6
[G09-W03] t=5.80s | Des(P,R,Y):   0.0,  0.0, 50.0 | Act(P,R,Y):  -8.6,-32.6, 20.5
[G09-W06] t=6.00s | Des(P,R,Y):   0.0,  0.0,  0.0 | Act(P,R,Y):  -1.9,-25.5, 36.7
[Fixation Controller] Initialized 3-DOF Virtual Work tracking for Eyes.
Eval SUCCESS: G09-W06 | Kp=52.82, Ki=26.30, Kd=12.21 => Score=51.2
[G09-W02] t=4.40s | Des(P,R,Y):   0.0,  0.0,  0.0 | Act(P,R,Y):   0.8, 16.0, -0.4
[G09-W03] t=6.00s | Des(P,R,Y):   0.0,  0.0,  0.0 | Act(P,R,Y):   5.8,-26.4, 36.8
[Fixation Controller] Initialized 3-DOF Virtual Work tracking for Eyes.
Eval SUCCESS: G09-W03 | Kp=59.15, Ki=13.21, Kd=0.72 => Score=88.7
[G09-W05] t=5.00s | Des(P,R,Y):   0.0,  0.0, 50.0 | Act(P,R,Y):  -4.1, -0.6,  0.8
[G09-W05] t=5.20s | Des(P,R,Y):   0.0,  0.0, 50.0 | Act(P,R,Y):  -3.3, -1.8, 21.4
[G09-W02] t=4.60s | Des(P,R,Y):   0.0,  0.0,  0.0 | Act(P,R,Y):   0.4, 10.8, -0.3
[G09-W05] t=5.40s | Des(P,R,Y):   0.0,  0.0, 50.0 | Act(P,R,Y):  -7.5,-11.2, 10.8
[G09-W02] t=4.80s | Des(P,R,Y):   0.0,  0.0,  0.0 | Act(P,R,Y):  -0.7,  6.6, -0.6
[G09-W05] t=5.60s | Des(P,R,Y):   0.0,  0.0, 50.0 | Act(P,R,Y):  -7.9,-13.2, 10.7
[G09-W02] t=5.00s | Des(P,R,Y):   0.0,  0.0, 50.0 | Act(P,R,Y):  -3.4,  0.7,  0.1
[G09-W05] t=5.80s | Des(P,R,Y):   0.0,  0.0, 50.0 | Act(P,R,Y):  -5.2,-22.7, 20.8
[G09-W02] t=5.20s | Des(P,R,Y):   0.0,  0.0, 50.0 | Act(P,R,Y):  -2.3,  0.1, 19.8
[G09-W05] t=6.00s | Des(P,R,Y):   0.0,  0.0,  0.0 | Act(P,R,Y):   1.4,-18.5, 35.6
[Fixation Controller] Initialized 3-DOF Virtual Work tracking for Eyes.
Eval SUCCESS: G09-W05 | Kp=108.21, Ki=77.30, Kd=52.32 => Score=45.5
[G09-W02] t=5.40s | Des(P,R,Y):   0.0,  0.0, 50.0 | Act(P,R,Y):  -6.3, -7.5, 10.7
[G09-W02] t=5.60s | Des(P,R,Y):   0.0,  0.0, 50.0 | Act(P,R,Y):  -6.5, -9.1, 10.8
[G09-W02] t=5.80s | Des(P,R,Y):   0.0,  0.0, 50.0 | Act(P,R,Y):  -4.6,-15.0, 20.8
[G09-W02] t=6.00s | Des(P,R,Y):   0.0,  0.0,  0.0 | Act(P,R,Y):   2.6, -7.0, 35.0
[Fixation Controller] Initialized 3-DOF Virtual Work tracking for Eyes.
Eval SUCCESS: G09-W02 | Kp=124.37, Ki=44.98, Kd=60.24 => Score=43.1
    9     54 3.959968412372448e+01 2.0e+00 4.58e+01  4e+01  6e+01 34:22.3  
Gen 9: Best Error = 39.60 | Kp=163.24, Ki=8.30, Kd=12.45

--- Generation 10 ---
Found simbody-visualizer, setting SIMBODY_HOME env var to  C:\Users\User\miniforge3\envs\opensim_env\Lib\opensim
Found simbody-visualizer, setting SIMBODY_HOME env var to  C:\Users\User\miniforge3\envs\opensim_env\Lib\opensim
Found simbody-visualizer, setting SIMBODY_HOME env var to  C:\Users\User\miniforge3\envs\opensim_env\Lib\opensim
Found simbody-visualizer, setting SIMBODY_HOME env var to  C:\Users\User\miniforge3\envs\opensim_env\Lib\opensim
Found simbody-visualizer, setting SIMBODY_HOME env var to  C:\Users\User\miniforge3\envs\opensim_env\Lib\opensim
Found simbody-visualizer, setting SIMBODY_HOME env var to  C:\Users\User\miniforge3\envs\opensim_env\Lib\opensim
[G10-W03] t=0.20s | Des(P,R,Y):   0.0,  0.0,  0.0 | Act(P,R,Y):  -0.3,  0.3, -0.7
[G10-W02] t=0.20s | Des(P,R,Y):   0.0,  0.0,  0.0 | Act(P,R,Y):   0.5,  0.9,  0.2
[G10-W06] t=0.20s | Des(P,R,Y):   0.0,  0.0,  0.0 | Act(P,R,Y):  -2.5,  1.5, -1.7
[G10-W04] t=0.20s | Des(P,R,Y):   0.0,  0.0,  0.0 | Act(P,R,Y):  -1.8,  3.6, -1.2
[G10-W05] t=0.20s | Des(P,R,Y):   0.0,  0.0,  0.0 | Act(P,R,Y):   1.2,  2.1,  1.5
[G10-W01] t=0.20s | Des(P,R,Y):   0.0,  0.0,  0.0 | Act(P,R,Y):   1.2,  1.9,  2.0
[G10-W06] t=0.40s | Des(P,R,Y):   0.0,  0.0,  0.0 | Act(P,R,Y):  -1.2, -1.5, -2.2
[G10-W04] t=0.40s | Des(P,R,Y):   0.0,  0.0,  0.0 | Act(P,R,Y):   1.9, -3.7, -4.1
[G10-W03] t=0.40s | Des(P,R,Y):   0.0,  0.0,  0.0 | Act(P,R,Y):  -1.3, -0.3, -1.6
[G10-W02] t=0.40s | Des(P,R,Y):   0.0,  0.0,  0.0 | Act(P,R,Y):  -1.1, -0.3, -1.1
[G10-W05] t=0.40s | Des(P,R,Y):   0.0,  0.0,  0.0 | Act(P,R,Y):   0.0,  1.2,  0.7
[G10-W06] t=0.60s | Des(P,R,Y):   0.0,  0.0,  0.0 | Act(P,R,Y):  -1.3,  2.5,  1.3
[G10-W04] t=0.60s | Des(P,R,Y):   0.0,  0.0,  0.0 | Act(P,R,Y):   3.6,  8.7,  6.3
[G10-W01] t=0.40s | Des(P,R,Y):   0.0,  0.0,  0.0 | Act(P,R,Y):   0.4,  1.4,  1.3
[G10-W03] t=0.60s | Des(P,R,Y):   0.0,  0.0,  0.0 | Act(P,R,Y):  -1.3, -0.5, -1.6
[G10-W02] t=0.60s | Des(P,R,Y):   0.0,  0.0,  0.0 | Act(P,R,Y):  -1.1, -0.4, -1.1
[G10-W06] t=0.80s | Des(P,R,Y):   0.0,  0.0,  0.0 | Act(P,R,Y):  -3.6, -2.9, -2.8
[G10-W04] t=0.80s | Des(P,R,Y):   0.0,  0.0,  0.0 | Act(P,R,Y): -16.6,-10.5, -7.7
[G10-W03] t=0.80s | Des(P,R,Y):   0.0,  0.0,  0.0 | Act(P,R,Y):  -1.1, -0.5, -1.5
[G10-W02] t=0.80s | Des(P,R,Y):   0.0,  0.0,  0.0 | Act(P,R,Y):  -1.0, -0.4, -1.1
[G10-W06] t=1.00s | Des(P,R,Y):  45.0,  0.0,  0.0 | Act(P,R,Y):  11.6,  1.5, -0.7
[G10-W05] t=0.60s | Des(P,R,Y):   0.0,  0.0,  0.0 | Act(P,R,Y):  -0.6,  0.6,  0.2
[G10-W01] t=0.60s | Des(P,R,Y):   0.0,  0.0,  0.0 | Act(P,R,Y):  -0.2,  0.9,  0.9
[G10-W04] t=1.00s | Des(P,R,Y):  45.0,  0.0,  0.0 | Act(P,R,Y):  23.4,  4.4,  2.2
[G10-W03] t=1.00s | Des(P,R,Y):  45.0,  0.0,  0.0 | Act(P,R,Y):   7.2, -0.2, -1.5
[G10-W06] t=1.20s | Des(P,R,Y):  45.0,  0.0,  0.0 | Act(P,R,Y):  47.3, -6.5, -4.4
[G10-W02] t=1.00s | Des(P,R,Y):  45.0,  0.0,  0.0 | Act(P,R,Y):   6.0, -0.3, -1.3
[G10-W04] t=1.20s | Des(P,R,Y):  45.0,  0.0,  0.0 | Act(P,R,Y):  42.7,-12.3,-10.0
[G10-W03] t=1.20s | Des(P,R,Y):  45.0,  0.0,  0.0 | Act(P,R,Y):  36.7, -0.5, -1.2
[G10-W06] t=1.40s | Des(P,R,Y):  45.0,  0.0,  0.0 | Act(P,R,Y):  49.1,  2.3,  0.2
[G10-W05] t=0.80s | Des(P,R,Y):   0.0,  0.0,  0.0 | Act(P,R,Y):  -1.5,  0.1, -0.3
[G10-W02] t=1.20s | Des(P,R,Y):  45.0,  0.0,  0.0 | Act(P,R,Y):  30.3, -0.5, -1.2
[G10-W01] t=0.80s | Des(P,R,Y):   0.0,  0.0,  0.0 | Act(P,R,Y):  -1.0,  0.3,  0.4
[G10-W03] t=1.40s | Des(P,R,Y):  45.0,  0.0,  0.0 | Act(P,R,Y):  43.5, -1.5, -1.9
[G10-W04] t=1.40s | Des(P,R,Y):  45.0,  0.0,  0.0 | Act(P,R,Y):  53.7,  8.7,  7.9
[G10-W06] t=1.60s | Des(P,R,Y):  45.0,  0.0,  0.0 | Act(P,R,Y):  47.4, -2.2, -3.7
[G10-W03] t=1.60s | Des(P,R,Y):  45.0,  0.0,  0.0 | Act(P,R,Y):  47.2, -1.2, -1.8
[G10-W02] t=1.40s | Des(P,R,Y):  45.0,  0.0,  0.0 | Act(P,R,Y):  39.9, -0.9, -1.4
[G10-W06] t=1.80s | Des(P,R,Y):  45.0,  0.0,  0.0 | Act(P,R,Y):  50.6,  2.2,  1.1
[G10-W03] t=1.80s | Des(P,R,Y):  45.0,  0.0,  0.0 | Act(P,R,Y):  49.4, -0.5, -1.2
[G10-W04] t=1.60s | Des(P,R,Y):  45.0,  0.0,  0.0 | Act(P,R,Y):  42.0, -8.0,-12.5
[G10-W05] t=1.00s | Des(P,R,Y):  45.0,  0.0,  0.0 | Act(P,R,Y):   0.4, -0.4, -0.9
[G10-W01] t=1.00s | Des(P,R,Y):  45.0,  0.0,  0.0 | Act(P,R,Y):   0.5, -0.2, -0.2
[G10-W06] t=2.00s | Des(P,R,Y):   0.0,  0.0,  0.0 | Act(P,R,Y):  45.1,  1.0, -0.9
[G10-W03] t=2.00s | Des(P,R,Y):   0.0,  0.0,  0.0 | Act(P,R,Y):  46.0,  1.0,  0.2
[G10-W02] t=1.60s | Des(P,R,Y):  45.0,  0.0,  0.0 | Act(P,R,Y):  45.2, -0.6, -1.3
[G10-W04] t=1.80s | Des(P,R,Y):  45.0,  0.0,  0.0 | Act(P,R,Y):  55.4,  2.7,  8.5
[G10-W03] t=2.20s | Des(P,R,Y):   0.0,  0.0,  0.0 | Act(P,R,Y):  20.1,  1.8,  0.7
[G10-W06] t=2.20s | Des(P,R,Y):   0.0,  0.0,  0.0 | Act(P,R,Y):   2.2,  7.7,  5.9
[G10-W05] t=1.20s | Des(P,R,Y):  45.0,  0.0,  0.0 | Act(P,R,Y):  10.7, -1.1, -1.7
[G10-W01] t=1.20s | Des(P,R,Y):  45.0,  0.0,  0.0 | Act(P,R,Y):   9.0, -1.0, -1.0
[G10-W03] t=2.40s | Des(P,R,Y):   0.0,  0.0,  0.0 | Act(P,R,Y):   7.0,  0.6, -0.3
[G10-W06] t=2.40s | Des(P,R,Y):   0.0,  0.0,  0.0 | Act(P,R,Y):  -6.1, -3.9, -5.0
[G10-W02] t=1.80s | Des(P,R,Y):  45.0,  0.0,  0.0 | Act(P,R,Y):  47.9, -0.2, -1.0
[G10-W04] t=2.00s | Des(P,R,Y):   0.0,  0.0,  0.0 | Act(P,R,Y):  46.3,  7.1, -5.6
[G10-W03] t=2.60s | Des(P,R,Y):   0.0,  0.0,  0.0 | Act(P,R,Y):   2.2,  0.4, -0.5
[G10-W05] t=1.40s | Des(P,R,Y):  45.0,  0.0,  0.0 | Act(P,R,Y):  19.6, -1.3, -2.1
[G10-W06] t=2.60s | Des(P,R,Y):   0.0,  0.0,  0.0 | Act(P,R,Y):   8.2,  3.0,  2.8
[G10-W04] t=2.20s | Des(P,R,Y):   0.0,  0.0,  0.0 | Act(P,R,Y): -10.0,-19.5,-12.7
[G10-W01] t=1.40s | Des(P,R,Y):  45.0,  0.0,  0.0 | Act(P,R,Y):  16.7, -1.2, -1.4
[G10-W02] t=2.00s | Des(P,R,Y):   0.0,  0.0,  0.0 | Act(P,R,Y):  45.3,  0.9, -0.1
[G10-W03] t=2.80s | Des(P,R,Y):   0.0,  0.0,  0.0 | Act(P,R,Y):  -0.5,  0.2, -0.7
[G10-W06] t=2.80s | Des(P,R,Y):   0.0,  0.0,  0.0 | Act(P,R,Y):  -1.4, -3.2, -4.8
[G10-W02] t=2.20s | Des(P,R,Y):   0.0,  0.0,  0.0 | Act(P,R,Y):  20.9,  0.3, -0.3
[G10-W04] t=2.40s | Des(P,R,Y):   0.0,  0.0,  0.0 | Act(P,R,Y): -13.2,  6.7, 24.5
[G10-W05] t=1.60s | Des(P,R,Y):  45.0,  0.0,  0.0 | Act(P,R,Y):  27.3, -0.9, -2.0
[G10-W06] t=3.00s | Des(P,R,Y):   0.0, 35.0,  0.0 | Act(P,R,Y):   6.1, 10.7,  0.4
[G10-W03] t=3.00s | Des(P,R,Y):   0.0, 35.0,  0.0 | Act(P,R,Y):  -1.3,  6.1, -0.9
[G10-W01] t=1.60s | Des(P,R,Y):  45.0,  0.0,  0.0 | Act(P,R,Y):  23.5, -1.2, -1.5
[G10-W02] t=2.40s | Des(P,R,Y):   0.0,  0.0,  0.0 | Act(P,R,Y):   9.8,  0.2, -0.4
[G10-W04] t=2.60s | Des(P,R,Y):   0.0,  0.0,  0.0 | Act(P,R,Y):  34.4, 26.4, -1.0
[G10-W06] t=3.20s | Des(P,R,Y):   0.0, 35.0,  0.0 | Act(P,R,Y):  -7.6, 36.1, -4.6
[G10-W03] t=3.20s | Des(P,R,Y):   0.0, 35.0,  0.0 | Act(P,R,Y):  -2.7, 25.8, -1.5
[G10-W04] t=2.80s | Des(P,R,Y):   0.0,  0.0,  0.0 | Act(P,R,Y):  -4.6,-11.4,-11.1
[G10-W05] t=1.80s | Des(P,R,Y):  45.0,  0.0,  0.0 | Act(P,R,Y):  34.0, -0.1, -1.6
[G10-W02] t=2.60s | Des(P,R,Y):   0.0,  0.0,  0.0 | Act(P,R,Y):   4.1,  0.0, -0.7
[G10-W01] t=1.80s | Des(P,R,Y):  45.0,  0.0,  0.0 | Act(P,R,Y):  29.7, -0.6, -1.3
[G10-W06] t=3.40s | Des(P,R,Y):   0.0, 35.0,  0.0 | Act(P,R,Y):   2.3, 36.9,  0.5
[G10-W04] t=3.00s | Des(P,R,Y):   0.0, 35.0,  0.0 | Act(P,R,Y):  -6.2,  1.3, 12.9
[G10-W03] t=3.40s | Des(P,R,Y):   0.0, 35.0,  0.0 | Act(P,R,Y):  -2.0, 33.8, -1.2
[G10-W02] t=2.80s | Des(P,R,Y):   0.0,  0.0,  0.0 | Act(P,R,Y):   1.1,  0.0, -0.7
[G10-W05] t=2.00s | Des(P,R,Y):   0.0,  0.0,  0.0 | Act(P,R,Y):  36.5,  0.6, -1.1
[G10-W06] t=3.60s | Des(P,R,Y):   0.0, 35.0,  0.0 | Act(P,R,Y):  -0.2, 37.4, -0.6
[G10-W04] t=3.20s | Des(P,R,Y):   0.0, 35.0,  0.0 | Act(P,R,Y):   7.1, 45.2,-20.0
[G10-W01] t=2.00s | Des(P,R,Y):   0.0,  0.0,  0.0 | Act(P,R,Y):  32.9,  0.2, -0.9
[G10-W03] t=3.60s | Des(P,R,Y):   0.0, 35.0,  0.0 | Act(P,R,Y):  -0.8, 36.6, -0.7
[G10-W06] t=3.80s | Des(P,R,Y):   0.0, 35.0,  0.0 | Act(P,R,Y):   0.0, 35.0, -1.9
[G10-W02] t=3.00s | Des(P,R,Y):   0.0, 35.0,  0.0 | Act(P,R,Y):  -0.2,  4.8, -1.0
[G10-W05] t=2.20s | Des(P,R,Y):   0.0,  0.0,  0.0 | Act(P,R,Y):  28.3,  0.6, -1.1
[G10-W04] t=3.40s | Des(P,R,Y):   0.0, 35.0,  0.0 | Act(P,R,Y): -12.0, 25.2,  5.9
[G10-W03] t=3.80s | Des(P,R,Y):   0.0, 35.0,  0.0 | Act(P,R,Y):  -0.2, 37.2, -0.6
[G10-W06] t=4.00s | Des(P,R,Y):   0.0,  0.0,  0.0 | Act(P,R,Y):   5.7, 27.8,  1.3
[G10-W01] t=2.20s | Des(P,R,Y):   0.0,  0.0,  0.0 | Act(P,R,Y):  26.7,  0.4, -0.8
[G10-W02] t=3.20s | Des(P,R,Y):   0.0, 35.0,  0.0 | Act(P,R,Y):  -1.4, 22.3, -1.2
[G10-W04] t=3.60s | Des(P,R,Y):   0.0, 35.0,  0.0 | Act(P,R,Y):   5.9, 39.6, -3.2
[G10-W03] t=4.00s | Des(P,R,Y):   0.0,  0.0,  0.0 | Act(P,R,Y):   1.5, 32.3,  0.3
[G10-W06] t=4.20s | Des(P,R,Y):   0.0,  0.0,  0.0 | Act(P,R,Y):   2.5, -0.8,  0.9
[G10-W05] t=2.40s | Des(P,R,Y):   0.0,  0.0,  0.0 | Act(P,R,Y):  21.9,  0.5, -1.1
[G10-W02] t=3.40s | Des(P,R,Y):   0.0, 35.0,  0.0 | Act(P,R,Y):  -0.9, 30.7, -1.1
[G10-W04] t=3.80s | Des(P,R,Y):   0.0, 35.0,  0.0 | Act(P,R,Y):   9.3, 32.4, -1.9
[G10-W03] t=4.20s | Des(P,R,Y):   0.0,  0.0,  0.0 | Act(P,R,Y):   2.4, 13.4,  0.5
[G10-W01] t=2.40s | Des(P,R,Y):   0.0,  0.0,  0.0 | Act(P,R,Y):  21.7,  0.4, -0.7
[G10-W06] t=4.40s | Des(P,R,Y):   0.0,  0.0,  0.0 | Act(P,R,Y):  -0.8, -2.4, -1.9
[G10-W03] t=4.40s | Des(P,R,Y):   0.0,  0.0,  0.0 | Act(P,R,Y):   1.0,  4.1,  0.1
[G10-W04] t=4.00s | Des(P,R,Y):   0.0,  0.0,  0.0 | Act(P,R,Y):  -4.9, 31.8,  7.8
[G10-W02] t=3.60s | Des(P,R,Y):   0.0, 35.0,  0.0 | Act(P,R,Y):  -0.2, 34.6, -0.8
[G10-W05] t=2.60s | Des(P,R,Y):   0.0,  0.0,  0.0 | Act(P,R,Y):  16.5,  0.1, -1.1
[G10-W06] t=4.60s | Des(P,R,Y):   0.0,  0.0,  0.0 | Act(P,R,Y):  -1.4,  1.1,  0.2
[G10-W04] t=4.20s | Des(P,R,Y):   0.0,  0.0,  0.0 | Act(P,R,Y):  13.4, -6.7,  1.1
[G10-W01] t=2.60s | Des(P,R,Y):   0.0,  0.0,  0.0 | Act(P,R,Y):  17.2,  0.2, -0.8
[G10-W03] t=4.60s | Des(P,R,Y):   0.0,  0.0,  0.0 | Act(P,R,Y):  -0.2,  0.6, -0.3
[G10-W02] t=3.80s | Des(P,R,Y):   0.0, 35.0,  0.0 | Act(P,R,Y):   0.1, 36.0, -0.8
[G10-W06] t=4.80s | Des(P,R,Y):   0.0,  0.0,  0.0 | Act(P,R,Y):  -1.5, -1.8, -2.5
[G10-W04] t=4.40s | Des(P,R,Y):   0.0,  0.0,  0.0 | Act(P,R,Y):   3.8, -1.4, -1.2
[G10-W05] t=2.80s | Des(P,R,Y):   0.0,  0.0,  0.0 | Act(P,R,Y):  12.0, -0.2, -1.3
[G10-W03] t=4.80s | Des(P,R,Y):   0.0,  0.0,  0.0 | Act(P,R,Y):  -1.1, -0.5, -0.4
[G10-W02] t=4.00s | Des(P,R,Y):   0.0,  0.0,  0.0 | Act(P,R,Y):   1.2, 32.3, -0.2
[G10-W06] t=5.00s | Des(P,R,Y):   0.0,  0.0, 50.0 | Act(P,R,Y):   1.1, -4.7,  0.2
[G10-W01] t=2.80s | Des(P,R,Y):   0.0,  0.0,  0.0 | Act(P,R,Y):  13.3, -0.0, -0.9
[G10-W04] t=4.60s | Des(P,R,Y):   0.0,  0.0,  0.0 | Act(P,R,Y):  -7.1,  4.8,  5.5
[G10-W03] t=5.00s | Des(P,R,Y):   0.0,  0.0, 50.0 | Act(P,R,Y):  -3.2, -5.8,  0.3
[G10-W02] t=4.20s | Des(P,R,Y):   0.0,  0.0,  0.0 | Act(P,R,Y):   1.5, 15.5, -0.1
[G10-W06] t=5.20s | Des(P,R,Y):   0.0,  0.0, 50.0 | Act(P,R,Y): -22.8,-36.8, 23.5
[G10-W05] t=3.00s | Des(P,R,Y):   0.0, 35.0,  0.0 | Act(P,R,Y):   8.5,  1.6, -1.5
[G10-W04] t=4.80s | Des(P,R,Y):   0.0,  0.0,  0.0 | Act(P,R,Y):   0.9, -0.1, -5.0
[G10-W03] t=5.20s | Des(P,R,Y):   0.0,  0.0, 50.0 | Act(P,R,Y):  -5.5,-10.6, 23.0
[G10-W02] t=4.40s | Des(P,R,Y):   0.0,  0.0,  0.0 | Act(P,R,Y):   0.9,  6.9, -0.3
[G10-W01] t=3.00s | Des(P,R,Y):   0.0, 35.0,  0.0 | Act(P,R,Y):  10.0,  1.5, -1.1
[G10-W06] t=5.40s | Des(P,R,Y):   0.0,  0.0, 50.0 | Act(P,R,Y):  -1.5,-32.5, 10.2
[G10-W05] t=3.20s | Des(P,R,Y):   0.0, 35.0,  0.0 | Act(P,R,Y):   5.6,  9.6, -2.0
[G10-W04] t=5.00s | Des(P,R,Y):   0.0,  0.0, 50.0 | Act(P,R,Y):   0.3, -9.7,  2.9
[G10-W03] t=5.40s | Des(P,R,Y):   0.0,  0.0, 50.0 | Act(P,R,Y):  -6.9,-12.3, 10.9
[G10-W02] t=4.60s | Des(P,R,Y):   0.0,  0.0,  0.0 | Act(P,R,Y):   0.6,  3.1, -0.1
[G10-W06] t=5.60s | Des(P,R,Y):   0.0,  0.0, 50.0 | Act(P,R,Y):  -3.8,-31.8, 10.6
[G10-W04] t=5.20s | Des(P,R,Y):   0.0,  0.0, 50.0 | Act(P,R,Y): -21.8,-35.9, 23.2
[G10-W01] t=3.20s | Des(P,R,Y):   0.0, 35.0,  0.0 | Act(P,R,Y):   7.4,  8.4, -1.4
[G10-W03] t=5.60s | Des(P,R,Y):   0.0,  0.0, 50.0 | Act(P,R,Y):  -5.9, -9.3, 10.7
[G10-W05] t=3.40s | Des(P,R,Y):   0.0, 35.0,  0.0 | Act(P,R,Y):   3.6, 15.6, -2.5
[G10-W02] t=4.80s | Des(P,R,Y):   0.0,  0.0,  0.0 | Act(P,R,Y):  -0.4,  0.8, -0.6
[G10-W06] t=5.80s | Des(P,R,Y):   0.0,  0.0, 50.0 | Act(P,R,Y):  -1.9,-34.2, 20.7
[G10-W04] t=5.40s | Des(P,R,Y):   0.0,  0.0, 50.0 | Act(P,R,Y):   3.2,-31.4, 10.2
[G10-W03] t=5.80s | Des(P,R,Y):   0.0,  0.0, 50.0 | Act(P,R,Y):  -2.2,-10.3, 20.8
[G10-W04] t=5.60s | Des(P,R,Y):   0.0,  0.0, 50.0 | Act(P,R,Y):  -1.8,-29.9, 10.6
[G10-W01] t=3.40s | Des(P,R,Y):   0.0, 35.0,  0.0 | Act(P,R,Y):   5.3, 13.9, -1.8
[G10-W06] t=6.00s | Des(P,R,Y):   0.0,  0.0,  0.0 | Act(P,R,Y):   9.1,-27.1, 35.8
[Fixation Controller] Initialized 3-DOF Virtual Work tracking for Eyes.
Eval SUCCESS: G10-W06 | Kp=162.68, Ki=30.38, Kd=7.54 => Score=43.4
[G10-W02] t=5.00s | Des(P,R,Y):   0.0,  0.0, 50.0 | Act(P,R,Y):  -2.2, -3.4,  0.3
[G10-W05] t=3.60s | Des(P,R,Y):   0.0, 35.0,  0.0 | Act(P,R,Y):   2.8, 20.9, -2.5
[G10-W03] t=6.00s | Des(P,R,Y):   0.0,  0.0,  0.0 | Act(P,R,Y):   6.7,-12.8, 36.1
[Fixation Controller] Initialized 3-DOF Virtual Work tracking for Eyes.
Eval SUCCESS: G10-W03 | Kp=139.40, Ki=62.37, Kd=27.68 => Score=34.1
[G10-W04] t=5.80s | Des(P,R,Y):   0.0,  0.0, 50.0 | Act(P,R,Y):  -6.0,-34.9, 20.8
[G10-W02] t=5.20s | Des(P,R,Y):   0.0,  0.0, 50.0 | Act(P,R,Y):  -2.7, -5.1, 22.4
[G10-W01] t=3.60s | Des(P,R,Y):   0.0, 35.0,  0.0 | Act(P,R,Y):   4.0, 18.6, -1.9
[G10-W05] t=3.80s | Des(P,R,Y):   0.0, 35.0,  0.0 | Act(P,R,Y):   3.0, 25.2, -2.1
[G10-W04] t=6.00s | Des(P,R,Y):   0.0,  0.0,  0.0 | Act(P,R,Y):   8.8,-25.8, 35.7
[Fixation Controller] Initialized 3-DOF Virtual Work tracking for Eyes.
Eval SUCCESS: G10-W04 | Kp=174.87, Ki=44.44, Kd=2.28 => Score=69.6
[G10-W02] t=5.40s | Des(P,R,Y):   0.0,  0.0, 50.0 | Act(P,R,Y):  -5.2, -8.8, 10.9
[G10-W02] t=5.60s | Des(P,R,Y):   0.0,  0.0, 50.0 | Act(P,R,Y):  -4.2, -7.5, 10.8
[G10-W05] t=4.00s | Des(P,R,Y):   0.0,  0.0,  0.0 | Act(P,R,Y):   3.4, 26.6, -1.6
[G10-W01] t=3.80s | Des(P,R,Y):   0.0, 35.0,  0.0 | Act(P,R,Y):   3.5, 22.6, -1.7
[G10-W02] t=5.80s | Des(P,R,Y):   0.0,  0.0, 50.0 | Act(P,R,Y):  -3.1,-14.2, 20.8
[G10-W05] t=4.20s | Des(P,R,Y):   0.0,  0.0,  0.0 | Act(P,R,Y):   3.7, 21.2, -1.2
[G10-W02] t=6.00s | Des(P,R,Y):   0.0,  0.0,  0.0 | Act(P,R,Y):   6.4,-17.0, 35.7
[Fixation Controller] Initialized 3-DOF Virtual Work tracking for Eyes.
Eval SUCCESS: G10-W02 | Kp=192.01, Ki=51.52, Kd=48.84 => Score=33.7
[G10-W01] t=4.00s | Des(P,R,Y):   0.0,  0.0,  0.0 | Act(P,R,Y):   3.6, 24.4, -1.3
[G10-W05] t=4.40s | Des(P,R,Y):   0.0,  0.0,  0.0 | Act(P,R,Y):   3.6, 16.8, -0.9
[G10-W01] t=4.20s | Des(P,R,Y):   0.0,  0.0,  0.0 | Act(P,R,Y):   4.0, 20.5, -0.8
[G10-W05] t=4.60s | Des(P,R,Y):   0.0,  0.0,  0.0 | Act(P,R,Y):   2.7, 12.6, -1.1
[G10-W01] t=4.40s | Des(P,R,Y):   0.0,  0.0,  0.0 | Act(P,R,Y):   3.9, 17.0, -0.4
[G10-W05] t=4.80s | Des(P,R,Y):   0.0,  0.0,  0.0 | Act(P,R,Y):   1.4,  9.1, -1.4
[G10-W01] t=4.60s | Des(P,R,Y):   0.0,  0.0,  0.0 | Act(P,R,Y):   3.2, 13.6, -0.4
[G10-W05] t=5.00s | Des(P,R,Y):   0.0,  0.0, 50.0 | Act(P,R,Y):  -1.0,  4.6, -0.7
[G10-W01] t=4.80s | Des(P,R,Y):   0.0,  0.0,  0.0 | Act(P,R,Y):   1.9, 10.4, -0.8
[G10-W05] t=5.20s | Des(P,R,Y):   0.0,  0.0, 50.0 | Act(P,R,Y):  -1.6,  2.9, 12.0
[G10-W01] t=5.00s | Des(P,R,Y):   0.0,  0.0, 50.0 | Act(P,R,Y):  -0.2,  6.4, -0.2
[G10-W05] t=5.40s | Des(P,R,Y):   0.0,  0.0, 50.0 | Act(P,R,Y):  -3.8, -1.7, 10.6
[G10-W05] t=5.60s | Des(P,R,Y):   0.0,  0.0, 50.0 | Act(P,R,Y):  -5.1, -4.6, 10.9
[G10-W01] t=5.20s | Des(P,R,Y):   0.0,  0.0, 50.0 | Act(P,R,Y):  -1.0,  4.6, 10.6
[G10-W05] t=5.80s | Des(P,R,Y):   0.0,  0.0, 50.0 | Act(P,R,Y):  -2.8, -3.0, 20.9
[G10-W01] t=5.40s | Des(P,R,Y):   0.0,  0.0, 50.0 | Act(P,R,Y):  -3.0,  1.2, 10.7
[G10-W05] t=6.00s | Des(P,R,Y):   0.0,  0.0,  0.0 | Act(P,R,Y):   2.6,  2.0, 29.5
[Fixation Controller] Initialized 3-DOF Virtual Work tracking for Eyes.
Eval SUCCESS: G10-W05 | Kp=121.79, Ki=7.72, Kd=90.47 => Score=48.8
[G10-W01] t=5.60s | Des(P,R,Y):   0.0,  0.0, 50.0 | Act(P,R,Y):  -3.9, -1.8, 10.9
[G10-W01] t=5.80s | Des(P,R,Y):   0.0,  0.0, 50.0 | Act(P,R,Y):  -1.8, -0.2, 20.6
[G10-W01] t=6.00s | Des(P,R,Y):   0.0,  0.0,  0.0 | Act(P,R,Y):   1.2,  2.2, 26.7
[Fixation Controller] Initialized 3-DOF Virtual Work tracking for Eyes.
Eval SUCCESS: G10-W01 | Kp=154.24, Ki=12.92, Kd=133.86 => Score=50.0
   10     60 3.374828604290377e+01 1.6e+00 5.26e+01  5e+01  7e+01 38:58.3  
Gen 10: Best Error = 33.75 | Kp=192.01, Ki=51.52, Kd=48.84

--- Generation 11 ---
Found simbody-visualizer, setting SIMBODY_HOME env var to  C:\Users\User\miniforge3\envs\opensim_env\Lib\opensimFound simbody-visualizer, setting SIMBODY_HOME env var to  C:\Users\User\miniforge3\envs\opensim_env\Lib\opensim
Found simbody-visualizer, setting SIMBODY_HOME env var to  C:\Users\User\miniforge3\envs\opensim_env\Lib\opensim

Found simbody-visualizer, setting SIMBODY_HOME env var to  C:\Users\User\miniforge3\envs\opensim_env\Lib\opensim
Found simbody-visualizer, setting SIMBODY_HOME env var to  C:\Users\User\miniforge3\envs\opensim_env\Lib\opensim
Found simbody-visualizer, setting SIMBODY_HOME env var to  C:\Users\User\miniforge3\envs\opensim_env\Lib\opensim
[G11-W01] t=0.20s | Des(P,R,Y):   0.0,  0.0,  0.0 | Act(P,R,Y):  -0.1,  0.5, -0.3
[G11-W03] t=0.20s | Des(P,R,Y):   0.0,  0.0,  0.0 | Act(P,R,Y):  -0.2,  0.4, -0.4
[G11-W06] t=0.20s | Des(P,R,Y):   0.0,  0.0,  0.0 | Act(P,R,Y):  -5.0,  2.4, -2.2
[G11-W05] t=0.20s | Des(P,R,Y):   0.0,  0.0,  0.0 | Act(P,R,Y):   0.9,  2.0,  1.5
[G11-W02] t=0.20s | Des(P,R,Y):   0.0,  0.0,  0.0 | Act(P,R,Y):   1.0,  1.5,  0.8
[G11-W04] t=0.20s | Des(P,R,Y):   0.0,  0.0,  0.0 | Act(P,R,Y):   0.6,  1.6,  0.8
[G11-W06] t=0.40s | Des(P,R,Y):   0.0,  0.0,  0.0 | Act(P,R,Y):  11.2, -0.1,  0.5
[G11-W01] t=0.40s | Des(P,R,Y):   0.0,  0.0,  0.0 | Act(P,R,Y):  -1.0, -0.3, -1.2
[G11-W03] t=0.40s | Des(P,R,Y):   0.0,  0.0,  0.0 | Act(P,R,Y):  -1.2, -0.4, -1.3
[G11-W02] t=0.40s | Des(P,R,Y):   0.0,  0.0,  0.0 | Act(P,R,Y):  -0.6,  0.4, -0.4
[G11-W05] t=0.40s | Des(P,R,Y):   0.0,  0.0,  0.0 | Act(P,R,Y):  -0.0,  1.2,  0.7
[G11-W04] t=0.40s | Des(P,R,Y):   0.0,  0.0,  0.0 | Act(P,R,Y):  -0.6,  0.2, -0.2
[G11-W06] t=0.60s | Des(P,R,Y):   0.0,  0.0,  0.0 | Act(P,R,Y):   8.2,  8.3, -0.5
[G11-W03] t=0.60s | Des(P,R,Y):   0.0,  0.0,  0.0 | Act(P,R,Y):  -1.0, -0.4, -1.1
[G11-W01] t=0.60s | Des(P,R,Y):   0.0,  0.0,  0.0 | Act(P,R,Y):  -0.9, -0.4, -1.1
[G11-W06] t=0.80s | Des(P,R,Y):   0.0,  0.0,  0.0 | Act(P,R,Y): -17.6,-14.9, -0.6
[G11-W02] t=0.60s | Des(P,R,Y):   0.0,  0.0,  0.0 | Act(P,R,Y):  -1.1, -0.2, -0.7
[G11-W03] t=0.80s | Des(P,R,Y):   0.0,  0.0,  0.0 | Act(P,R,Y):  -0.9, -0.4, -1.0
[G11-W01] t=0.80s | Des(P,R,Y):   0.0,  0.0,  0.0 | Act(P,R,Y):  -0.8, -0.3, -1.1
[G11-W04] t=0.60s | Des(P,R,Y):   0.0,  0.0,  0.0 | Act(P,R,Y):  -1.0, -0.3, -0.4
[G11-W05] t=0.60s | Des(P,R,Y):   0.0,  0.0,  0.0 | Act(P,R,Y):  -0.5,  0.5,  0.3
[G11-W06] t=1.00s | Des(P,R,Y):  45.0,  0.0,  0.0 | Act(P,R,Y):  26.1, 16.4,  1.8
[G11-W03] t=1.00s | Des(P,R,Y):  45.0,  0.0,  0.0 | Act(P,R,Y):   7.8, -0.1, -1.2
[G11-W01] t=1.00s | Des(P,R,Y):  45.0,  0.0,  0.0 | Act(P,R,Y):   7.6, -0.1, -1.3
[G11-W02] t=0.80s | Des(P,R,Y):   0.0,  0.0,  0.0 | Act(P,R,Y):  -1.5, -0.4, -1.1
[G11-W06] t=1.20s | Des(P,R,Y):  45.0,  0.0,  0.0 | Act(P,R,Y):  41.2,-28.2,-22.5
[G11-W04] t=0.80s | Des(P,R,Y):   0.0,  0.0,  0.0 | Act(P,R,Y):  -1.3, -0.5, -0.7
[G11-W03] t=1.20s | Des(P,R,Y):  45.0,  0.0,  0.0 | Act(P,R,Y):  36.3, -0.4, -0.9
[G11-W05] t=0.80s | Des(P,R,Y):   0.0,  0.0,  0.0 | Act(P,R,Y):  -1.3, -0.1, -0.2
[G11-W01] t=1.20s | Des(P,R,Y):  45.0,  0.0,  0.0 | Act(P,R,Y):  34.9, -0.4, -1.0
[G11-W03] t=1.40s | Des(P,R,Y):  45.0,  0.0,  0.0 | Act(P,R,Y):  43.4, -1.1, -1.3
[G11-W06] t=1.40s | Des(P,R,Y):  45.0,  0.0,  0.0 | Act(P,R,Y):  48.1,-15.4, 11.5
[G11-W02] t=1.00s | Des(P,R,Y):  45.0,  0.0,  0.0 | Act(P,R,Y):   1.8, -0.9, -1.7
[G11-W01] t=1.40s | Des(P,R,Y):  45.0,  0.0,  0.0 | Act(P,R,Y):  41.5, -0.9, -1.4
[G11-W03] t=1.60s | Des(P,R,Y):  45.0,  0.0,  0.0 | Act(P,R,Y):  46.8, -0.8, -1.3
[G11-W04] t=1.00s | Des(P,R,Y):  45.0,  0.0,  0.0 | Act(P,R,Y):   3.5, -1.0, -1.1
[G11-W05] t=1.00s | Des(P,R,Y):  45.0,  0.0,  0.0 | Act(P,R,Y):   1.5, -0.9, -0.8
[G11-W03] t=1.80s | Des(P,R,Y):  45.0,  0.0,  0.0 | Act(P,R,Y):  48.8, -0.3, -0.8
[G11-W06] t=1.60s | Des(P,R,Y):  45.0,  0.0,  0.0 | Act(P,R,Y):  48.4, 11.1, -9.5
[G11-W01] t=1.60s | Des(P,R,Y):  45.0,  0.0,  0.0 | Act(P,R,Y):  44.7, -0.7, -1.4
[G11-W04] t=1.20s | Des(P,R,Y):  45.0,  0.0,  0.0 | Act(P,R,Y):  26.6, -0.4, -1.0
[G11-W02] t=1.20s | Des(P,R,Y):  45.0,  0.0,  0.0 | Act(P,R,Y):  17.3, -1.2, -2.3
[G11-W01] t=1.80s | Des(P,R,Y):  45.0,  0.0,  0.0 | Act(P,R,Y):  46.6, -0.3, -1.1
[G11-W03] t=2.00s | Des(P,R,Y):   0.0,  0.0,  0.0 | Act(P,R,Y):  45.2,  1.1,  0.4
[G11-W06] t=1.80s | Des(P,R,Y):  45.0,  0.0,  0.0 | Act(P,R,Y):  48.7, -6.4,  8.5
[G11-W01] t=2.00s | Des(P,R,Y):   0.0,  0.0,  0.0 | Act(P,R,Y):  43.0,  1.1, -0.1
[G11-W05] t=1.20s | Des(P,R,Y):  45.0,  0.0,  0.0 | Act(P,R,Y):  15.3, -1.4, -1.5
[G11-W03] t=2.20s | Des(P,R,Y):   0.0,  0.0,  0.0 | Act(P,R,Y):  16.3,  0.7,  0.2
[G11-W04] t=1.40s | Des(P,R,Y):  45.0,  0.0,  0.0 | Act(P,R,Y):  36.7, -0.8, -1.1
[G11-W02] t=1.40s | Des(P,R,Y):  45.0,  0.0,  0.0 | Act(P,R,Y):  29.3, -0.9, -2.2
[G11-W01] t=2.20s | Des(P,R,Y):   0.0,  0.0,  0.0 | Act(P,R,Y):  14.5,  0.3, -0.5
[G11-W03] t=2.40s | Des(P,R,Y):   0.0,  0.0,  0.0 | Act(P,R,Y):   5.5,  0.3, -0.4
[G11-W06] t=2.00s | Des(P,R,Y):   0.0,  0.0,  0.0 | Act(P,R,Y):  49.0, 15.2, -1.1
[G11-W05] t=1.40s | Des(P,R,Y):  45.0,  0.0,  0.0 | Act(P,R,Y):  26.5, -1.4, -1.6
[G11-W01] t=2.40s | Des(P,R,Y):   0.0,  0.0,  0.0 | Act(P,R,Y):   5.5,  0.1, -0.9
[G11-W04] t=1.60s | Des(P,R,Y):  45.0,  0.0,  0.0 | Act(P,R,Y):  42.6, -0.4, -1.0
[G11-W06] t=2.20s | Des(P,R,Y):   0.0,  0.0,  0.0 | Act(P,R,Y):  -2.2,-20.9,-17.3
[G11-W02] t=1.60s | Des(P,R,Y):  45.0,  0.0,  0.0 | Act(P,R,Y):  38.1, -0.2, -1.9
[G11-W03] t=2.60s | Des(P,R,Y):   0.0,  0.0,  0.0 | Act(P,R,Y):   1.6,  0.5, -0.2
[G11-W01] t=2.60s | Des(P,R,Y):   0.0,  0.0,  0.0 | Act(P,R,Y):   2.4,  0.3, -0.8
[G11-W06] t=2.40s | Des(P,R,Y):   0.0,  0.0,  0.0 | Act(P,R,Y):  -9.4,-13.7, 32.3
[G11-W03] t=2.80s | Des(P,R,Y):   0.0,  0.0,  0.0 | Act(P,R,Y):  -0.4,  0.2, -0.5
[G11-W05] t=1.60s | Des(P,R,Y):  45.0,  0.0,  0.0 | Act(P,R,Y):  35.1, -0.9, -1.5
[G11-W04] t=1.80s | Des(P,R,Y):  45.0,  0.0,  0.0 | Act(P,R,Y):  45.8, -0.0, -0.8
[G11-W02] t=1.80s | Des(P,R,Y):  45.0,  0.0,  0.0 | Act(P,R,Y):  44.0,  0.3, -1.6
[G11-W01] t=2.80s | Des(P,R,Y):   0.0,  0.0,  0.0 | Act(P,R,Y):   0.8,  0.0, -1.0
[G11-W06] t=2.60s | Des(P,R,Y):   0.0,  0.0,  0.0 | Act(P,R,Y):  27.7, 36.6, 16.2
[G11-W03] t=3.00s | Des(P,R,Y):   0.0, 35.0,  0.0 | Act(P,R,Y):  -1.1,  6.2, -0.7
[G11-W05] t=1.80s | Des(P,R,Y):  45.0,  0.0,  0.0 | Act(P,R,Y):  41.7, -0.3, -1.1
[G11-W04] t=2.00s | Des(P,R,Y):   0.0,  0.0,  0.0 | Act(P,R,Y):  44.0,  0.9, -0.0
[G11-W02] t=2.00s | Des(P,R,Y):   0.0,  0.0,  0.0 | Act(P,R,Y):  44.1,  0.9, -1.0
[G11-W06] t=2.80s | Des(P,R,Y):   0.0,  0.0,  0.0 | Act(P,R,Y):  -3.8, 11.8,-16.6
[G11-W01] t=3.00s | Des(P,R,Y):   0.0, 35.0,  0.0 | Act(P,R,Y):   0.4,  6.2, -1.2
[G11-W03] t=3.20s | Des(P,R,Y):   0.0, 35.0,  0.0 | Act(P,R,Y):  -2.0, 27.0, -1.0
[G11-W04] t=2.20s | Des(P,R,Y):   0.0,  0.0,  0.0 | Act(P,R,Y):  22.0,  0.2, -0.3
[G11-W06] t=3.00s | Des(P,R,Y):   0.0, 35.0,  0.0 | Act(P,R,Y):   0.2, -5.1, 18.6
[G11-W01] t=3.20s | Des(P,R,Y):   0.0, 35.0,  0.0 | Act(P,R,Y):  -0.5, 25.9, -1.5
[G11-W02] t=2.20s | Des(P,R,Y):   0.0,  0.0,  0.0 | Act(P,R,Y):  30.0,  0.5, -1.0
[G11-W05] t=2.00s | Des(P,R,Y):   0.0,  0.0,  0.0 | Act(P,R,Y):  43.0,  0.5, -0.5
[G11-W03] t=3.40s | Des(P,R,Y):   0.0, 35.0,  0.0 | Act(P,R,Y):  -1.3, 34.0, -0.8
[G11-W06] t=3.20s | Des(P,R,Y):   0.0, 35.0,  0.0 | Act(P,R,Y):  17.9, 46.4,-19.9
[G11-W01] t=3.40s | Des(P,R,Y):   0.0, 35.0,  0.0 | Act(P,R,Y):   0.1, 32.5, -1.4
[G11-W03] t=3.60s | Des(P,R,Y):   0.0, 35.0,  0.0 | Act(P,R,Y):  -0.8, 36.2, -0.7
[G11-W04] t=2.40s | Des(P,R,Y):   0.0,  0.0,  0.0 | Act(P,R,Y):  11.1,  0.1, -0.4
[G11-W02] t=2.40s | Des(P,R,Y):   0.0,  0.0,  0.0 | Act(P,R,Y):  20.1,  0.1, -1.0
[G11-W05] t=2.20s | Des(P,R,Y):   0.0,  0.0,  0.0 | Act(P,R,Y):  30.7,  0.3, -0.6
[G11-W06] t=3.40s | Des(P,R,Y):   0.0, 35.0,  0.0 | Act(P,R,Y): -27.8, 29.9, -7.8
[G11-W01] t=3.60s | Des(P,R,Y):   0.0, 35.0,  0.0 | Act(P,R,Y):   0.6, 34.4, -1.3
[G11-W03] t=3.80s | Des(P,R,Y):   0.0, 35.0,  0.0 | Act(P,R,Y):  -0.1, 37.1, -0.4
[G11-W02] t=2.60s | Des(P,R,Y):   0.0,  0.0,  0.0 | Act(P,R,Y):  13.0, -0.3, -1.2
[G11-W06] t=3.60s | Des(P,R,Y):   0.0, 35.0,  0.0 | Act(P,R,Y):   6.7, 39.8, -1.3
[G11-W04] t=2.60s | Des(P,R,Y):   0.0,  0.0,  0.0 | Act(P,R,Y):   5.4, -0.1, -0.4
[G11-W01] t=3.80s | Des(P,R,Y):   0.0, 35.0,  0.0 | Act(P,R,Y):   1.2, 35.2, -1.1
[G11-W05] t=2.40s | Des(P,R,Y):   0.0,  0.0,  0.0 | Act(P,R,Y):  21.7,  0.2, -0.5
[G11-W03] t=4.00s | Des(P,R,Y):   0.0,  0.0,  0.0 | Act(P,R,Y):   1.4, 31.8,  0.3
[G11-W06] t=3.80s | Des(P,R,Y):   0.0, 35.0,  0.0 | Act(P,R,Y): -10.7, 33.1,  6.3
[G11-W01] t=4.00s | Des(P,R,Y):   0.0,  0.0,  0.0 | Act(P,R,Y):   2.6, 30.0, -0.4
[G11-W02] t=2.80s | Des(P,R,Y):   0.0,  0.0,  0.0 | Act(P,R,Y):   7.8, -0.5, -1.3
[G11-W03] t=4.20s | Des(P,R,Y):   0.0,  0.0,  0.0 | Act(P,R,Y):   1.3, 11.7,  0.2
[G11-W04] t=2.80s | Des(P,R,Y):   0.0,  0.0,  0.0 | Act(P,R,Y):   2.0, -0.3, -0.6
[G11-W05] t=2.60s | Des(P,R,Y):   0.0,  0.0,  0.0 | Act(P,R,Y):  14.8, -0.0, -0.5
[G11-W06] t=4.00s | Des(P,R,Y):   0.0,  0.0,  0.0 | Act(P,R,Y):   9.3, 32.1, -4.4
[G11-W01] t=4.20s | Des(P,R,Y):   0.0,  0.0,  0.0 | Act(P,R,Y):   2.2, 10.6, -0.6
[G11-W03] t=4.40s | Des(P,R,Y):   0.0,  0.0,  0.0 | Act(P,R,Y):   0.5,  3.3, -0.1
[G11-W02] t=3.00s | Des(P,R,Y):   0.0, 35.0,  0.0 | Act(P,R,Y):   4.2,  2.0, -1.6
[G11-W01] t=4.40s | Des(P,R,Y):   0.0,  0.0,  0.0 | Act(P,R,Y):   1.7,  3.3, -0.9
[G11-W06] t=4.20s | Des(P,R,Y):   0.0,  0.0,  0.0 | Act(P,R,Y):  13.5,  1.5, 16.1
[G11-W04] t=3.00s | Des(P,R,Y):   0.0, 35.0,  0.0 | Act(P,R,Y):   0.0,  3.4, -1.0
[G11-W03] t=4.60s | Des(P,R,Y):   0.0,  0.0,  0.0 | Act(P,R,Y):  -0.1,  0.6, -0.1
[G11-W05] t=2.80s | Des(P,R,Y):   0.0,  0.0,  0.0 | Act(P,R,Y):   9.5, -0.3, -0.6
[G11-W02] t=3.20s | Des(P,R,Y):   0.0, 35.0,  0.0 | Act(P,R,Y):   1.6, 13.8, -2.0
[G11-W06] t=4.40s | Des(P,R,Y):   0.0,  0.0,  0.0 | Act(P,R,Y):  -9.0,  7.8,-11.5
[G11-W01] t=4.60s | Des(P,R,Y):   0.0,  0.0,  0.0 | Act(P,R,Y):   1.1,  1.2, -0.8
[G11-W03] t=4.80s | Des(P,R,Y):   0.0,  0.0,  0.0 | Act(P,R,Y):  -0.8, -0.5, -0.4
[G11-W04] t=3.20s | Des(P,R,Y):   0.0, 35.0,  0.0 | Act(P,R,Y):  -1.2, 19.3, -1.5
[G11-W06] t=4.60s | Des(P,R,Y):   0.0,  0.0,  0.0 | Act(P,R,Y):   7.5, -4.9,  9.9
[G11-W05] t=3.00s | Des(P,R,Y):   0.0, 35.0,  0.0 | Act(P,R,Y):   5.5,  2.0, -0.8
[G11-W02] t=3.40s | Des(P,R,Y):   0.0, 35.0,  0.0 | Act(P,R,Y):  -0.0, 22.0, -2.5
[G11-W01] t=4.80s | Des(P,R,Y):   0.0,  0.0,  0.0 | Act(P,R,Y):   0.4,  0.3, -1.0
[G11-W03] t=5.00s | Des(P,R,Y):   0.0,  0.0, 50.0 | Act(P,R,Y):  -2.6, -4.7,  0.4
[G11-W04] t=3.40s | Des(P,R,Y):   0.0, 35.0,  0.0 | Act(P,R,Y):  -0.6, 28.4, -1.3
[G11-W06] t=4.80s | Des(P,R,Y):   0.0,  0.0,  0.0 | Act(P,R,Y):  -5.5,  9.1, -9.3
[G11-W05] t=3.20s | Des(P,R,Y):   0.0, 35.0,  0.0 | Act(P,R,Y):   2.5, 12.7, -1.2
[G11-W02] t=3.60s | Des(P,R,Y):   0.0, 35.0,  0.0 | Act(P,R,Y):   1.0, 28.4, -1.7
[G11-W01] t=5.00s | Des(P,R,Y):   0.0,  0.0, 50.0 | Act(P,R,Y):  -1.3, -3.7, -0.3
[G11-W03] t=5.20s | Des(P,R,Y):   0.0,  0.0, 50.0 | Act(P,R,Y):  -4.7, -9.1, 22.9
[G11-W04] t=3.60s | Des(P,R,Y):   0.0, 35.0,  0.0 | Act(P,R,Y):   0.3, 33.3, -0.7
[G11-W06] t=5.00s | Des(P,R,Y):   0.0,  0.0, 50.0 | Act(P,R,Y):  -7.7,-20.6,  4.0
[G11-W01] t=5.20s | Des(P,R,Y):   0.0,  0.0, 50.0 | Act(P,R,Y):  -2.7, -6.8, 22.7
[G11-W02] t=3.80s | Des(P,R,Y):   0.0, 35.0,  0.0 | Act(P,R,Y):   1.1, 32.2, -1.5
[G11-W03] t=5.40s | Des(P,R,Y):   0.0,  0.0, 50.0 | Act(P,R,Y):  -4.7, -8.4, 10.9
[G11-W05] t=3.40s | Des(P,R,Y):   0.0, 35.0,  0.0 | Act(P,R,Y):   0.5, 20.3, -1.6
[G11-W06] t=5.20s | Des(P,R,Y):   0.0,  0.0, 50.0 | Act(P,R,Y): -16.6,-31.3, 22.4
[G11-W04] t=3.80s | Des(P,R,Y):   0.0, 35.0,  0.0 | Act(P,R,Y):   0.6, 35.3, -0.6
[G11-W01] t=5.40s | Des(P,R,Y):   0.0,  0.0, 50.0 | Act(P,R,Y):  -4.0, -8.4, 10.8
[G11-W03] t=5.60s | Des(P,R,Y):   0.0,  0.0, 50.0 | Act(P,R,Y):  -3.3, -6.0, 10.8
[G11-W02] t=4.00s | Des(P,R,Y):   0.0,  0.0,  0.0 | Act(P,R,Y):   1.6, 31.8, -1.1
[G11-W06] t=5.40s | Des(P,R,Y):   0.0,  0.0, 50.0 | Act(P,R,Y):  11.5,-30.0,  9.8
[G11-W03] t=5.80s | Des(P,R,Y):   0.0,  0.0, 50.0 | Act(P,R,Y):  -1.6,-12.5, 20.8
[G11-W04] t=4.00s | Des(P,R,Y):   0.0,  0.0,  0.0 | Act(P,R,Y):   1.4, 32.1, -0.2
[G11-W01] t=5.60s | Des(P,R,Y):   0.0,  0.0, 50.0 | Act(P,R,Y):  -2.7, -6.9, 10.7
[G11-W05] t=3.60s | Des(P,R,Y):   0.0, 35.0,  0.0 | Act(P,R,Y):  -0.2, 26.5, -1.4
[G11-W02] t=4.20s | Des(P,R,Y):   0.0,  0.0,  0.0 | Act(P,R,Y):   1.8, 21.8, -1.1
[G11-W06] t=5.60s | Des(P,R,Y):   0.0,  0.0, 50.0 | Act(P,R,Y): -14.5,-36.4, 10.6
[G11-W01] t=5.80s | Des(P,R,Y):   0.0,  0.0, 50.0 | Act(P,R,Y):  -2.2,-13.7, 20.8
[G11-W03] t=6.00s | Des(P,R,Y):   0.0,  0.0,  0.0 | Act(P,R,Y):   7.6,-15.5, 35.8
[Fixation Controller] Initialized 3-DOF Virtual Work tracking for Eyes.
Eval SUCCESS: G11-W03 | Kp=207.87, Ki=84.31, Kd=39.20 => Score=31.2
[G11-W04] t=4.20s | Des(P,R,Y):   0.0,  0.0,  0.0 | Act(P,R,Y):   1.2, 16.6, -0.3
[G11-W02] t=4.40s | Des(P,R,Y):   0.0,  0.0,  0.0 | Act(P,R,Y):   1.7, 14.8, -1.1
[G11-W06] t=5.80s | Des(P,R,Y):   0.0,  0.0, 50.0 | Act(P,R,Y):   6.9,-30.3, 20.4
[G11-W05] t=3.80s | Des(P,R,Y):   0.0, 35.0,  0.0 | Act(P,R,Y):   0.1, 31.3, -0.9
[G11-W01] t=6.00s | Des(P,R,Y):   0.0,  0.0,  0.0 | Act(P,R,Y):   7.6,-15.5, 35.6
[Fixation Controller] Initialized 3-DOF Virtual Work tracking for Eyes.
Eval SUCCESS: G11-W01 | Kp=212.98, Ki=6.54, Kd=40.13 => Score=31.0
[G11-W04] t=4.40s | Des(P,R,Y):   0.0,  0.0,  0.0 | Act(P,R,Y):   1.2,  9.2,  0.1
[G11-W06] t=6.00s | Des(P,R,Y):   0.0,  0.0,  0.0 | Act(P,R,Y):   4.5,-20.0, 35.7
[Fixation Controller] Initialized 3-DOF Virtual Work tracking for Eyes.
Eval SUCCESS: G11-W06 | Kp=255.36, Ki=49.18, Kd=0.73 => Score=82.9
[G11-W02] t=4.60s | Des(P,R,Y):   0.0,  0.0,  0.0 | Act(P,R,Y):   1.3, 10.3, -0.8
[G11-W05] t=4.00s | Des(P,R,Y):   0.0,  0.0,  0.0 | Act(P,R,Y):   0.7, 32.0, -0.4
[G11-W04] t=4.60s | Des(P,R,Y):   0.0,  0.0,  0.0 | Act(P,R,Y):   0.4,  4.3, -0.2
[G11-W02] t=4.80s | Des(P,R,Y):   0.0,  0.0,  0.0 | Act(P,R,Y):   0.4,  6.5, -0.9
[G11-W05] t=4.20s | Des(P,R,Y):   0.0,  0.0,  0.0 | Act(P,R,Y):   0.9, 23.7, -0.0
[G11-W02] t=5.00s | Des(P,R,Y):   0.0,  0.0, 50.0 | Act(P,R,Y):  -2.0,  1.3, -0.4
[G11-W04] t=4.80s | Des(P,R,Y):   0.0,  0.0,  0.0 | Act(P,R,Y):  -0.4,  1.6, -0.6
[G11-W05] t=4.40s | Des(P,R,Y):   0.0,  0.0,  0.0 | Act(P,R,Y):   0.8, 17.3,  0.2
[G11-W02] t=5.20s | Des(P,R,Y):   0.0,  0.0, 50.0 | Act(P,R,Y):  -1.0,  0.7, 19.1
[G11-W04] t=5.00s | Des(P,R,Y):   0.0,  0.0, 50.0 | Act(P,R,Y):  -2.4, -1.8, -0.0
[G11-W02] t=5.40s | Des(P,R,Y):   0.0,  0.0, 50.0 | Act(P,R,Y):  -5.5, -7.5, 10.8
[G11-W05] t=4.60s | Des(P,R,Y):   0.0,  0.0,  0.0 | Act(P,R,Y):   0.1, 11.8,  0.1
[G11-W04] t=5.20s | Des(P,R,Y):   0.0,  0.0, 50.0 | Act(P,R,Y):  -2.4, -3.3, 22.4
[G11-W02] t=5.60s | Des(P,R,Y):   0.0,  0.0, 50.0 | Act(P,R,Y):  -5.8, -9.1, 10.7
[G11-W02] t=5.80s | Des(P,R,Y):   0.0,  0.0, 50.0 | Act(P,R,Y):  -3.9,-15.9, 20.9
[G11-W04] t=5.40s | Des(P,R,Y):   0.0,  0.0, 50.0 | Act(P,R,Y):  -3.3, -6.0, 10.9
[G11-W05] t=4.80s | Des(P,R,Y):   0.0,  0.0,  0.0 | Act(P,R,Y):  -1.0,  7.5, -0.2
[G11-W04] t=5.60s | Des(P,R,Y):   0.0,  0.0, 50.0 | Act(P,R,Y):  -2.8, -5.2, 10.8
[G11-W02] t=6.00s | Des(P,R,Y):   0.0,  0.0,  0.0 | Act(P,R,Y):   3.9, -5.1, 34.9
[Fixation Controller] Initialized 3-DOF Virtual Work tracking for Eyes.
Eval SUCCESS: G11-W02 | Kp=123.60, Ki=27.23, Kd=60.40 => Score=43.2
[G11-W05] t=5.00s | Des(P,R,Y):   0.0,  0.0, 50.0 | Act(P,R,Y):  -3.1,  2.5,  0.4
[G11-W04] t=5.80s | Des(P,R,Y):   0.0,  0.0, 50.0 | Act(P,R,Y):  -1.5,-11.0, 20.8
[G11-W04] t=6.00s | Des(P,R,Y):   0.0,  0.0,  0.0 | Act(P,R,Y):   5.3,-12.6, 35.6
[Fixation Controller] Initialized 3-DOF Virtual Work tracking for Eyes.
Eval SUCCESS: G11-W04 | Kp=272.35, Ki=50.85, Kd=79.02 => Score=33.9
[G11-W05] t=5.20s | Des(P,R,Y):   0.0,  0.0, 50.0 | Act(P,R,Y):  -3.6,  0.7, 17.0
[G11-W05] t=5.40s | Des(P,R,Y):   0.0,  0.0, 50.0 | Act(P,R,Y):  -5.0, -3.6, 10.7
[G11-W05] t=5.60s | Des(P,R,Y):   0.0,  0.0, 50.0 | Act(P,R,Y):  -5.0, -5.1, 10.9
[G11-W05] t=5.80s | Des(P,R,Y):   0.0,  0.0, 50.0 | Act(P,R,Y):  -3.8, -5.7, 20.8
[G11-W05] t=6.00s | Des(P,R,Y):   0.0,  0.0,  0.0 | Act(P,R,Y):   2.3,  0.5, 33.7
[Fixation Controller] Initialized 3-DOF Virtual Work tracking for Eyes.
Eval SUCCESS: G11-W05 | Kp=207.57, Ki=73.55, Kd=109.93 => Score=42.7
   11     66 3.097561955231511e+01 1.8e+00 5.54e+01  5e+01  7e+01 43:20.9  
Gen 11: Best Error = 30.98 | Kp=212.98, Ki=6.54, Kd=40.13

--- Generation 12 ---
Found simbody-visualizer, setting SIMBODY_HOME env var to  C:\Users\User\miniforge3\envs\opensim_env\Lib\opensimFound simbody-visualizer, setting SIMBODY_HOME env var to  C:\Users\User\miniforge3\envs\opensim_env\Lib\opensim

Found simbody-visualizer, setting SIMBODY_HOME env var to  C:\Users\User\miniforge3\envs\opensim_env\Lib\opensim
Found simbody-visualizer, setting SIMBODY_HOME env var to  C:\Users\User\miniforge3\envs\opensim_env\Lib\opensim
Found simbody-visualizer, setting SIMBODY_HOME env var to  C:\Users\User\miniforge3\envs\opensim_env\Lib\opensim
Found simbody-visualizer, setting SIMBODY_HOME env var to  C:\Users\User\miniforge3\envs\opensim_env\Lib\opensim
[G12-W01] t=0.20s | Des(P,R,Y):   0.0,  0.0,  0.0 | Act(P,R,Y):   0.1,  0.6, -0.3
[G12-W05] t=0.20s | Des(P,R,Y):   0.0,  0.0,  0.0 | Act(P,R,Y):  -2.0, -0.5, -1.8
[G12-W03] t=0.20s | Des(P,R,Y):   0.0,  0.0,  0.0 | Act(P,R,Y):   0.3,  0.8,  0.1
[G12-W04] t=0.20s | Des(P,R,Y):   0.0,  0.0,  0.0 | Act(P,R,Y):   0.4,  1.4,  0.8
[G12-W06] t=0.20s | Des(P,R,Y):   0.0,  0.0,  0.0 | Act(P,R,Y):   1.0,  1.7,  1.8
[G12-W02] t=0.20s | Des(P,R,Y):   0.0,  0.0,  0.0 | Act(P,R,Y):   1.1,  1.9,  1.2
[G12-W05] t=0.40s | Des(P,R,Y):   0.0,  0.0,  0.0 | Act(P,R,Y):  -0.1, -0.1, -1.5
[G12-W01] t=0.40s | Des(P,R,Y):   0.0,  0.0,  0.0 | Act(P,R,Y):  -1.2, -0.4, -1.4
[G12-W03] t=0.40s | Des(P,R,Y):   0.0,  0.0,  0.0 | Act(P,R,Y):  -1.0, -0.2, -0.8
[G12-W04] t=0.40s | Des(P,R,Y):   0.0,  0.0,  0.0 | Act(P,R,Y):  -0.5,  0.3, -0.0
[G12-W05] t=0.60s | Des(P,R,Y):   0.0,  0.0,  0.0 | Act(P,R,Y):  -0.9, -0.7, -1.4
[G12-W02] t=0.40s | Des(P,R,Y):   0.0,  0.0,  0.0 | Act(P,R,Y):  -0.3,  0.9,  0.2
[G12-W06] t=0.40s | Des(P,R,Y):   0.0,  0.0,  0.0 | Act(P,R,Y):   0.4,  1.4,  1.2
[G12-W01] t=0.60s | Des(P,R,Y):   0.0,  0.0,  0.0 | Act(P,R,Y):  -1.1, -0.4, -1.3
[G12-W03] t=0.60s | Des(P,R,Y):   0.0,  0.0,  0.0 | Act(P,R,Y):  -1.1, -0.4, -0.8
[G12-W05] t=0.80s | Des(P,R,Y):   0.0,  0.0,  0.0 | Act(P,R,Y):  -0.2, -0.1, -1.0
[G12-W01] t=0.80s | Des(P,R,Y):   0.0,  0.0,  0.0 | Act(P,R,Y):  -0.9, -0.3, -1.3
[G12-W04] t=0.60s | Des(P,R,Y):   0.0,  0.0,  0.0 | Act(P,R,Y):  -0.8, -0.2, -0.3
[G12-W02] t=0.60s | Des(P,R,Y):   0.0,  0.0,  0.0 | Act(P,R,Y):  -1.0,  0.1, -0.3
[G12-W06] t=0.60s | Des(P,R,Y):   0.0,  0.0,  0.0 | Act(P,R,Y):  -0.2,  1.0,  0.8
[G12-W05] t=1.00s | Des(P,R,Y):  45.0,  0.0,  0.0 | Act(P,R,Y):   9.7,  0.3, -1.3
[G12-W03] t=0.80s | Des(P,R,Y):   0.0,  0.0,  0.0 | Act(P,R,Y):  -1.0, -0.5, -0.8
[G12-W01] t=1.00s | Des(P,R,Y):  45.0,  0.0,  0.0 | Act(P,R,Y):   6.6, -0.2, -1.4
[G12-W05] t=1.20s | Des(P,R,Y):  45.0,  0.0,  0.0 | Act(P,R,Y):  43.5, -0.8,  0.1
[G12-W02] t=0.80s | Des(P,R,Y):   0.0,  0.0,  0.0 | Act(P,R,Y):  -1.6, -0.4, -0.8
[G12-W04] t=0.80s | Des(P,R,Y):   0.0,  0.0,  0.0 | Act(P,R,Y):  -1.2, -0.5, -0.5
[G12-W01] t=1.20s | Des(P,R,Y):  45.0,  0.0,  0.0 | Act(P,R,Y):  33.1, -0.4, -1.2
[G12-W05] t=1.40s | Des(P,R,Y):  45.0,  0.0,  0.0 | Act(P,R,Y):  46.4, -1.6, -2.1
[G12-W06] t=0.80s | Des(P,R,Y):   0.0,  0.0,  0.0 | Act(P,R,Y):  -1.1,  0.4,  0.3
[G12-W03] t=1.00s | Des(P,R,Y):  45.0,  0.0,  0.0 | Act(P,R,Y):   4.4, -0.7, -1.2
[G12-W05] t=1.60s | Des(P,R,Y):  45.0,  0.0,  0.0 | Act(P,R,Y):  48.0, -0.7, -1.4
[G12-W01] t=1.40s | Des(P,R,Y):  45.0,  0.0,  0.0 | Act(P,R,Y):  41.1, -1.0, -1.5
[G12-W03] t=1.20s | Des(P,R,Y):  45.0,  0.0,  0.0 | Act(P,R,Y):  31.5, -0.5, -1.1
[G12-W05] t=1.80s | Des(P,R,Y):  45.0,  0.0,  0.0 | Act(P,R,Y):  49.3,  0.2, -0.7
[G12-W04] t=1.00s | Des(P,R,Y):  45.0,  0.0,  0.0 | Act(P,R,Y):   3.6, -0.9, -1.0
[G12-W02] t=1.00s | Des(P,R,Y):  45.0,  0.0,  0.0 | Act(P,R,Y):   0.5, -0.9, -1.4
[G12-W01] t=1.60s | Des(P,R,Y):  45.0,  0.0,  0.0 | Act(P,R,Y):  45.0, -0.9, -1.6
[G12-W06] t=1.00s | Des(P,R,Y):  45.0,  0.0,  0.0 | Act(P,R,Y):   0.3, -0.5, -0.3
[G12-W05] t=2.00s | Des(P,R,Y):   0.0,  0.0,  0.0 | Act(P,R,Y):  45.3,  1.5,  0.7
[G12-W03] t=1.40s | Des(P,R,Y):  45.0,  0.0,  0.0 | Act(P,R,Y):  41.3, -0.6, -1.0
[G12-W01] t=1.80s | Des(P,R,Y):  45.0,  0.0,  0.0 | Act(P,R,Y):  47.3, -0.5, -1.3
[G12-W04] t=1.20s | Des(P,R,Y):  45.0,  0.0,  0.0 | Act(P,R,Y):  26.1, -1.1, -1.3
[G12-W05] t=2.20s | Des(P,R,Y):   0.0,  0.0,  0.0 | Act(P,R,Y):   6.6,  2.4,  0.9
[G12-W01] t=2.00s | Des(P,R,Y):   0.0,  0.0,  0.0 | Act(P,R,Y):  44.2,  0.8, -0.1
[G12-W02] t=1.20s | Des(P,R,Y):  45.0,  0.0,  0.0 | Act(P,R,Y):  11.7, -1.5, -2.2
[G12-W03] t=1.60s | Des(P,R,Y):  45.0,  0.0,  0.0 | Act(P,R,Y):  45.5, -0.4, -1.1
[G12-W06] t=1.20s | Des(P,R,Y):  45.0,  0.0,  0.0 | Act(P,R,Y):   8.7, -1.0, -1.1
[G12-W01] t=2.20s | Des(P,R,Y):   0.0,  0.0,  0.0 | Act(P,R,Y):  18.7,  0.5, -0.4
[G12-W05] t=2.40s | Des(P,R,Y):   0.0,  0.0,  0.0 | Act(P,R,Y):   0.4,  0.4, -1.2
[G12-W04] t=1.40s | Des(P,R,Y):  45.0,  0.0,  0.0 | Act(P,R,Y):  37.9, -0.8, -1.1
[G12-W02] t=1.40s | Des(P,R,Y):  45.0,  0.0,  0.0 | Act(P,R,Y):  22.4, -1.5, -2.5
[G12-W05] t=2.60s | Des(P,R,Y):   0.0,  0.0,  0.0 | Act(P,R,Y):   0.2,  0.4, -0.3
[G12-W01] t=2.40s | Des(P,R,Y):   0.0,  0.0,  0.0 | Act(P,R,Y):   8.3,  0.4, -0.6
[G12-W03] t=1.80s | Des(P,R,Y):  45.0,  0.0,  0.0 | Act(P,R,Y):  47.7,  0.0, -0.8
[G12-W06] t=1.40s | Des(P,R,Y):  45.0,  0.0,  0.0 | Act(P,R,Y):  16.4, -1.3, -1.6
[G12-W05] t=2.80s | Des(P,R,Y):   0.0,  0.0,  0.0 | Act(P,R,Y):  -0.4, -0.0, -0.8
[G12-W01] t=2.60s | Des(P,R,Y):   0.0,  0.0,  0.0 | Act(P,R,Y):   3.1,  0.1, -0.9
[G12-W04] t=1.60s | Des(P,R,Y):  45.0,  0.0,  0.0 | Act(P,R,Y):  44.0, -0.1, -0.8
[G12-W02] t=1.60s | Des(P,R,Y):  45.0,  0.0,  0.0 | Act(P,R,Y):  32.2, -0.8, -2.2
[G12-W03] t=2.00s | Des(P,R,Y):   0.0,  0.0,  0.0 | Act(P,R,Y):  45.0,  1.2,  0.2
[G12-W05] t=3.00s | Des(P,R,Y):   0.0, 35.0,  0.0 | Act(P,R,Y):  -0.3,  9.0, -1.0
[G12-W01] t=2.80s | Des(P,R,Y):   0.0,  0.0,  0.0 | Act(P,R,Y):   1.1,  0.1, -0.9
[G12-W03] t=2.20s | Des(P,R,Y):   0.0,  0.0,  0.0 | Act(P,R,Y):  18.5,  0.3, -0.2
[G12-W06] t=1.60s | Des(P,R,Y):  45.0,  0.0,  0.0 | Act(P,R,Y):  23.5, -1.2, -1.8
[G12-W04] t=1.80s | Des(P,R,Y):  45.0,  0.0,  0.0 | Act(P,R,Y):  46.7,  0.1, -0.7
[G12-W05] t=3.20s | Des(P,R,Y):   0.0, 35.0,  0.0 | Act(P,R,Y):  -2.7, 33.1, -2.0
[G12-W02] t=1.80s | Des(P,R,Y):  45.0,  0.0,  0.0 | Act(P,R,Y):  40.2, -0.1, -1.7
[G12-W01] t=3.00s | Des(P,R,Y):   0.0, 35.0,  0.0 | Act(P,R,Y):   0.1,  5.5, -1.2
[G12-W03] t=2.40s | Des(P,R,Y):   0.0,  0.0,  0.0 | Act(P,R,Y):   7.6,  0.0, -0.4
[G12-W05] t=3.40s | Des(P,R,Y):   0.0, 35.0,  0.0 | Act(P,R,Y):   0.0, 36.8, -0.6
[G12-W06] t=1.80s | Des(P,R,Y):  45.0,  0.0,  0.0 | Act(P,R,Y):  30.0, -0.6, -1.5
[G12-W04] t=2.00s | Des(P,R,Y):   0.0,  0.0,  0.0 | Act(P,R,Y):  44.6,  1.1,  0.1
[G12-W02] t=2.00s | Des(P,R,Y):   0.0,  0.0,  0.0 | Act(P,R,Y):  43.6,  0.7, -1.1
[G12-W01] t=3.20s | Des(P,R,Y):   0.0, 35.0,  0.0 | Act(P,R,Y):  -0.9, 24.1, -1.5
[G12-W03] t=2.60s | Des(P,R,Y):   0.0,  0.0,  0.0 | Act(P,R,Y):   2.8, -0.1, -0.6
[G12-W05] t=3.60s | Des(P,R,Y):   0.0, 35.0,  0.0 | Act(P,R,Y):   0.5, 37.1, -0.3
[G12-W04] t=2.20s | Des(P,R,Y):   0.0,  0.0,  0.0 | Act(P,R,Y):  21.7,  0.4, -0.2
[G12-W06] t=2.00s | Des(P,R,Y):   0.0,  0.0,  0.0 | Act(P,R,Y):  33.9,  0.2, -1.1
[G12-W01] t=3.40s | Des(P,R,Y):   0.0, 35.0,  0.0 | Act(P,R,Y):  -0.6, 31.8, -1.3
[G12-W03] t=2.80s | Des(P,R,Y):   0.0,  0.0,  0.0 | Act(P,R,Y):   0.5, -0.0, -0.6
[G12-W02] t=2.20s | Des(P,R,Y):   0.0,  0.0,  0.0 | Act(P,R,Y):  35.6,  0.7, -0.9
[G12-W05] t=3.80s | Des(P,R,Y):   0.0, 35.0,  0.0 | Act(P,R,Y):   0.7, 36.6, -0.5
[G12-W01] t=3.60s | Des(P,R,Y):   0.0, 35.0,  0.0 | Act(P,R,Y):   0.1, 34.6, -1.2
[G12-W04] t=2.40s | Des(P,R,Y):   0.0,  0.0,  0.0 | Act(P,R,Y):  10.7,  0.1, -0.3
[G12-W03] t=3.00s | Des(P,R,Y):   0.0, 35.0,  0.0 | Act(P,R,Y):  -0.5,  5.0, -0.9
[G12-W05] t=4.00s | Des(P,R,Y):   0.0,  0.0,  0.0 | Act(P,R,Y):   2.9, 28.7,  0.6
[G12-W06] t=2.20s | Des(P,R,Y):   0.0,  0.0,  0.0 | Act(P,R,Y):  28.4,  0.4, -1.0
[G12-W02] t=2.40s | Des(P,R,Y):   0.0,  0.0,  0.0 | Act(P,R,Y):  28.2,  0.3, -0.8
[G12-W01] t=3.80s | Des(P,R,Y):   0.0, 35.0,  0.0 | Act(P,R,Y):   0.8, 35.7, -1.0
[G12-W03] t=3.20s | Des(P,R,Y):   0.0, 35.0,  0.0 | Act(P,R,Y):  -1.1, 23.8, -1.0
[G12-W05] t=4.20s | Des(P,R,Y):   0.0,  0.0,  0.0 | Act(P,R,Y):   1.7,  3.9,  0.2
[G12-W04] t=2.60s | Des(P,R,Y):   0.0,  0.0,  0.0 | Act(P,R,Y):   5.0,  0.0, -0.3
[G12-W06] t=2.40s | Des(P,R,Y):   0.0,  0.0,  0.0 | Act(P,R,Y):  23.7,  0.4, -0.9
[G12-W01] t=4.00s | Des(P,R,Y):   0.0,  0.0,  0.0 | Act(P,R,Y):   2.3, 31.4, -0.3
[G12-W02] t=2.60s | Des(P,R,Y):   0.0,  0.0,  0.0 | Act(P,R,Y):  21.3, -0.1, -0.8
[G12-W03] t=3.40s | Des(P,R,Y):   0.0, 35.0,  0.0 | Act(P,R,Y):  -0.7, 31.7, -0.9
[G12-W05] t=4.40s | Des(P,R,Y):   0.0,  0.0,  0.0 | Act(P,R,Y):   0.6, -0.7, -0.2
[G12-W01] t=4.20s | Des(P,R,Y):   0.0,  0.0,  0.0 | Act(P,R,Y):   2.4, 13.5, -0.3
[G12-W04] t=2.80s | Des(P,R,Y):   0.0,  0.0,  0.0 | Act(P,R,Y):   1.7, -0.2, -0.5
[G12-W05] t=4.60s | Des(P,R,Y):   0.0,  0.0,  0.0 | Act(P,R,Y):  -1.1, -1.0, -0.8
[G12-W03] t=3.60s | Des(P,R,Y):   0.0, 35.0,  0.0 | Act(P,R,Y):  -0.2, 35.0, -0.7
[G12-W02] t=2.80s | Des(P,R,Y):   0.0,  0.0,  0.0 | Act(P,R,Y):  15.2, -0.5, -0.9
[G12-W06] t=2.60s | Des(P,R,Y):   0.0,  0.0,  0.0 | Act(P,R,Y):  19.3,  0.2, -0.9
[G12-W01] t=4.40s | Des(P,R,Y):   0.0,  0.0,  0.0 | Act(P,R,Y):   1.8,  5.5, -0.3
[G12-W05] t=4.80s | Des(P,R,Y):   0.0,  0.0,  0.0 | Act(P,R,Y):  -1.6, -0.8, -0.7
[G12-W03] t=3.80s | Des(P,R,Y):   0.0, 35.0,  0.0 | Act(P,R,Y):   0.2, 36.2, -0.6
[G12-W04] t=3.00s | Des(P,R,Y):   0.0, 35.0,  0.0 | Act(P,R,Y):  -0.1,  3.5, -0.9
[G12-W01] t=4.60s | Des(P,R,Y):   0.0,  0.0,  0.0 | Act(P,R,Y):   0.7,  1.8, -0.7
[G12-W02] t=3.00s | Des(P,R,Y):   0.0, 35.0,  0.0 | Act(P,R,Y):  10.1,  1.1, -1.0
[G12-W06] t=2.80s | Des(P,R,Y):   0.0,  0.0,  0.0 | Act(P,R,Y):  15.2, -0.1, -1.0
[G12-W05] t=5.00s | Des(P,R,Y):   0.0,  0.0, 50.0 | Act(P,R,Y):  -2.9, -6.6,  0.1
[G12-W03] t=4.00s | Des(P,R,Y):   0.0,  0.0,  0.0 | Act(P,R,Y):   1.3, 31.8, -0.1
[G12-W01] t=4.80s | Des(P,R,Y):   0.0,  0.0,  0.0 | Act(P,R,Y):  -0.1,  0.4, -0.9
[G12-W04] t=3.20s | Des(P,R,Y):   0.0, 35.0,  0.0 | Act(P,R,Y):  -1.4, 20.0, -1.4
[G12-W03] t=4.20s | Des(P,R,Y):   0.0,  0.0,  0.0 | Act(P,R,Y):   1.2, 13.8, -0.1
[G12-W05] t=5.20s | Des(P,R,Y):   0.0,  0.0, 50.0 | Act(P,R,Y): -16.2,-31.8, 23.8
[G12-W02] t=3.20s | Des(P,R,Y):   0.0, 35.0,  0.0 | Act(P,R,Y):   5.8,  9.9, -1.4
[G12-W06] t=3.00s | Des(P,R,Y):   0.0, 35.0,  0.0 | Act(P,R,Y):  11.8,  1.3, -1.2
[G12-W01] t=5.00s | Des(P,R,Y):   0.0,  0.0, 50.0 | Act(P,R,Y):  -2.0, -4.1,  0.0
[G12-W04] t=3.40s | Des(P,R,Y):   0.0, 35.0,  0.0 | Act(P,R,Y):  -0.9, 29.2, -1.1
[G12-W05] t=5.40s | Des(P,R,Y):   0.0,  0.0, 50.0 | Act(P,R,Y):  -2.4,-32.2, 10.2
[G12-W03] t=4.40s | Des(P,R,Y):   0.0,  0.0,  0.0 | Act(P,R,Y):   0.8,  5.8, -0.0
[G12-W02] t=3.40s | Des(P,R,Y):   0.0, 35.0,  0.0 | Act(P,R,Y):   2.5, 17.3, -1.9
[G12-W01] t=5.20s | Des(P,R,Y):   0.0,  0.0, 50.0 | Act(P,R,Y):  -2.7, -6.4, 22.5
[G12-W06] t=3.20s | Des(P,R,Y):   0.0, 35.0,  0.0 | Act(P,R,Y):   8.9,  8.1, -1.5
[G12-W04] t=3.60s | Des(P,R,Y):   0.0, 35.0,  0.0 | Act(P,R,Y):   0.0, 33.9, -0.5
[G12-W05] t=5.60s | Des(P,R,Y):   0.0,  0.0, 50.0 | Act(P,R,Y):  -3.7,-32.7, 10.7
[G12-W03] t=4.60s | Des(P,R,Y):   0.0,  0.0,  0.0 | Act(P,R,Y):   0.0,  2.0, -0.3
[G12-W01] t=5.40s | Des(P,R,Y):   0.0,  0.0, 50.0 | Act(P,R,Y):  -5.5,-10.2, 10.9
[G12-W02] t=3.60s | Des(P,R,Y):   0.0, 35.0,  0.0 | Act(P,R,Y):   1.2, 24.2, -1.6
[G12-W05] t=5.80s | Des(P,R,Y):   0.0,  0.0, 50.0 | Act(P,R,Y):  -1.4,-33.3, 20.8
[G12-W04] t=3.80s | Des(P,R,Y):   0.0, 35.0,  0.0 | Act(P,R,Y):   0.3, 35.8, -0.5
[G12-W06] t=3.40s | Des(P,R,Y):   0.0, 35.0,  0.0 | Act(P,R,Y):   6.6, 13.7, -1.9
[G12-W03] t=4.80s | Des(P,R,Y):   0.0,  0.0,  0.0 | Act(P,R,Y):  -0.6,  0.3, -0.5
[G12-W01] t=5.60s | Des(P,R,Y):   0.0,  0.0, 50.0 | Act(P,R,Y):  -4.3, -8.5, 10.8
[G12-W02] t=3.80s | Des(P,R,Y):   0.0, 35.0,  0.0 | Act(P,R,Y):   0.9, 29.8, -1.0
[G12-W05] t=6.00s | Des(P,R,Y):   0.0,  0.0,  0.0 | Act(P,R,Y):   8.6,-26.8, 35.8
[Fixation Controller] Initialized 3-DOF Virtual Work tracking for Eyes.
Eval SUCCESS: G12-W05 | Kp=177.37, Ki=65.30, Kd=17.80 => Score=37.1
[G12-W04] t=4.00s | Des(P,R,Y):   0.0,  0.0,  0.0 | Act(P,R,Y):   1.1, 32.2, -0.1
[G12-W01] t=5.80s | Des(P,R,Y):   0.0,  0.0, 50.0 | Act(P,R,Y):  -3.2,-14.8, 20.8
[G12-W03] t=5.00s | Des(P,R,Y):   0.0,  0.0, 50.0 | Act(P,R,Y):  -3.0, -3.7,  0.2
[G12-W02] t=4.00s | Des(P,R,Y):   0.0,  0.0,  0.0 | Act(P,R,Y):   0.4, 31.6, -0.7
[G12-W06] t=3.60s | Des(P,R,Y):   0.0, 35.0,  0.0 | Act(P,R,Y):   5.0, 18.5, -2.0
[G12-W04] t=4.20s | Des(P,R,Y):   0.0,  0.0,  0.0 | Act(P,R,Y):   0.8, 16.0, -0.2
[G12-W01] t=6.00s | Des(P,R,Y):   0.0,  0.0,  0.0 | Act(P,R,Y):   7.0,-16.5, 35.7
[Fixation Controller] Initialized 3-DOF Virtual Work tracking for Eyes.
Eval SUCCESS: G12-W01 | Kp=170.27, Ki=28.60, Kd=37.51 => Score=33.4
[G12-W03] t=5.20s | Des(P,R,Y):   0.0,  0.0, 50.0 | Act(P,R,Y):  -2.7, -6.2, 22.5
[G12-W02] t=4.20s | Des(P,R,Y):   0.0,  0.0,  0.0 | Act(P,R,Y):   0.1, 25.7, -0.5
[G12-W04] t=4.40s | Des(P,R,Y):   0.0,  0.0,  0.0 | Act(P,R,Y):   0.9,  8.5,  0.1
[G12-W06] t=3.80s | Des(P,R,Y):   0.0, 35.0,  0.0 | Act(P,R,Y):   4.3, 22.9, -1.7
[G12-W03] t=5.40s | Des(P,R,Y):   0.0,  0.0, 50.0 | Act(P,R,Y):  -3.8, -7.5, 10.9
[G12-W02] t=4.40s | Des(P,R,Y):   0.0,  0.0,  0.0 | Act(P,R,Y):  -0.1, 21.2, -0.1
[G12-W03] t=5.60s | Des(P,R,Y):   0.0,  0.0, 50.0 | Act(P,R,Y):  -2.9, -6.1, 10.7
[G12-W04] t=4.60s | Des(P,R,Y):   0.0,  0.0,  0.0 | Act(P,R,Y):   0.2,  3.8, -0.1
[G12-W06] t=4.00s | Des(P,R,Y):   0.0,  0.0,  0.0 | Act(P,R,Y):   4.3, 25.0, -1.3
[G12-W03] t=5.80s | Des(P,R,Y):   0.0,  0.0, 50.0 | Act(P,R,Y):  -1.4,-13.3, 20.9
[G12-W02] t=4.60s | Des(P,R,Y):   0.0,  0.0,  0.0 | Act(P,R,Y):  -0.8, 16.6,  0.0
[G12-W03] t=6.00s | Des(P,R,Y):   0.0,  0.0,  0.0 | Act(P,R,Y):   6.7,-16.6, 35.7
[Fixation Controller] Initialized 3-DOF Virtual Work tracking for Eyes.
Eval SUCCESS: G12-W03 | Kp=244.27, Ki=62.45, Kd=55.71 => Score=31.8
[G12-W06] t=4.20s | Des(P,R,Y):   0.0,  0.0,  0.0 | Act(P,R,Y):   4.3, 21.4, -0.8
[G12-W04] t=4.80s | Des(P,R,Y):   0.0,  0.0,  0.0 | Act(P,R,Y):  -0.6,  1.1, -0.4
[G12-W02] t=4.80s | Des(P,R,Y):   0.0,  0.0,  0.0 | Act(P,R,Y):  -2.0, 12.1, -0.2
[G12-W04] t=5.00s | Des(P,R,Y):   0.0,  0.0, 50.0 | Act(P,R,Y):  -2.6, -2.1,  0.2
[G12-W06] t=4.40s | Des(P,R,Y):   0.0,  0.0,  0.0 | Act(P,R,Y):   4.0, 18.1, -0.4
[G12-W02] t=5.00s | Des(P,R,Y):   0.0,  0.0, 50.0 | Act(P,R,Y):  -4.6,  6.4,  0.5
[G12-W04] t=5.20s | Des(P,R,Y):   0.0,  0.0, 50.0 | Act(P,R,Y):  -2.8, -3.8, 22.5
[G12-W06] t=4.60s | Des(P,R,Y):   0.0,  0.0,  0.0 | Act(P,R,Y):   3.1, 14.7, -0.5
[G12-W02] t=5.20s | Des(P,R,Y):   0.0,  0.0, 50.0 | Act(P,R,Y):  -5.1,  3.7, 14.2
[G12-W04] t=5.40s | Des(P,R,Y):   0.0,  0.0, 50.0 | Act(P,R,Y):  -3.2, -5.6, 10.8
[G12-W02] t=5.40s | Des(P,R,Y):   0.0,  0.0, 50.0 | Act(P,R,Y):  -8.0, -2.9, 10.6
[G12-W04] t=5.60s | Des(P,R,Y):   0.0,  0.0, 50.0 | Act(P,R,Y):  -2.6, -4.2, 10.7
[G12-W06] t=4.80s | Des(P,R,Y):   0.0,  0.0,  0.0 | Act(P,R,Y):   1.6, 11.5, -0.7
[G12-W04] t=5.80s | Des(P,R,Y):   0.0,  0.0, 50.0 | Act(P,R,Y):  -1.3, -9.9, 20.8
[G12-W02] t=5.60s | Des(P,R,Y):   0.0,  0.0, 50.0 | Act(P,R,Y):  -8.9, -6.6, 10.8
[G12-W04] t=6.00s | Des(P,R,Y):   0.0,  0.0,  0.0 | Act(P,R,Y):   5.5,-14.0, 35.6
[Fixation Controller] Initialized 3-DOF Virtual Work tracking for Eyes.
Eval SUCCESS: G12-W04 | Kp=325.14, Ki=72.53, Kd=89.00 => Score=33.1
[G12-W06] t=5.00s | Des(P,R,Y):   0.0,  0.0, 50.0 | Act(P,R,Y):  -0.6,  7.4,  0.1
[G12-W02] t=5.80s | Des(P,R,Y):   0.0,  0.0, 50.0 | Act(P,R,Y):  -7.0, -6.9, 20.9
[G12-W06] t=5.20s | Des(P,R,Y):   0.0,  0.0, 50.0 | Act(P,R,Y):  -1.6,  5.6, 10.5
[G12-W02] t=6.00s | Des(P,R,Y):   0.0,  0.0,  0.0 | Act(P,R,Y):   0.9,  0.0, 33.9
[Fixation Controller] Initialized 3-DOF Virtual Work tracking for Eyes.
Eval SUCCESS: G12-W02 | Kp=102.67, Ki=59.26, Kd=76.25 => Score=50.3
[G12-W06] t=5.40s | Des(P,R,Y):   0.0,  0.0, 50.0 | Act(P,R,Y):  -4.0,  1.7, 10.7
[G12-W06] t=5.60s | Des(P,R,Y):   0.0,  0.0, 50.0 | Act(P,R,Y):  -4.7, -1.7, 10.9
[G12-W06] t=5.80s | Des(P,R,Y):   0.0,  0.0, 50.0 | Act(P,R,Y):  -2.6, -0.2, 20.8
[G12-W06] t=6.00s | Des(P,R,Y):   0.0,  0.0,  0.0 | Act(P,R,Y):   0.5,  2.4, 27.2
[Fixation Controller] Initialized 3-DOF Virtual Work tracking for Eyes.
Eval SUCCESS: G12-W06 | Kp=133.64, Ki=25.97, Kd=122.50 => Score=52.0
   12     72 3.184516987829068e+01 1.9e+00 6.26e+01  6e+01  9e+01 48:03.4  
Gen 12: Best Error = 30.98 | Kp=212.98, Ki=6.54, Kd=40.13

--- Generation 13 ---
Found simbody-visualizer, setting SIMBODY_HOME env var to  C:\Users\User\miniforge3\envs\opensim_env\Lib\opensim
Found simbody-visualizer, setting SIMBODY_HOME env var to  C:\Users\User\miniforge3\envs\opensim_env\Lib\opensim
Found simbody-visualizer, setting SIMBODY_HOME env var to  C:\Users\User\miniforge3\envs\opensim_env\Lib\opensim
Found simbody-visualizer, setting SIMBODY_HOME env var to  C:\Users\User\miniforge3\envs\opensim_env\Lib\opensim
Found simbody-visualizer, setting SIMBODY_HOME env var to  C:\Users\User\miniforge3\envs\opensim_env\Lib\opensim
Found simbody-visualizer, setting SIMBODY_HOME env var to  C:\Users\User\miniforge3\envs\opensim_env\Lib\opensim
[G13-W05] t=0.20s | Des(P,R,Y):   0.0,  0.0,  0.0 | Act(P,R,Y):  -0.9, -0.2, -0.8
[G13-W02] t=0.20s | Des(P,R,Y):   0.0,  0.0,  0.0 | Act(P,R,Y):   0.7,  1.1,  0.2
[G13-W06] t=0.20s | Des(P,R,Y):   0.0,  0.0,  0.0 | Act(P,R,Y):   0.5,  1.3,  0.6
[G13-W04] t=0.20s | Des(P,R,Y):   0.0,  0.0,  0.0 | Act(P,R,Y):   0.5,  1.5,  1.0
[G13-W03] t=0.20s | Des(P,R,Y):   0.0,  0.0,  0.0 | Act(P,R,Y):   1.1,  1.6,  0.9
[G13-W01] t=0.20s | Des(P,R,Y):   0.0,  0.0,  0.0 | Act(P,R,Y):  -5.1,  1.6, -2.0
[G13-W02] t=0.40s | Des(P,R,Y):   0.0,  0.0,  0.0 | Act(P,R,Y):  -1.1, -0.1, -1.3
[G13-W01] t=0.40s | Des(P,R,Y):   0.0,  0.0,  0.0 | Act(P,R,Y):   4.4, -1.1, -1.0
[G13-W05] t=0.40s | Des(P,R,Y):   0.0,  0.0,  0.0 | Act(P,R,Y):  -0.9, -0.3, -1.0
[G13-W03] t=0.40s | Des(P,R,Y):   0.0,  0.0,  0.0 | Act(P,R,Y):  -0.6,  0.5, -0.2
[G13-W06] t=0.40s | Des(P,R,Y):   0.0,  0.0,  0.0 | Act(P,R,Y):  -0.8,  0.1, -0.4
[G13-W04] t=0.40s | Des(P,R,Y):   0.0,  0.0,  0.0 | Act(P,R,Y):  -0.3,  0.6,  0.2
[G13-W01] t=0.60s | Des(P,R,Y):   0.0,  0.0,  0.0 | Act(P,R,Y):   1.4,  3.9, -0.1
[G13-W05] t=0.60s | Des(P,R,Y):   0.0,  0.0,  0.0 | Act(P,R,Y):  -0.6, -0.3, -0.8
[G13-W02] t=0.60s | Des(P,R,Y):   0.0,  0.0,  0.0 | Act(P,R,Y):  -1.2, -0.3, -1.5
[G13-W01] t=0.80s | Des(P,R,Y):   0.0,  0.0,  0.0 | Act(P,R,Y):  -5.2, -5.3,  0.9
[G13-W03] t=0.60s | Des(P,R,Y):   0.0,  0.0,  0.0 | Act(P,R,Y):  -1.1, -0.2, -0.6
[G13-W02] t=0.80s | Des(P,R,Y):   0.0,  0.0,  0.0 | Act(P,R,Y):  -1.2, -0.4, -1.6
[G13-W06] t=0.60s | Des(P,R,Y):   0.0,  0.0,  0.0 | Act(P,R,Y):  -1.0, -0.3, -0.6
[G13-W05] t=0.80s | Des(P,R,Y):   0.0,  0.0,  0.0 | Act(P,R,Y):  -0.5, -0.2, -0.7
[G13-W04] t=0.60s | Des(P,R,Y):   0.0,  0.0,  0.0 | Act(P,R,Y):  -0.7, -0.0, -0.1
[G13-W01] t=1.00s | Des(P,R,Y):  45.0,  0.0,  0.0 | Act(P,R,Y):  13.1,  6.2, -1.7
[G13-W05] t=1.00s | Des(P,R,Y):  45.0,  0.0,  0.0 | Act(P,R,Y):   9.4,  0.1, -1.0
[G13-W02] t=1.00s | Des(P,R,Y):  45.0,  0.0,  0.0 | Act(P,R,Y):   4.9, -0.2, -1.8
[G13-W03] t=0.80s | Des(P,R,Y):   0.0,  0.0,  0.0 | Act(P,R,Y):  -1.6, -0.4, -1.1
[G13-W06] t=0.80s | Des(P,R,Y):   0.0,  0.0,  0.0 | Act(P,R,Y):  -1.2, -0.6, -0.8
[G13-W01] t=1.20s | Des(P,R,Y):  45.0,  0.0,  0.0 | Act(P,R,Y):  51.6,-17.3, -7.0
[G13-W04] t=0.80s | Des(P,R,Y):   0.0,  0.0,  0.0 | Act(P,R,Y):  -1.2, -0.3, -0.4
[G13-W02] t=1.20s | Des(P,R,Y):  45.0,  0.0,  0.0 | Act(P,R,Y):  25.8, -0.6, -1.9
[G13-W05] t=1.20s | Des(P,R,Y):  45.0,  0.0,  0.0 | Act(P,R,Y):  40.6, -0.7, -0.7
[G13-W05] t=1.40s | Des(P,R,Y):  45.0,  0.0,  0.0 | Act(P,R,Y):  44.4, -0.9, -1.1
[G13-W02] t=1.40s | Des(P,R,Y):  45.0,  0.0,  0.0 | Act(P,R,Y):  36.3, -0.7, -1.9
[G13-W01] t=1.40s | Des(P,R,Y):  45.0,  0.0,  0.0 | Act(P,R,Y):  54.4, 13.5,  6.7
[G13-W03] t=1.00s | Des(P,R,Y):  45.0,  0.0,  0.0 | Act(P,R,Y):   1.2, -0.8, -1.6
[G13-W05] t=1.60s | Des(P,R,Y):  45.0,  0.0,  0.0 | Act(P,R,Y):  46.0, -0.4, -0.9
[G13-W06] t=1.00s | Des(P,R,Y):  45.0,  0.0,  0.0 | Act(P,R,Y):   3.5, -0.9, -1.3
[G13-W04] t=1.00s | Des(P,R,Y):  45.0,  0.0,  0.0 | Act(P,R,Y):   3.4, -0.9, -1.0
[G13-W02] t=1.60s | Des(P,R,Y):  45.0,  0.0,  0.0 | Act(P,R,Y):  41.9, -0.9, -2.1
[G13-W05] t=1.80s | Des(P,R,Y):  45.0,  0.0,  0.0 | Act(P,R,Y):  47.1,  0.0, -0.5
[G13-W01] t=1.60s | Des(P,R,Y):  45.0,  0.0,  0.0 | Act(P,R,Y):  33.6,-16.0,-12.9
[G13-W06] t=1.20s | Des(P,R,Y):  45.0,  0.0,  0.0 | Act(P,R,Y):  26.7, -0.4, -1.1
[G13-W02] t=1.80s | Des(P,R,Y):  45.0,  0.0,  0.0 | Act(P,R,Y):  45.6, -0.6, -1.8
[G13-W05] t=2.00s | Des(P,R,Y):   0.0,  0.0,  0.0 | Act(P,R,Y):  42.9,  1.1,  0.4
[G13-W03] t=1.20s | Des(P,R,Y):  45.0,  0.0,  0.0 | Act(P,R,Y):  14.6, -1.5, -2.4
[G13-W02] t=2.00s | Des(P,R,Y):   0.0,  0.0,  0.0 | Act(P,R,Y):  43.8,  0.4, -0.9
[G13-W04] t=1.20s | Des(P,R,Y):  45.0,  0.0,  0.0 | Act(P,R,Y):  24.8, -1.2, -1.2
[G13-W01] t=1.80s | Des(P,R,Y):  45.0,  0.0,  0.0 | Act(P,R,Y):  52.3, 13.2, 10.6
[G13-W05] t=2.20s | Des(P,R,Y):   0.0,  0.0,  0.0 | Act(P,R,Y):   6.6,  0.1, -0.4
[G13-W02] t=2.20s | Des(P,R,Y):   0.0,  0.0,  0.0 | Act(P,R,Y):  25.2,  0.7, -0.7
[G13-W06] t=1.40s | Des(P,R,Y):  45.0,  0.0,  0.0 | Act(P,R,Y):  37.0, -0.7, -1.3
[G13-W03] t=1.40s | Des(P,R,Y):  45.0,  0.0,  0.0 | Act(P,R,Y):  26.7, -1.2, -2.4
[G13-W01] t=2.00s | Des(P,R,Y):   0.0,  0.0,  0.0 | Act(P,R,Y):  40.4, -9.9,-12.5
[G13-W05] t=2.40s | Des(P,R,Y):   0.0,  0.0,  0.0 | Act(P,R,Y):   1.2, -0.2, -0.9
[G13-W02] t=2.40s | Des(P,R,Y):   0.0,  0.0,  0.0 | Act(P,R,Y):  14.2,  0.5, -0.9
[G13-W04] t=1.40s | Des(P,R,Y):  45.0,  0.0,  0.0 | Act(P,R,Y):  36.4, -0.7, -1.0
[G13-W06] t=1.60s | Des(P,R,Y):  45.0,  0.0,  0.0 | Act(P,R,Y):  43.1, -0.4, -1.2
[G13-W01] t=2.20s | Des(P,R,Y):   0.0,  0.0,  0.0 | Act(P,R,Y): -28.0,-16.7, -0.4
[G13-W05] t=2.60s | Des(P,R,Y):   0.0,  0.0,  0.0 | Act(P,R,Y):   0.4, -0.1, -0.7
[G13-W03] t=1.60s | Des(P,R,Y):  45.0,  0.0,  0.0 | Act(P,R,Y):  36.8, -0.4, -2.0
[G13-W02] t=2.60s | Des(P,R,Y):   0.0,  0.0,  0.0 | Act(P,R,Y):   7.3,  0.1, -1.2
[G13-W04] t=1.60s | Des(P,R,Y):  45.0,  0.0,  0.0 | Act(P,R,Y):  42.6, -0.3, -0.8
[G13-W01] t=2.40s | Des(P,R,Y):   0.0,  0.0,  0.0 | Act(P,R,Y):  11.0, 22.5, 14.1
[G13-W05] t=2.80s | Des(P,R,Y):   0.0,  0.0,  0.0 | Act(P,R,Y):   0.1,  0.0, -0.6
[G13-W06] t=1.80s | Des(P,R,Y):  45.0,  0.0,  0.0 | Act(P,R,Y):  46.4,  0.0, -0.9
[G13-W02] t=2.80s | Des(P,R,Y):   0.0,  0.0,  0.0 | Act(P,R,Y):   3.3, -0.1, -1.4
[G13-W03] t=1.80s | Des(P,R,Y):  45.0,  0.0,  0.0 | Act(P,R,Y):  44.3,  0.2, -1.6
[G13-W01] t=2.60s | Des(P,R,Y):   0.0,  0.0,  0.0 | Act(P,R,Y):  14.9,  4.5, -9.8
[G13-W04] t=1.80s | Des(P,R,Y):  45.0,  0.0,  0.0 | Act(P,R,Y):  45.5,  0.1, -0.6
[G13-W05] t=3.00s | Des(P,R,Y):   0.0, 35.0,  0.0 | Act(P,R,Y):   0.2,  8.0, -0.9
[G13-W02] t=3.00s | Des(P,R,Y):   0.0, 35.0,  0.0 | Act(P,R,Y):   1.3,  3.7, -1.8
[G13-W06] t=2.00s | Des(P,R,Y):   0.0,  0.0,  0.0 | Act(P,R,Y):  44.5,  0.8, -0.2
[G13-W01] t=2.80s | Des(P,R,Y):   0.0,  0.0,  0.0 | Act(P,R,Y): -14.0, -4.2,  9.7
[G13-W03] t=2.00s | Des(P,R,Y):   0.0,  0.0,  0.0 | Act(P,R,Y):  45.9,  1.0, -0.9
[G13-W05] t=3.20s | Des(P,R,Y):   0.0, 35.0,  0.0 | Act(P,R,Y):  -0.9, 30.9, -1.3
[G13-W02] t=3.20s | Des(P,R,Y):   0.0, 35.0,  0.0 | Act(P,R,Y):  -0.2, 18.8, -2.1
[G13-W04] t=2.00s | Des(P,R,Y):   0.0,  0.0,  0.0 | Act(P,R,Y):  43.7,  0.9,  0.0
[G13-W06] t=2.20s | Des(P,R,Y):   0.0,  0.0,  0.0 | Act(P,R,Y):  22.8,  0.2, -0.4
[G13-W01] t=3.00s | Des(P,R,Y):   0.0, 35.0,  0.0 | Act(P,R,Y):  10.4, 14.5, -9.6
[G13-W03] t=2.20s | Des(P,R,Y):   0.0,  0.0,  0.0 | Act(P,R,Y):  35.4,  0.8, -0.7
[G13-W05] t=3.40s | Des(P,R,Y):   0.0, 35.0,  0.0 | Act(P,R,Y):   0.4, 35.1, -0.7
[G13-W02] t=3.40s | Des(P,R,Y):   0.0, 35.0,  0.0 | Act(P,R,Y):  -0.2, 27.6, -2.0
[G13-W04] t=2.20s | Des(P,R,Y):   0.0,  0.0,  0.0 | Act(P,R,Y):  21.8,  0.3, -0.3
[G13-W01] t=3.20s | Des(P,R,Y):   0.0, 35.0,  0.0 | Act(P,R,Y):  -9.8, 29.1, -3.5
[G13-W06] t=2.40s | Des(P,R,Y):   0.0,  0.0,  0.0 | Act(P,R,Y):  11.8,  0.0, -0.4
[G13-W05] t=3.60s | Des(P,R,Y):   0.0, 35.0,  0.0 | Act(P,R,Y):   0.6, 35.6, -0.6
[G13-W03] t=2.40s | Des(P,R,Y):   0.0,  0.0,  0.0 | Act(P,R,Y):  26.2,  0.3, -0.7
[G13-W02] t=3.60s | Des(P,R,Y):   0.0, 35.0,  0.0 | Act(P,R,Y):   0.5, 32.0, -1.8
[G13-W01] t=3.40s | Des(P,R,Y):   0.0, 35.0,  0.0 | Act(P,R,Y):   3.7, 41.2,  4.7
[G13-W04] t=2.40s | Des(P,R,Y):   0.0,  0.0,  0.0 | Act(P,R,Y):  11.1,  0.1, -0.3
[G13-W05] t=3.80s | Des(P,R,Y):   0.0, 35.0,  0.0 | Act(P,R,Y):   0.9, 35.7, -0.6
[G13-W06] t=2.60s | Des(P,R,Y):   0.0,  0.0,  0.0 | Act(P,R,Y):   5.8, -0.1, -0.5
[G13-W02] t=3.80s | Des(P,R,Y):   0.0, 35.0,  0.0 | Act(P,R,Y):   0.9, 34.0, -1.8
[G13-W01] t=3.60s | Des(P,R,Y):   0.0, 35.0,  0.0 | Act(P,R,Y):  -2.4, 33.0, -6.7
[G13-W03] t=2.60s | Des(P,R,Y):   0.0,  0.0,  0.0 | Act(P,R,Y):  18.3, -0.2, -0.8
[G13-W05] t=4.00s | Des(P,R,Y):   0.0,  0.0,  0.0 | Act(P,R,Y):   2.5, 28.3,  0.2
[G13-W01] t=3.80s | Des(P,R,Y):   0.0, 35.0,  0.0 | Act(P,R,Y):   8.1, 34.7, -2.2
[G13-W02] t=4.00s | Des(P,R,Y):   0.0,  0.0,  0.0 | Act(P,R,Y):   2.1, 31.5, -1.2
[G13-W04] t=2.60s | Des(P,R,Y):   0.0,  0.0,  0.0 | Act(P,R,Y):   5.5,  0.1, -0.3
[G13-W06] t=2.80s | Des(P,R,Y):   0.0,  0.0,  0.0 | Act(P,R,Y):   2.2, -0.3, -0.6
[G13-W03] t=2.80s | Des(P,R,Y):   0.0,  0.0,  0.0 | Act(P,R,Y):  11.7, -0.5, -0.9
[G13-W05] t=4.20s | Des(P,R,Y):   0.0,  0.0,  0.0 | Act(P,R,Y):   1.2,  5.0, -0.4
[G13-W02] t=4.20s | Des(P,R,Y):   0.0,  0.0,  0.0 | Act(P,R,Y):   2.8, 17.8, -1.0
[G13-W01] t=4.00s | Des(P,R,Y):   0.0,  0.0,  0.0 | Act(P,R,Y):  -3.7, 29.2,  5.7
[G13-W05] t=4.40s | Des(P,R,Y):   0.0,  0.0,  0.0 | Act(P,R,Y):   0.7,  0.7, -0.5
[G13-W02] t=4.40s | Des(P,R,Y):   0.0,  0.0,  0.0 | Act(P,R,Y):   2.3,  9.5, -1.1
[G13-W04] t=2.80s | Des(P,R,Y):   0.0,  0.0,  0.0 | Act(P,R,Y):   2.2, -0.3, -0.5
[G13-W01] t=4.20s | Des(P,R,Y):   0.0,  0.0,  0.0 | Act(P,R,Y):   7.4, -6.8,  2.0
[G13-W03] t=3.00s | Des(P,R,Y):   0.0, 35.0,  0.0 | Act(P,R,Y):   6.6,  1.7, -1.1
[G13-W06] t=3.00s | Des(P,R,Y):   0.0, 35.0,  0.0 | Act(P,R,Y):   0.1,  3.2, -1.0
[G13-W02] t=4.60s | Des(P,R,Y):   0.0,  0.0,  0.0 | Act(P,R,Y):   1.6,  4.8, -1.3
[G13-W05] t=4.60s | Des(P,R,Y):   0.0,  0.0,  0.0 | Act(P,R,Y):   0.2, -0.1, -0.7
[G13-W01] t=4.40s | Des(P,R,Y):   0.0,  0.0,  0.0 | Act(P,R,Y):   8.1, -1.3, -3.0
[G13-W03] t=3.20s | Des(P,R,Y):   0.0, 35.0,  0.0 | Act(P,R,Y):   2.6, 11.9, -1.5
[G13-W06] t=3.20s | Des(P,R,Y):   0.0, 35.0,  0.0 | Act(P,R,Y):  -1.2, 19.1, -1.6
[G13-W02] t=4.80s | Des(P,R,Y):   0.0,  0.0,  0.0 | Act(P,R,Y):   1.0,  2.4, -1.4
[G13-W04] t=3.00s | Des(P,R,Y):   0.0, 35.0,  0.0 | Act(P,R,Y):   0.3,  3.7, -0.9
[G13-W05] t=4.80s | Des(P,R,Y):   0.0,  0.0,  0.0 | Act(P,R,Y):  -0.1, -0.0, -0.7
[G13-W01] t=4.60s | Des(P,R,Y):   0.0,  0.0,  0.0 | Act(P,R,Y):   8.2,  3.1,  3.8
[G13-W06] t=3.40s | Des(P,R,Y):   0.0, 35.0,  0.0 | Act(P,R,Y):  -0.5, 28.6, -1.3
[G13-W02] t=5.00s | Des(P,R,Y):   0.0,  0.0, 50.0 | Act(P,R,Y):  -0.6, -2.4, -0.5
[G13-W03] t=3.40s | Des(P,R,Y):   0.0, 35.0,  0.0 | Act(P,R,Y):  -0.4, 20.2, -2.0
[G13-W05] t=5.00s | Des(P,R,Y):   0.0,  0.0, 50.0 | Act(P,R,Y):  -1.7, -3.8,  0.2
[G13-W01] t=4.80s | Des(P,R,Y):   0.0,  0.0,  0.0 | Act(P,R,Y): -15.7, -2.9, -1.5
[G13-W04] t=3.20s | Des(P,R,Y):   0.0, 35.0,  0.0 | Act(P,R,Y):  -0.9, 19.2, -1.4
[G13-W03] t=3.60s | Des(P,R,Y):   0.0, 35.0,  0.0 | Act(P,R,Y):  -0.3, 27.4, -1.3
[G13-W02] t=5.20s | Des(P,R,Y):   0.0,  0.0, 50.0 | Act(P,R,Y):  -0.2, -2.9, 22.4
[G13-W06] t=3.60s | Des(P,R,Y):   0.0, 35.0,  0.0 | Act(P,R,Y):   0.3, 33.4, -0.7
[G13-W01] t=5.00s | Des(P,R,Y):   0.0,  0.0, 50.0 | Act(P,R,Y):   8.8, -7.3, -0.3
[G13-W05] t=5.20s | Des(P,R,Y):   0.0,  0.0, 50.0 | Act(P,R,Y):  -5.3,-13.3, 23.4
[G13-W04] t=3.40s | Des(P,R,Y):   0.0, 35.0,  0.0 | Act(P,R,Y):  -0.9, 27.8, -1.3
[G13-W02] t=5.40s | Des(P,R,Y):   0.0,  0.0, 50.0 | Act(P,R,Y):  -6.1,-13.7, 10.8
[G13-W03] t=3.80s | Des(P,R,Y):   0.0, 35.0,  0.0 | Act(P,R,Y):  -0.7, 32.3, -1.0
[G13-W06] t=3.80s | Des(P,R,Y):   0.0, 35.0,  0.0 | Act(P,R,Y):   0.7, 35.6, -0.7
[G13-W05] t=5.40s | Des(P,R,Y):   0.0,  0.0, 50.0 | Act(P,R,Y):  -2.3,-10.8, 10.6
[G13-W01] t=5.20s | Des(P,R,Y):   0.0,  0.0, 50.0 | Act(P,R,Y): -25.0,-35.3, 23.2
[G13-W02] t=5.60s | Des(P,R,Y):   0.0,  0.0, 50.0 | Act(P,R,Y):  -6.5,-21.5, 10.6
[G13-W04] t=3.60s | Des(P,R,Y):   0.0, 35.0,  0.0 | Act(P,R,Y):   0.2, 32.8, -0.7
[G13-W05] t=5.60s | Des(P,R,Y):   0.0,  0.0, 50.0 | Act(P,R,Y):  -1.0,-19.2, 10.7
[G13-W01] t=5.40s | Des(P,R,Y):   0.0,  0.0, 50.0 | Act(P,R,Y):   6.2,-30.7, 10.1
[G13-W06] t=4.00s | Des(P,R,Y):   0.0,  0.0,  0.0 | Act(P,R,Y):   1.4, 32.4, -0.3
[G13-W03] t=4.00s | Des(P,R,Y):   0.0,  0.0,  0.0 | Act(P,R,Y):  -0.7, 33.2, -0.6
[G13-W02] t=5.80s | Des(P,R,Y):   0.0,  0.0, 50.0 | Act(P,R,Y):  -4.3,-26.2, 20.9
[G13-W05] t=5.80s | Des(P,R,Y):   0.0,  0.0, 50.0 | Act(P,R,Y):  -1.0,-26.5, 20.9
[G13-W01] t=5.60s | Des(P,R,Y):   0.0,  0.0, 50.0 | Act(P,R,Y):  -9.0,-35.0, 10.5
[G13-W06] t=4.20s | Des(P,R,Y):   0.0,  0.0,  0.0 | Act(P,R,Y):   1.3, 17.1, -0.3
[G13-W04] t=3.80s | Des(P,R,Y):   0.0, 35.0,  0.0 | Act(P,R,Y):   0.6, 35.0, -0.5
[G13-W03] t=4.20s | Des(P,R,Y):   0.0,  0.0,  0.0 | Act(P,R,Y):  -0.5, 25.4, -0.5
[G13-W02] t=6.00s | Des(P,R,Y):   0.0,  0.0,  0.0 | Act(P,R,Y):   4.6,-18.2, 35.3
[Fixation Controller] Initialized 3-DOF Virtual Work tracking for Eyes.
Eval SUCCESS: G13-W02 | Kp=123.85, Ki=12.51, Kd=40.26 => Score=40.6
[G13-W05] t=6.00s | Des(P,R,Y):   0.0,  0.0,  0.0 | Act(P,R,Y):   7.5,-23.4, 35.8
[Fixation Controller] Initialized 3-DOF Virtual Work tracking for Eyes.
Eval SUCCESS: G13-W05 | Kp=328.24, Ki=28.32, Kd=39.65 => Score=29.6
[G13-W01] t=5.80s | Des(P,R,Y):   0.0,  0.0, 50.0 | Act(P,R,Y):  -2.9,-33.6, 20.7
[G13-W06] t=4.40s | Des(P,R,Y):   0.0,  0.0,  0.0 | Act(P,R,Y):   1.0,  9.0, -0.3
[G13-W04] t=4.00s | Des(P,R,Y):   0.0,  0.0,  0.0 | Act(P,R,Y):   1.3, 31.7, -0.2
[G13-W03] t=4.40s | Des(P,R,Y):   0.0,  0.0,  0.0 | Act(P,R,Y):  -0.4, 19.2, -0.3
[G13-W01] t=6.00s | Des(P,R,Y):   0.0,  0.0,  0.0 | Act(P,R,Y):  11.7,-23.8, 35.3
[Fixation Controller] Initialized 3-DOF Virtual Work tracking for Eyes.
Eval SUCCESS: G13-W01 | Kp=226.92, Ki=18.18, Kd=2.99 => Score=65.6
[G13-W04] t=4.20s | Des(P,R,Y):   0.0,  0.0,  0.0 | Act(P,R,Y):   1.2, 16.8, -0.1
[G13-W06] t=4.60s | Des(P,R,Y):   0.0,  0.0,  0.0 | Act(P,R,Y):   0.6,  4.7, -0.2
[G13-W03] t=4.60s | Des(P,R,Y):   0.0,  0.0,  0.0 | Act(P,R,Y):  -0.9, 14.4,  0.0
[G13-W04] t=4.40s | Des(P,R,Y):   0.0,  0.0,  0.0 | Act(P,R,Y):   1.1,  8.9,  0.1
[G13-W06] t=4.80s | Des(P,R,Y):   0.0,  0.0,  0.0 | Act(P,R,Y):  -0.2,  1.8, -0.5
[G13-W03] t=4.80s | Des(P,R,Y):   0.0,  0.0,  0.0 | Act(P,R,Y):  -1.8,  9.7, -0.2
[G13-W04] t=4.60s | Des(P,R,Y):   0.0,  0.0,  0.0 | Act(P,R,Y):   0.3,  4.0, -0.3
[G13-W06] t=5.00s | Des(P,R,Y):   0.0,  0.0, 50.0 | Act(P,R,Y):  -2.6, -2.2,  0.1
[G13-W03] t=5.00s | Des(P,R,Y):   0.0,  0.0, 50.0 | Act(P,R,Y):  -4.3,  3.9,  0.3
[G13-W06] t=5.20s | Des(P,R,Y):   0.0,  0.0, 50.0 | Act(P,R,Y):  -2.6, -3.3, 22.4
[G13-W03] t=5.20s | Des(P,R,Y):   0.0,  0.0, 50.0 | Act(P,R,Y):  -4.2,  1.5, 17.1
[G13-W04] t=4.80s | Des(P,R,Y):   0.0,  0.0,  0.0 | Act(P,R,Y):  -0.6,  1.5, -0.6
[G13-W06] t=5.40s | Des(P,R,Y):   0.0,  0.0, 50.0 | Act(P,R,Y):  -3.7, -6.7, 10.9
[G13-W03] t=5.40s | Des(P,R,Y):   0.0,  0.0, 50.0 | Act(P,R,Y):  -7.9, -6.1, 10.7
[G13-W06] t=5.60s | Des(P,R,Y):   0.0,  0.0, 50.0 | Act(P,R,Y):  -3.4, -6.1, 10.8
[G13-W04] t=5.00s | Des(P,R,Y):   0.0,  0.0, 50.0 | Act(P,R,Y):  -2.3, -1.8,  0.1
[G13-W03] t=5.60s | Des(P,R,Y):   0.0,  0.0, 50.0 | Act(P,R,Y):  -8.5, -8.9, 10.8
[G13-W06] t=5.80s | Des(P,R,Y):   0.0,  0.0, 50.0 | Act(P,R,Y):  -1.9,-11.5, 20.8
[G13-W04] t=5.20s | Des(P,R,Y):   0.0,  0.0, 50.0 | Act(P,R,Y):  -2.4, -3.6, 22.3
[G13-W03] t=5.80s | Des(P,R,Y):   0.0,  0.0, 50.0 | Act(P,R,Y):  -6.6, -9.9, 20.8
[G13-W06] t=6.00s | Des(P,R,Y):   0.0,  0.0,  0.0 | Act(P,R,Y):   5.6,-13.0, 35.7
[Fixation Controller] Initialized 3-DOF Virtual Work tracking for Eyes.
Eval SUCCESS: G13-W06 | Kp=231.23, Ki=50.04, Kd=68.66 => Score=34.6
[G13-W04] t=5.40s | Des(P,R,Y):   0.0,  0.0, 50.0 | Act(P,R,Y):  -3.1, -5.2, 10.8
[G13-W03] t=6.00s | Des(P,R,Y):   0.0,  0.0,  0.0 | Act(P,R,Y):   1.5, -2.2, 35.0
[Fixation Controller] Initialized 3-DOF Virtual Work tracking for Eyes.
Eval SUCCESS: G13-W03 | Kp=104.36, Ki=57.48, Kd=63.58 => Score=47.0
[G13-W04] t=5.60s | Des(P,R,Y):   0.0,  0.0, 50.0 | Act(P,R,Y):  -2.5, -4.0, 10.8
[G13-W04] t=5.80s | Des(P,R,Y):   0.0,  0.0, 50.0 | Act(P,R,Y):  -1.4, -7.9, 20.8
[G13-W04] t=6.00s | Des(P,R,Y):   0.0,  0.0,  0.0 | Act(P,R,Y):   4.5, -9.0, 35.5
[Fixation Controller] Initialized 3-DOF Virtual Work tracking for Eyes.
Eval SUCCESS: G13-W04 | Kp=345.84, Ki=51.43, Kd=99.73 => Score=33.4
   13     78 2.961432938466243e+01 2.1e+00 6.72e+01  6e+01  1e+02 52:13.5  
Gen 13: Best Error = 29.61 | Kp=328.24, Ki=28.32, Kd=39.65

--- Generation 14 ---
Found simbody-visualizer, setting SIMBODY_HOME env var to  C:\Users\User\miniforge3\envs\opensim_env\Lib\opensimFound simbody-visualizer, setting SIMBODY_HOME env var to  C:\Users\User\miniforge3\envs\opensim_env\Lib\opensim

Found simbody-visualizer, setting SIMBODY_HOME env var to  C:\Users\User\miniforge3\envs\opensim_env\Lib\opensimFound simbody-visualizer, setting SIMBODY_HOME env var to  C:\Users\User\miniforge3\envs\opensim_env\Lib\opensim

Found simbody-visualizer, setting SIMBODY_HOME env var to  C:\Users\User\miniforge3\envs\opensim_env\Lib\opensim
Found simbody-visualizer, setting SIMBODY_HOME env var to  C:\Users\User\miniforge3\envs\opensim_env\Lib\opensim
Eval CRASHED: G14-W03 | Kp=301.36, Ki=7.31, Kd=57.63
[G14-W01] t=0.20s | Des(P,R,Y):   0.0,  0.0,  0.0 | Act(P,R,Y):  -0.5,  0.1, -0.6
[G14-W06] t=0.20s | Des(P,R,Y):   0.0,  0.0,  0.0 | Act(P,R,Y):   0.3,  1.2,  0.6
[G14-W02] t=0.20s | Des(P,R,Y):   0.0,  0.0,  0.0 | Act(P,R,Y):   0.2,  1.2,  0.5
[G14-W05] t=0.20s | Des(P,R,Y):   0.0,  0.0,  0.0 | Act(P,R,Y):   0.9,  1.8,  1.9
[G14-W04] t=0.20s | Des(P,R,Y):   0.0,  0.0,  0.0 | Act(P,R,Y):   0.9,  1.6,  1.7
[G14-W01] t=0.40s | Des(P,R,Y):   0.0,  0.0,  0.0 | Act(P,R,Y):  -1.0, -0.5, -1.1
[G14-W06] t=0.40s | Des(P,R,Y):   0.0,  0.0,  0.0 | Act(P,R,Y):  -0.6,  0.2, -0.2
[G14-W02] t=0.40s | Des(P,R,Y):   0.0,  0.0,  0.0 | Act(P,R,Y):  -0.6,  0.1, -0.2
[G14-W05] t=0.40s | Des(P,R,Y):   0.0,  0.0,  0.0 | Act(P,R,Y):   0.4,  1.2,  1.2
[G14-W04] t=0.40s | Des(P,R,Y):   0.0,  0.0,  0.0 | Act(P,R,Y):   0.2,  1.1,  0.9
[G14-W01] t=0.60s | Des(P,R,Y):   0.0,  0.0,  0.0 | Act(P,R,Y):  -0.7, -0.4, -0.8
[G14-W06] t=0.60s | Des(P,R,Y):   0.0,  0.0,  0.0 | Act(P,R,Y):  -0.8, -0.2, -0.3
[G14-W01] t=0.80s | Des(P,R,Y):   0.0,  0.0,  0.0 | Act(P,R,Y):  -0.6, -0.3, -0.7
[G14-W02] t=0.60s | Des(P,R,Y):   0.0,  0.0,  0.0 | Act(P,R,Y):  -0.8, -0.3, -0.3
[G14-W05] t=0.60s | Des(P,R,Y):   0.0,  0.0,  0.0 | Act(P,R,Y):   0.1,  0.8,  0.7
[G14-W04] t=0.60s | Des(P,R,Y):   0.0,  0.0,  0.0 | Act(P,R,Y):  -0.3,  0.5,  0.4
[G14-W01] t=1.00s | Des(P,R,Y):  45.0,  0.0,  0.0 | Act(P,R,Y):   9.0, -0.1, -0.9
[G14-W06] t=0.80s | Des(P,R,Y):   0.0,  0.0,  0.0 | Act(P,R,Y):  -1.1, -0.5, -0.5
[G14-W02] t=0.80s | Des(P,R,Y):   0.0,  0.0,  0.0 | Act(P,R,Y):  -1.1, -0.6, -0.5
[G14-W01] t=1.20s | Des(P,R,Y):  45.0,  0.0,  0.0 | Act(P,R,Y):  39.1, -0.5, -0.7
[G14-W05] t=0.80s | Des(P,R,Y):   0.0,  0.0,  0.0 | Act(P,R,Y):  -0.5,  0.2,  0.2
[G14-W04] t=0.80s | Des(P,R,Y):   0.0,  0.0,  0.0 | Act(P,R,Y):  -0.9, -0.2, -0.1
[G14-W01] t=1.40s | Des(P,R,Y):  45.0,  0.0,  0.0 | Act(P,R,Y):  44.5, -0.8, -1.0
[G14-W01] t=1.60s | Des(P,R,Y):  45.0,  0.0,  0.0 | Act(P,R,Y):  46.6, -0.5, -0.9
[G14-W06] t=1.00s | Des(P,R,Y):  45.0,  0.0,  0.0 | Act(P,R,Y):   3.9, -1.0, -1.0
[G14-W02] t=1.00s | Des(P,R,Y):  45.0,  0.0,  0.0 | Act(P,R,Y):   4.1, -1.0, -1.0
[G14-W01] t=1.80s | Des(P,R,Y):  45.0,  0.0,  0.0 | Act(P,R,Y):  47.9, -0.1, -0.5
[G14-W05] t=1.00s | Des(P,R,Y):  45.0,  0.0,  0.0 | Act(P,R,Y):   2.7, -0.7, -0.4
[G14-W04] t=1.00s | Des(P,R,Y):  45.0,  0.0,  0.0 | Act(P,R,Y):   2.1, -0.9, -0.7
[G14-W06] t=1.20s | Des(P,R,Y):  45.0,  0.0,  0.0 | Act(P,R,Y):  29.6, -0.9, -1.0
[G14-W02] t=1.20s | Des(P,R,Y):  45.0,  0.0,  0.0 | Act(P,R,Y):  31.1, -0.9, -1.0
[G14-W01] t=2.00s | Des(P,R,Y):   0.0,  0.0,  0.0 | Act(P,R,Y):  43.8,  1.2,  0.5
[G14-W01] t=2.20s | Des(P,R,Y):   0.0,  0.0,  0.0 | Act(P,R,Y):  10.1,  0.3, -0.1
[G14-W05] t=1.20s | Des(P,R,Y):  45.0,  0.0,  0.0 | Act(P,R,Y):  18.8, -0.9, -0.7
[G14-W06] t=1.40s | Des(P,R,Y):  45.0,  0.0,  0.0 | Act(P,R,Y):  40.6, -0.5, -0.9
[G14-W04] t=1.20s | Des(P,R,Y):  45.0,  0.0,  0.0 | Act(P,R,Y):  17.5, -1.3, -1.1
[G14-W02] t=1.40s | Des(P,R,Y):  45.0,  0.0,  0.0 | Act(P,R,Y):  41.8, -0.4, -0.8
[G14-W01] t=2.40s | Des(P,R,Y):   0.0,  0.0,  0.0 | Act(P,R,Y):   2.3, -0.0, -0.6
[G14-W05] t=1.40s | Des(P,R,Y):  45.0,  0.0,  0.0 | Act(P,R,Y):  29.6, -0.9, -0.7
[G14-W06] t=1.60s | Des(P,R,Y):  45.0,  0.0,  0.0 | Act(P,R,Y):  45.1, -0.3, -0.8
[G14-W04] t=1.40s | Des(P,R,Y):  45.0,  0.0,  0.0 | Act(P,R,Y):  29.2, -1.3, -1.2
[G14-W02] t=1.60s | Des(P,R,Y):  45.0,  0.0,  0.0 | Act(P,R,Y):  45.6, -0.1, -0.8
[G14-W01] t=2.60s | Des(P,R,Y):   0.0,  0.0,  0.0 | Act(P,R,Y):   0.4,  0.1, -0.5
[G14-W01] t=2.80s | Des(P,R,Y):   0.0,  0.0,  0.0 | Act(P,R,Y):  -0.4,  0.0, -0.5
[G14-W06] t=1.80s | Des(P,R,Y):  45.0,  0.0,  0.0 | Act(P,R,Y):  47.3,  0.1, -0.5
[G14-W05] t=1.60s | Des(P,R,Y):  45.0,  0.0,  0.0 | Act(P,R,Y):  36.7, -0.7, -0.6
[G14-W02] t=1.80s | Des(P,R,Y):  45.0,  0.0,  0.0 | Act(P,R,Y):  47.5,  0.2, -0.5
[G14-W04] t=1.60s | Des(P,R,Y):  45.0,  0.0,  0.0 | Act(P,R,Y):  37.8, -0.9, -1.1
[G14-W01] t=3.00s | Des(P,R,Y):   0.0, 35.0,  0.0 | Act(P,R,Y):  -0.6,  7.1, -0.8
[G14-W06] t=2.00s | Des(P,R,Y):   0.0,  0.0,  0.0 | Act(P,R,Y):  44.9,  0.9,  0.2
[G14-W02] t=2.00s | Des(P,R,Y):   0.0,  0.0,  0.0 | Act(P,R,Y):  44.7,  1.2,  0.3
[G14-W04] t=1.80s | Des(P,R,Y):  45.0,  0.0,  0.0 | Act(P,R,Y):  43.6, -0.3, -0.8
[G14-W05] t=1.80s | Des(P,R,Y):  45.0,  0.0,  0.0 | Act(P,R,Y):  41.0, -0.3, -0.4
[G14-W01] t=3.20s | Des(P,R,Y):   0.0, 35.0,  0.0 | Act(P,R,Y):  -1.3, 29.5, -1.0
[G14-W06] t=2.20s | Des(P,R,Y):   0.0,  0.0,  0.0 | Act(P,R,Y):  18.7,  0.3, -0.1
[G14-W02] t=2.20s | Des(P,R,Y):   0.0,  0.0,  0.0 | Act(P,R,Y):  17.0,  0.4, -0.1
[G14-W01] t=3.40s | Des(P,R,Y):   0.0, 35.0,  0.0 | Act(P,R,Y):  -0.4, 35.0, -0.6
[G14-W04] t=2.00s | Des(P,R,Y):   0.0,  0.0,  0.0 | Act(P,R,Y):  44.2,  0.5, -0.3
[G14-W05] t=2.00s | Des(P,R,Y):   0.0,  0.0,  0.0 | Act(P,R,Y):  40.6,  0.4,  0.0
[G14-W06] t=2.40s | Des(P,R,Y):   0.0,  0.0,  0.0 | Act(P,R,Y):   7.9,  0.1, -0.3
[G14-W02] t=2.40s | Des(P,R,Y):   0.0,  0.0,  0.0 | Act(P,R,Y):   6.4,  0.0, -0.3
[G14-W01] t=3.60s | Des(P,R,Y):   0.0, 35.0,  0.0 | Act(P,R,Y):  -0.1, 36.0, -0.5
[G14-W04] t=2.20s | Des(P,R,Y):   0.0,  0.0,  0.0 | Act(P,R,Y):  30.3,  0.3, -0.3
[G14-W05] t=2.20s | Des(P,R,Y):   0.0,  0.0,  0.0 | Act(P,R,Y):  24.9,  0.2, -0.1
[G14-W01] t=3.80s | Des(P,R,Y):   0.0, 35.0,  0.0 | Act(P,R,Y):   0.4, 36.4, -0.4
[G14-W06] t=2.60s | Des(P,R,Y):   0.0,  0.0,  0.0 | Act(P,R,Y):   3.0,  0.0, -0.3
[G14-W02] t=2.60s | Des(P,R,Y):   0.0,  0.0,  0.0 | Act(P,R,Y):   2.2, -0.1, -0.3
[G14-W04] t=2.40s | Des(P,R,Y):   0.0,  0.0,  0.0 | Act(P,R,Y):  20.3,  0.2, -0.3
[G14-W05] t=2.40s | Des(P,R,Y):   0.0,  0.0,  0.0 | Act(P,R,Y):  15.2,  0.2, -0.1
[G14-W01] t=4.00s | Des(P,R,Y):   0.0,  0.0,  0.0 | Act(P,R,Y):   1.9, 29.8,  0.3
[G14-W06] t=2.80s | Des(P,R,Y):   0.0,  0.0,  0.0 | Act(P,R,Y):   0.6, -0.2, -0.4
[G14-W02] t=2.80s | Des(P,R,Y):   0.0,  0.0,  0.0 | Act(P,R,Y):   0.2, -0.3, -0.5
[G14-W01] t=4.20s | Des(P,R,Y):   0.0,  0.0,  0.0 | Act(P,R,Y):   0.9,  7.4, -0.1
[G14-W04] t=2.60s | Des(P,R,Y):   0.0,  0.0,  0.0 | Act(P,R,Y):  13.1,  0.1, -0.3
[G14-W05] t=2.60s | Des(P,R,Y):   0.0,  0.0,  0.0 | Act(P,R,Y):   9.5,  0.3,  0.1
[G14-W01] t=4.40s | Des(P,R,Y):   0.0,  0.0,  0.0 | Act(P,R,Y):   0.3,  1.6, -0.1
[G14-W06] t=3.00s | Des(P,R,Y):   0.0, 35.0,  0.0 | Act(P,R,Y):  -0.8,  4.0, -0.9
[G14-W05] t=2.80s | Des(P,R,Y):   0.0,  0.0,  0.0 | Act(P,R,Y):   5.5,  0.1, -0.0
[G14-W02] t=3.00s | Des(P,R,Y):   0.0, 35.0,  0.0 | Act(P,R,Y):  -0.9,  4.1, -0.9
[G14-W04] t=2.80s | Des(P,R,Y):   0.0,  0.0,  0.0 | Act(P,R,Y):   7.7, -0.1, -0.3
[G14-W01] t=4.60s | Des(P,R,Y):   0.0,  0.0,  0.0 | Act(P,R,Y):  -0.1, -0.1, -0.4
[G14-W06] t=3.20s | Des(P,R,Y):   0.0, 35.0,  0.0 | Act(P,R,Y):  -1.7, 22.3, -1.3
[G14-W02] t=3.20s | Des(P,R,Y):   0.0, 35.0,  0.0 | Act(P,R,Y):  -1.6, 23.4, -1.3
[G14-W05] t=3.00s | Des(P,R,Y):   0.0, 35.0,  0.0 | Act(P,R,Y):   2.6,  2.6, -0.5
[G14-W04] t=3.00s | Des(P,R,Y):   0.0, 35.0,  0.0 | Act(P,R,Y):   3.8,  2.7, -0.5
[G14-W01] t=4.80s | Des(P,R,Y):   0.0,  0.0,  0.0 | Act(P,R,Y):  -0.6, -0.3, -0.4
[G14-W06] t=3.40s | Des(P,R,Y):   0.0, 35.0,  0.0 | Act(P,R,Y):  -0.6, 31.5, -0.7
[G14-W02] t=3.40s | Des(P,R,Y):   0.0, 35.0,  0.0 | Act(P,R,Y):  -0.4, 32.3, -0.6
[G14-W01] t=5.00s | Des(P,R,Y):   0.0,  0.0, 50.0 | Act(P,R,Y):  -2.2, -4.0,  0.4
[G14-W05] t=3.20s | Des(P,R,Y):   0.0, 35.0,  0.0 | Act(P,R,Y):   0.9, 14.7, -0.8
[G14-W04] t=3.20s | Des(P,R,Y):   0.0, 35.0,  0.0 | Act(P,R,Y):   1.1, 14.3, -0.9
[G14-W06] t=3.60s | Des(P,R,Y):   0.0, 35.0,  0.0 | Act(P,R,Y):  -0.0, 35.1, -0.4
[G14-W02] t=3.60s | Des(P,R,Y):   0.0, 35.0,  0.0 | Act(P,R,Y):  -0.0, 35.3, -0.4
[G14-W01] t=5.20s | Des(P,R,Y):   0.0,  0.0, 50.0 | Act(P,R,Y):  -4.2,-10.2, 22.9
[G14-W06] t=3.80s | Des(P,R,Y):   0.0, 35.0,  0.0 | Act(P,R,Y):   0.3, 36.4, -0.4
[G14-W01] t=5.40s | Des(P,R,Y):   0.0,  0.0, 50.0 | Act(P,R,Y):  -3.1, -7.4, 10.7
[G14-W02] t=3.80s | Des(P,R,Y):   0.0, 35.0,  0.0 | Act(P,R,Y):   0.3, 36.3, -0.3
[G14-W05] t=3.40s | Des(P,R,Y):   0.0, 35.0,  0.0 | Act(P,R,Y):  -0.3, 22.4, -1.2
[G14-W04] t=3.40s | Des(P,R,Y):   0.0, 35.0,  0.0 | Act(P,R,Y):  -0.8, 22.6, -1.2
[G14-W01] t=5.60s | Des(P,R,Y):   0.0,  0.0, 50.0 | Act(P,R,Y):  -1.5, -7.8, 10.7
[G14-W06] t=4.00s | Des(P,R,Y):   0.0,  0.0,  0.0 | Act(P,R,Y):   1.0, 31.7,  0.0
[G14-W02] t=4.00s | Des(P,R,Y):   0.0,  0.0,  0.0 | Act(P,R,Y):   1.1, 31.4,  0.1
[G14-W01] t=5.80s | Des(P,R,Y):   0.0,  0.0, 50.0 | Act(P,R,Y):  -1.4,-16.3, 20.9
[G14-W05] t=3.60s | Des(P,R,Y):   0.0, 35.0,  0.0 | Act(P,R,Y):  -0.3, 27.1, -1.0
[G14-W04] t=3.60s | Des(P,R,Y):   0.0, 35.0,  0.0 | Act(P,R,Y):  -1.4, 28.5, -1.0
[G14-W06] t=4.20s | Des(P,R,Y):   0.0,  0.0,  0.0 | Act(P,R,Y):   0.7, 13.7, -0.1
[G14-W02] t=4.20s | Des(P,R,Y):   0.0,  0.0,  0.0 | Act(P,R,Y):   0.7, 12.4, -0.1
[G14-W01] t=6.00s | Des(P,R,Y):   0.0,  0.0,  0.0 | Act(P,R,Y):   7.8,-16.9, 35.7
[Fixation Controller] Initialized 3-DOF Virtual Work tracking for Eyes.
Eval SUCCESS: G14-W01 | Kp=302.96, Ki=78.11, Kd=43.95 => Score=28.5
[G14-W05] t=3.80s | Des(P,R,Y):   0.0, 35.0,  0.0 | Act(P,R,Y):   0.0, 30.8, -0.7
[G14-W04] t=3.80s | Des(P,R,Y):   0.0, 35.0,  0.0 | Act(P,R,Y):  -1.4, 32.9, -0.7
[G14-W06] t=4.40s | Des(P,R,Y):   0.0,  0.0,  0.0 | Act(P,R,Y):   0.7,  6.2,  0.2
[G14-W02] t=4.40s | Des(P,R,Y):   0.0,  0.0,  0.0 | Act(P,R,Y):   0.6,  5.3,  0.2
[G14-W05] t=4.00s | Des(P,R,Y):   0.0,  0.0,  0.0 | Act(P,R,Y):   0.7, 30.5, -0.2
[G14-W04] t=4.00s | Des(P,R,Y):   0.0,  0.0,  0.0 | Act(P,R,Y):  -0.8, 33.2, -0.1
[G14-W06] t=4.60s | Des(P,R,Y):   0.0,  0.0,  0.0 | Act(P,R,Y):  -0.1,  2.1, -0.1
[G14-W02] t=4.60s | Des(P,R,Y):   0.0,  0.0,  0.0 | Act(P,R,Y):  -0.2,  1.5, -0.2
[G14-W04] t=4.20s | Des(P,R,Y):   0.0,  0.0,  0.0 | Act(P,R,Y):  -0.2, 23.6,  0.3
[G14-W05] t=4.20s | Des(P,R,Y):   0.0,  0.0,  0.0 | Act(P,R,Y):   1.1, 19.8,  0.1
[G14-W06] t=4.80s | Des(P,R,Y):   0.0,  0.0,  0.0 | Act(P,R,Y):  -0.9,  0.3, -0.4
[G14-W02] t=4.80s | Des(P,R,Y):   0.0,  0.0,  0.0 | Act(P,R,Y):  -0.8, -0.1, -0.4
[G14-W04] t=4.40s | Des(P,R,Y):   0.0,  0.0,  0.0 | Act(P,R,Y):  -0.1, 16.5,  0.5
[G14-W05] t=4.40s | Des(P,R,Y):   0.0,  0.0,  0.0 | Act(P,R,Y):   1.2, 12.8,  0.3
[G14-W06] t=5.00s | Des(P,R,Y):   0.0,  0.0, 50.0 | Act(P,R,Y):  -2.6, -2.4,  0.2
[G14-W02] t=5.00s | Des(P,R,Y):   0.0,  0.0, 50.0 | Act(P,R,Y):  -2.7, -2.9,  0.3
[G14-W06] t=5.20s | Des(P,R,Y):   0.0,  0.0, 50.0 | Act(P,R,Y):  -2.8, -5.4, 22.6
[G14-W02] t=5.20s | Des(P,R,Y):   0.0,  0.0, 50.0 | Act(P,R,Y):  -2.7, -6.2, 22.5
[G14-W04] t=4.60s | Des(P,R,Y):   0.0,  0.0,  0.0 | Act(P,R,Y):  -0.5, 10.6,  0.4
[G14-W05] t=4.60s | Des(P,R,Y):   0.0,  0.0,  0.0 | Act(P,R,Y):   0.8,  8.0,  0.2
[G14-W06] t=5.40s | Des(P,R,Y):   0.0,  0.0, 50.0 | Act(P,R,Y):  -2.9, -5.4, 10.8
[G14-W02] t=5.40s | Des(P,R,Y):   0.0,  0.0, 50.0 | Act(P,R,Y):  -2.5, -5.1, 10.9
[G14-W06] t=5.60s | Des(P,R,Y):   0.0,  0.0, 50.0 | Act(P,R,Y):  -2.2, -3.7, 10.8
[G14-W02] t=5.60s | Des(P,R,Y):   0.0,  0.0, 50.0 | Act(P,R,Y):  -1.8, -3.3, 10.8
[G14-W04] t=4.80s | Des(P,R,Y):   0.0,  0.0,  0.0 | Act(P,R,Y):  -1.3,  6.3,  0.1
[G14-W05] t=4.80s | Des(P,R,Y):   0.0,  0.0,  0.0 | Act(P,R,Y):   0.1,  4.7, -0.1
[G14-W06] t=5.80s | Des(P,R,Y):   0.0,  0.0, 50.0 | Act(P,R,Y):  -0.9, -9.2, 20.8
[G14-W02] t=5.80s | Des(P,R,Y):   0.0,  0.0, 50.0 | Act(P,R,Y):  -0.8, -8.5, 20.8
[G14-W06] t=6.00s | Des(P,R,Y):   0.0,  0.0,  0.0 | Act(P,R,Y):   6.1,-14.4, 35.6
[G14-W02] t=6.00s | Des(P,R,Y):   0.0,  0.0,  0.0 | Act(P,R,Y):   6.2,-13.9, 35.6
[Fixation Controller] Initialized 3-DOF Virtual Work tracking for Eyes.
Eval SUCCESS: G14-W06 | Kp=377.90, Ki=92.43, Kd=86.88 => Score=31.0
[Fixation Controller] Initialized 3-DOF Virtual Work tracking for Eyes.
Eval SUCCESS: G14-W02 | Kp=416.07, Ki=94.22, Kd=86.93 => Score=29.9
[G14-W04] t=5.00s | Des(P,R,Y):   0.0,  0.0, 50.0 | Act(P,R,Y):  -2.9,  1.5,  0.7
[G14-W05] t=5.00s | Des(P,R,Y):   0.0,  0.0, 50.0 | Act(P,R,Y):  -1.2,  1.1,  0.4
[G14-W04] t=5.20s | Des(P,R,Y):   0.0,  0.0, 50.0 | Act(P,R,Y):  -3.7, -1.3, 18.3
[G14-W05] t=5.20s | Des(P,R,Y):   0.0,  0.0, 50.0 | Act(P,R,Y):  -2.1, -2.1, 18.6
[G14-W04] t=5.40s | Des(P,R,Y):   0.0,  0.0, 50.0 | Act(P,R,Y):  -4.1, -3.8, 10.8
[G14-W05] t=5.40s | Des(P,R,Y):   0.0,  0.0, 50.0 | Act(P,R,Y):  -2.2, -2.8, 10.8
[G14-W04] t=5.60s | Des(P,R,Y):   0.0,  0.0, 50.0 | Act(P,R,Y):  -3.8, -4.1, 10.8
[G14-W05] t=5.60s | Des(P,R,Y):   0.0,  0.0, 50.0 | Act(P,R,Y):  -2.3, -3.3, 10.8
[G14-W04] t=5.80s | Des(P,R,Y):   0.0,  0.0, 50.0 | Act(P,R,Y):  -2.8, -5.8, 20.8
[G14-W05] t=5.80s | Des(P,R,Y):   0.0,  0.0, 50.0 | Act(P,R,Y):  -1.7, -4.4, 20.8
[G14-W04] t=6.00s | Des(P,R,Y):   0.0,  0.0,  0.0 | Act(P,R,Y):   1.9, -2.8, 34.3
[Fixation Controller] Initialized 3-DOF Virtual Work tracking for Eyes.
Eval SUCCESS: G14-W04 | Kp=346.55, Ki=157.52, Kd=159.85 => Score=40.2
[G14-W05] t=6.00s | Des(P,R,Y):   0.0,  0.0,  0.0 | Act(P,R,Y):   2.0, -0.6, 32.0
[Fixation Controller] Initialized 3-DOF Virtual Work tracking for Eyes.
Eval SUCCESS: G14-W05 | Kp=555.52, Ki=57.66, Kd=225.06 => Score=36.9
   14     84 2.850922043529261e+01 2.2e+00 7.57e+01  6e+01  1e+02 56:34.1  
Gen 14: Best Error = 28.51 | Kp=302.96, Ki=78.11, Kd=43.95

--- Generation 15 ---
Found simbody-visualizer, setting SIMBODY_HOME env var to  C:\Users\User\miniforge3\envs\opensim_env\Lib\opensimFound simbody-visualizer, setting SIMBODY_HOME env var to  C:\Users\User\miniforge3\envs\opensim_env\Lib\opensim

Found simbody-visualizer, setting SIMBODY_HOME env var to  C:\Users\User\miniforge3\envs\opensim_env\Lib\opensim
Found simbody-visualizer, setting SIMBODY_HOME env var to  C:\Users\User\miniforge3\envs\opensim_env\Lib\opensim
Found simbody-visualizer, setting SIMBODY_HOME env var to  C:\Users\User\miniforge3\envs\opensim_env\Lib\opensim
Found simbody-visualizer, setting SIMBODY_HOME env var to  C:\Users\User\miniforge3\envs\opensim_env\Lib\opensim
[G15-W03] t=0.20s | Des(P,R,Y):   0.0,  0.0,  0.0 | Act(P,R,Y):  -1.0, -0.3, -1.0
[G15-W04] t=0.20s | Des(P,R,Y):   0.0,  0.0,  0.0 | Act(P,R,Y):  -1.4, -0.6, -1.3
[G15-W01] t=0.20s | Des(P,R,Y):   0.0,  0.0,  0.0 | Act(P,R,Y):   0.3,  1.3,  0.6
[G15-W05] t=0.20s | Des(P,R,Y):   0.0,  0.0,  0.0 | Act(P,R,Y):  -0.0,  0.7,  0.0
[G15-W02] t=0.20s | Des(P,R,Y):   0.0,  0.0,  0.0 | Act(P,R,Y):   0.7,  1.5,  1.5
[G15-W06] t=0.20s | Des(P,R,Y):   0.0,  0.0,  0.0 | Act(P,R,Y):   1.2,  2.7,  2.4
[G15-W04] t=0.40s | Des(P,R,Y):   0.0,  0.0,  0.0 | Act(P,R,Y):  -0.7, -0.2, -1.0
[G15-W03] t=0.40s | Des(P,R,Y):   0.0,  0.0,  0.0 | Act(P,R,Y):  -0.9, -0.4, -1.0
[G15-W05] t=0.40s | Des(P,R,Y):   0.0,  0.0,  0.0 | Act(P,R,Y):  -1.0, -0.3, -0.6
[G15-W01] t=0.40s | Des(P,R,Y):   0.0,  0.0,  0.0 | Act(P,R,Y):  -0.5,  0.3, -0.1
[G15-W06] t=0.40s | Des(P,R,Y):   0.0,  0.0,  0.0 | Act(P,R,Y):   0.7,  2.4,  1.8
[G15-W02] t=0.40s | Des(P,R,Y):   0.0,  0.0,  0.0 | Act(P,R,Y):   0.1,  0.9,  0.7
[G15-W04] t=0.60s | Des(P,R,Y):   0.0,  0.0,  0.0 | Act(P,R,Y):  -0.5, -0.3, -0.8
[G15-W03] t=0.60s | Des(P,R,Y):   0.0,  0.0,  0.0 | Act(P,R,Y):  -0.7, -0.4, -0.8
[G15-W05] t=0.60s | Des(P,R,Y):   0.0,  0.0,  0.0 | Act(P,R,Y):  -0.8, -0.5, -0.5
[G15-W04] t=0.80s | Des(P,R,Y):   0.0,  0.0,  0.0 | Act(P,R,Y):  -0.4, -0.2, -0.8
[G15-W03] t=0.80s | Des(P,R,Y):   0.0,  0.0,  0.0 | Act(P,R,Y):  -0.5, -0.2, -0.7
[G15-W01] t=0.60s | Des(P,R,Y):   0.0,  0.0,  0.0 | Act(P,R,Y):  -0.8, -0.1, -0.3
[G15-W06] t=0.60s | Des(P,R,Y):   0.0,  0.0,  0.0 | Act(P,R,Y):   0.3,  1.8,  1.3
[G15-W02] t=0.60s | Des(P,R,Y):   0.0,  0.0,  0.0 | Act(P,R,Y):  -0.3,  0.4,  0.3
[G15-W04] t=1.00s | Des(P,R,Y):  45.0,  0.0,  0.0 | Act(P,R,Y):   9.6,  0.3, -1.0
[G15-W03] t=1.00s | Des(P,R,Y):  45.0,  0.0,  0.0 | Act(P,R,Y):   9.3,  0.1, -0.9
[G15-W05] t=0.80s | Des(P,R,Y):   0.0,  0.0,  0.0 | Act(P,R,Y):  -0.8, -0.4, -0.6
[G15-W04] t=1.20s | Des(P,R,Y):  45.0,  0.0,  0.0 | Act(P,R,Y):  42.8, -0.4, -0.4
[G15-W01] t=0.80s | Des(P,R,Y):   0.0,  0.0,  0.0 | Act(P,R,Y):  -1.1, -0.4, -0.5
[G15-W03] t=1.20s | Des(P,R,Y):  45.0,  0.0,  0.0 | Act(P,R,Y):  42.2, -0.5, -0.5
[G15-W06] t=0.80s | Des(P,R,Y):   0.0,  0.0,  0.0 | Act(P,R,Y):  -0.2,  1.0,  0.7
[G15-W04] t=1.40s | Des(P,R,Y):  45.0,  0.0,  0.0 | Act(P,R,Y):  45.1, -0.7, -1.2
[G15-W02] t=0.80s | Des(P,R,Y):   0.0,  0.0,  0.0 | Act(P,R,Y):  -0.8, -0.2, -0.1
[G15-W03] t=1.40s | Des(P,R,Y):  45.0,  0.0,  0.0 | Act(P,R,Y):  45.6, -0.8, -1.0
[G15-W05] t=1.00s | Des(P,R,Y):  45.0,  0.0,  0.0 | Act(P,R,Y):   4.6, -0.9, -1.1
[G15-W04] t=1.60s | Des(P,R,Y):  45.0,  0.0,  0.0 | Act(P,R,Y):  46.5, -0.4, -1.0
[G15-W03] t=1.60s | Des(P,R,Y):  45.0,  0.0,  0.0 | Act(P,R,Y):  47.3, -0.4, -0.8
[G15-W01] t=1.00s | Des(P,R,Y):  45.0,  0.0,  0.0 | Act(P,R,Y):   3.8, -0.9, -1.0
[G15-W04] t=1.80s | Des(P,R,Y):  45.0,  0.0,  0.0 | Act(P,R,Y):  47.6,  0.1, -0.6
[G15-W03] t=1.80s | Des(P,R,Y):  45.0,  0.0,  0.0 | Act(P,R,Y):  48.3,  0.1, -0.4
[G15-W05] t=1.20s | Des(P,R,Y):  45.0,  0.0,  0.0 | Act(P,R,Y):  35.5, -0.6, -0.9
[G15-W02] t=1.00s | Des(P,R,Y):  45.0,  0.0,  0.0 | Act(P,R,Y):   3.1, -0.8, -0.6
[G15-W06] t=1.00s | Des(P,R,Y):  45.0,  0.0,  0.0 | Act(P,R,Y):   2.1,  0.3,  0.1
[G15-W04] t=2.00s | Des(P,R,Y):   0.0,  0.0,  0.0 | Act(P,R,Y):  43.3,  1.2,  0.4
[G15-W03] t=2.00s | Des(P,R,Y):   0.0,  0.0,  0.0 | Act(P,R,Y):  44.0,  1.2,  0.6
[G15-W01] t=1.20s | Des(P,R,Y):  45.0,  0.0,  0.0 | Act(P,R,Y):  28.1, -0.8, -1.0
[G15-W04] t=2.20s | Des(P,R,Y):   0.0,  0.0,  0.0 | Act(P,R,Y):   5.1,  0.6, -0.3
[G15-W05] t=1.40s | Des(P,R,Y):  45.0,  0.0,  0.0 | Act(P,R,Y):  44.1, -0.1, -0.7
[G15-W03] t=2.20s | Des(P,R,Y):   0.0,  0.0,  0.0 | Act(P,R,Y):   6.9,  0.4, -0.1
[G15-W02] t=1.20s | Des(P,R,Y):  45.0,  0.0,  0.0 | Act(P,R,Y):  21.9, -1.0, -0.8
[G15-W06] t=1.20s | Des(P,R,Y):  45.0,  0.0,  0.0 | Act(P,R,Y):  14.3, -0.3, -0.3
[G15-W01] t=1.40s | Des(P,R,Y):  45.0,  0.0,  0.0 | Act(P,R,Y):  38.8, -0.5, -1.0
[G15-W04] t=2.40s | Des(P,R,Y):   0.0,  0.0,  0.0 | Act(P,R,Y):   0.5, -0.2, -1.2
[G15-W03] t=2.40s | Des(P,R,Y):   0.0,  0.0,  0.0 | Act(P,R,Y):   0.4, -0.2, -0.8
[G15-W05] t=1.60s | Des(P,R,Y):  45.0,  0.0,  0.0 | Act(P,R,Y):  46.2, -0.0, -0.8
[G15-W04] t=2.60s | Des(P,R,Y):   0.0,  0.0,  0.0 | Act(P,R,Y):   0.3, -0.2, -0.8
[G15-W02] t=1.40s | Des(P,R,Y):  45.0,  0.0,  0.0 | Act(P,R,Y):  33.1, -0.9, -0.8
[G15-W03] t=2.60s | Des(P,R,Y):   0.0,  0.0,  0.0 | Act(P,R,Y):  -0.3, -0.0, -0.5
[G15-W06] t=1.40s | Des(P,R,Y):  45.0,  0.0,  0.0 | Act(P,R,Y):  23.5, -0.7, -0.5
[G15-W01] t=1.60s | Des(P,R,Y):  45.0,  0.0,  0.0 | Act(P,R,Y):  43.7, -0.2, -0.8
[G15-W04] t=2.80s | Des(P,R,Y):   0.0,  0.0,  0.0 | Act(P,R,Y):   0.2,  0.1, -0.7
[G15-W05] t=1.80s | Des(P,R,Y):  45.0,  0.0,  0.0 | Act(P,R,Y):  47.4,  0.3, -0.5
[G15-W03] t=2.80s | Des(P,R,Y):   0.0,  0.0,  0.0 | Act(P,R,Y):  -0.8, -0.0, -0.5
[G15-W02] t=1.60s | Des(P,R,Y):  45.0,  0.0,  0.0 | Act(P,R,Y):  39.6, -0.5, -0.6
[G15-W06] t=1.60s | Des(P,R,Y):  45.0,  0.0,  0.0 | Act(P,R,Y):  30.3, -0.8, -0.5
[G15-W01] t=1.80s | Des(P,R,Y):  45.0,  0.0,  0.0 | Act(P,R,Y):  46.0,  0.1, -0.6
[G15-W04] t=3.00s | Des(P,R,Y):   0.0, 35.0,  0.0 | Act(P,R,Y):   0.4,  8.6, -1.0
[G15-W05] t=2.00s | Des(P,R,Y):   0.0,  0.0,  0.0 | Act(P,R,Y):  44.1,  1.1,  0.2
[G15-W03] t=3.00s | Des(P,R,Y):   0.0, 35.0,  0.0 | Act(P,R,Y):  -0.6,  8.0, -0.7
[G15-W04] t=3.20s | Des(P,R,Y):   0.0, 35.0,  0.0 | Act(P,R,Y):  -1.0, 32.0, -1.5
[G15-W05] t=2.20s | Des(P,R,Y):   0.0,  0.0,  0.0 | Act(P,R,Y):  12.3,  0.3, -0.1
[G15-W02] t=1.80s | Des(P,R,Y):  45.0,  0.0,  0.0 | Act(P,R,Y):  42.9, -0.1, -0.5
[G15-W01] t=2.00s | Des(P,R,Y):   0.0,  0.0,  0.0 | Act(P,R,Y):  43.6,  1.0,  0.1
[G15-W03] t=3.20s | Des(P,R,Y):   0.0, 35.0,  0.0 | Act(P,R,Y):  -1.8, 31.4, -1.1
[G15-W06] t=1.80s | Des(P,R,Y):  45.0,  0.0,  0.0 | Act(P,R,Y):  35.2, -0.5, -0.4
[G15-W04] t=3.40s | Des(P,R,Y):   0.0, 35.0,  0.0 | Act(P,R,Y):   0.5, 35.7, -0.7
[G15-W05] t=2.40s | Des(P,R,Y):   0.0,  0.0,  0.0 | Act(P,R,Y):   3.1, -0.1, -0.7
[G15-W01] t=2.20s | Des(P,R,Y):   0.0,  0.0,  0.0 | Act(P,R,Y):  18.8,  0.2, -0.3
[G15-W03] t=3.40s | Des(P,R,Y):   0.0, 35.0,  0.0 | Act(P,R,Y):  -0.4, 36.0, -0.4
[G15-W02] t=2.00s | Des(P,R,Y):   0.0,  0.0,  0.0 | Act(P,R,Y):  41.9,  0.6, -0.0
[G15-W04] t=3.60s | Des(P,R,Y):   0.0, 35.0,  0.0 | Act(P,R,Y):   0.7, 35.9, -0.6
[G15-W06] t=2.00s | Des(P,R,Y):   0.0,  0.0,  0.0 | Act(P,R,Y):  36.5,  0.1,  0.0
[G15-W03] t=3.60s | Des(P,R,Y):   0.0, 35.0,  0.0 | Act(P,R,Y):  -0.1, 36.6, -0.3
[G15-W05] t=2.60s | Des(P,R,Y):   0.0,  0.0,  0.0 | Act(P,R,Y):   0.9, -0.1, -0.5
[G15-W01] t=2.40s | Des(P,R,Y):   0.0,  0.0,  0.0 | Act(P,R,Y):   8.3,  0.1, -0.4
[G15-W02] t=2.20s | Des(P,R,Y):   0.0,  0.0,  0.0 | Act(P,R,Y):  22.7,  0.3, -0.2
[G15-W04] t=3.80s | Des(P,R,Y):   0.0, 35.0,  0.0 | Act(P,R,Y):   1.0, 35.8, -0.6
[G15-W06] t=2.20s | Des(P,R,Y):   0.0,  0.0,  0.0 | Act(P,R,Y):  25.7,  0.5,  0.3
[G15-W03] t=3.80s | Des(P,R,Y):   0.0, 35.0,  0.0 | Act(P,R,Y):   0.2, 36.5, -0.3
[G15-W04] t=4.00s | Des(P,R,Y):   0.0,  0.0,  0.0 | Act(P,R,Y):   2.8, 27.9,  0.2
[G15-W02] t=2.40s | Des(P,R,Y):   0.0,  0.0,  0.0 | Act(P,R,Y):  12.4,  0.1, -0.2
[G15-W05] t=2.80s | Des(P,R,Y):   0.0,  0.0,  0.0 | Act(P,R,Y):  -0.1, -0.3, -0.6
[G15-W01] t=2.60s | Des(P,R,Y):   0.0,  0.0,  0.0 | Act(P,R,Y):   3.6, -0.1, -0.4
[G15-W03] t=4.00s | Des(P,R,Y):   0.0,  0.0,  0.0 | Act(P,R,Y):   1.9, 29.1,  0.5
[G15-W06] t=2.40s | Des(P,R,Y):   0.0,  0.0,  0.0 | Act(P,R,Y):  18.0,  0.5,  0.3
[G15-W04] t=4.20s | Des(P,R,Y):   0.0,  0.0,  0.0 | Act(P,R,Y):   1.2,  3.8, -0.4
[G15-W03] t=4.20s | Des(P,R,Y):   0.0,  0.0,  0.0 | Act(P,R,Y):   0.5,  5.1, -0.1
[G15-W02] t=2.60s | Des(P,R,Y):   0.0,  0.0,  0.0 | Act(P,R,Y):   6.7,  0.1, -0.2
[G15-W05] t=3.00s | Des(P,R,Y):   0.0, 35.0,  0.0 | Act(P,R,Y):  -0.7,  5.3, -1.1
[G15-W01] t=2.80s | Des(P,R,Y):   0.0,  0.0,  0.0 | Act(P,R,Y):   1.1, -0.3, -0.6
[G15-W06] t=2.60s | Des(P,R,Y):   0.0,  0.0,  0.0 | Act(P,R,Y):  12.6,  0.5,  0.3
[G15-W04] t=4.40s | Des(P,R,Y):   0.0,  0.0,  0.0 | Act(P,R,Y):   0.8,  0.2, -0.5
[G15-W03] t=4.40s | Des(P,R,Y):   0.0,  0.0,  0.0 | Act(P,R,Y):   0.2,  0.3, -0.2
[G15-W05] t=3.20s | Des(P,R,Y):   0.0, 35.0,  0.0 | Act(P,R,Y):  -1.0, 27.2, -1.3
[G15-W04] t=4.60s | Des(P,R,Y):   0.0,  0.0,  0.0 | Act(P,R,Y):   0.1, -0.1, -0.7
[G15-W02] t=2.80s | Des(P,R,Y):   0.0,  0.0,  0.0 | Act(P,R,Y):   3.3, -0.1, -0.3
[G15-W06] t=2.80s | Des(P,R,Y):   0.0,  0.0,  0.0 | Act(P,R,Y):   8.5,  0.3,  0.1
[G15-W01] t=3.00s | Des(P,R,Y):   0.0, 35.0,  0.0 | Act(P,R,Y):  -0.2,  3.5, -0.9
[G15-W03] t=4.60s | Des(P,R,Y):   0.0,  0.0,  0.0 | Act(P,R,Y):  -0.5, -0.4, -0.3
[G15-W05] t=3.40s | Des(P,R,Y):   0.0, 35.0,  0.0 | Act(P,R,Y):   0.3, 33.9, -0.6
[G15-W04] t=4.80s | Des(P,R,Y):   0.0,  0.0,  0.0 | Act(P,R,Y):  -0.3, -0.1, -0.7
[G15-W03] t=4.80s | Des(P,R,Y):   0.0,  0.0,  0.0 | Act(P,R,Y):  -0.9, -0.6, -0.4
[G15-W06] t=3.00s | Des(P,R,Y):   0.0, 35.0,  0.0 | Act(P,R,Y):   5.3,  2.0, -0.2
[G15-W05] t=3.60s | Des(P,R,Y):   0.0, 35.0,  0.0 | Act(P,R,Y):   0.6, 35.6, -0.5
[G15-W01] t=3.20s | Des(P,R,Y):   0.0, 35.0,  0.0 | Act(P,R,Y):  -1.2, 21.0, -1.5
[G15-W02] t=3.00s | Des(P,R,Y):   0.0, 35.0,  0.0 | Act(P,R,Y):   1.2,  3.1, -0.6
[G15-W04] t=5.00s | Des(P,R,Y):   0.0,  0.0, 50.0 | Act(P,R,Y):  -1.7, -4.2,  0.1
[G15-W03] t=5.00s | Des(P,R,Y):   0.0,  0.0, 50.0 | Act(P,R,Y):  -2.2, -4.4,  0.5
[G15-W05] t=3.80s | Des(P,R,Y):   0.0, 35.0,  0.0 | Act(P,R,Y):   0.8, 36.0, -0.5
[G15-W01] t=3.40s | Des(P,R,Y):   0.0, 35.0,  0.0 | Act(P,R,Y):  -0.4, 29.9, -1.1
[G15-W06] t=3.20s | Des(P,R,Y):   0.0, 35.0,  0.0 | Act(P,R,Y):   3.1, 11.1, -0.6
[G15-W04] t=5.20s | Des(P,R,Y):   0.0,  0.0, 50.0 | Act(P,R,Y):  -7.3,-20.6, 23.8
[G15-W02] t=3.20s | Des(P,R,Y):   0.0, 35.0,  0.0 | Act(P,R,Y):  -0.0, 17.1, -1.0
[G15-W03] t=5.20s | Des(P,R,Y):   0.0,  0.0, 50.0 | Act(P,R,Y):  -7.4,-18.5, 23.7
[G15-W05] t=4.00s | Des(P,R,Y):   0.0,  0.0,  0.0 | Act(P,R,Y):   1.7, 29.8, -0.0
[G15-W01] t=3.60s | Des(P,R,Y):   0.0, 35.0,  0.0 | Act(P,R,Y):   0.4, 33.8, -0.6
[G15-W04] t=5.40s | Des(P,R,Y):   0.0,  0.0, 50.0 | Act(P,R,Y):  -1.2,-23.2, 10.5
[G15-W03] t=5.40s | Des(P,R,Y):   0.0,  0.0, 50.0 | Act(P,R,Y):  -1.2,-18.4, 10.5
[G15-W06] t=3.40s | Des(P,R,Y):   0.0, 35.0,  0.0 | Act(P,R,Y):   1.5, 17.6, -0.9
[G15-W02] t=3.40s | Des(P,R,Y):   0.0, 35.0,  0.0 | Act(P,R,Y):  -0.8, 25.3, -1.2
[G15-W05] t=4.20s | Des(P,R,Y):   0.0,  0.0,  0.0 | Act(P,R,Y):   1.0,  8.8, -0.3
[G15-W04] t=5.60s | Des(P,R,Y):   0.0,  0.0, 50.0 | Act(P,R,Y):  -1.2,-29.0, 10.6
[G15-W01] t=3.80s | Des(P,R,Y):   0.0, 35.0,  0.0 | Act(P,R,Y):   0.8, 35.3, -0.6
[G15-W03] t=5.60s | Des(P,R,Y):   0.0,  0.0, 50.0 | Act(P,R,Y):  -0.8,-25.9, 10.7
[G15-W04] t=5.80s | Des(P,R,Y):   0.0,  0.0, 50.0 | Act(P,R,Y):  -1.9,-33.4, 20.9
[G15-W05] t=4.40s | Des(P,R,Y):   0.0,  0.0,  0.0 | Act(P,R,Y):   0.6,  2.7, -0.2
[G15-W06] t=3.60s | Des(P,R,Y):   0.0, 35.0,  0.0 | Act(P,R,Y):   0.6, 22.2, -1.0
[G15-W03] t=5.80s | Des(P,R,Y):   0.0,  0.0, 50.0 | Act(P,R,Y):  -1.7,-31.6, 20.9
[G15-W01] t=4.00s | Des(P,R,Y):   0.0,  0.0,  0.0 | Act(P,R,Y):   1.5, 31.0, -0.2
[G15-W02] t=3.60s | Des(P,R,Y):   0.0, 35.0,  0.0 | Act(P,R,Y):  -0.4, 30.0, -1.0
[G15-W04] t=6.00s | Des(P,R,Y):   0.0,  0.0,  0.0 | Act(P,R,Y):   7.9,-27.5, 35.5
[Fixation Controller] Initialized 3-DOF Virtual Work tracking for Eyes.
Eval SUCCESS: G15-W04 | Kp=297.26, Ki=32.08, Kd=31.83 => Score=32.5
[G15-W03] t=6.00s | Des(P,R,Y):   0.0,  0.0,  0.0 | Act(P,R,Y):   7.3,-27.3, 35.6
[Fixation Controller] Initialized 3-DOF Virtual Work tracking for Eyes.
Eval SUCCESS: G15-W03 | Kp=313.75, Ki=109.34, Kd=38.02 => Score=32.0
[G15-W01] t=4.20s | Des(P,R,Y):   0.0,  0.0,  0.0 | Act(P,R,Y):   1.2, 14.1, -0.3
[G15-W05] t=4.60s | Des(P,R,Y):   0.0,  0.0,  0.0 | Act(P,R,Y):   0.2,  0.6, -0.4
[G15-W06] t=3.80s | Des(P,R,Y):   0.0, 35.0,  0.0 | Act(P,R,Y):   0.6, 25.7, -0.7
[G15-W02] t=3.80s | Des(P,R,Y):   0.0, 35.0,  0.0 | Act(P,R,Y):   0.1, 32.9, -0.7
[G15-W01] t=4.40s | Des(P,R,Y):   0.0,  0.0,  0.0 | Act(P,R,Y):   1.2,  6.8, -0.0
[G15-W05] t=4.80s | Des(P,R,Y):   0.0,  0.0,  0.0 | Act(P,R,Y):  -0.4, -0.2, -0.6
[G15-W06] t=4.00s | Des(P,R,Y):   0.0,  0.0,  0.0 | Act(P,R,Y):   0.9, 26.5, -0.3
[G15-W02] t=4.00s | Des(P,R,Y):   0.0,  0.0,  0.0 | Act(P,R,Y):   1.0, 30.9, -0.2
[G15-W01] t=4.60s | Des(P,R,Y):   0.0,  0.0,  0.0 | Act(P,R,Y):   0.3,  2.7, -0.4
[G15-W05] t=5.00s | Des(P,R,Y):   0.0,  0.0, 50.0 | Act(P,R,Y):  -2.5, -3.2,  0.2
[G15-W02] t=4.20s | Des(P,R,Y):   0.0,  0.0,  0.0 | Act(P,R,Y):   1.4, 18.0,  0.2
[G15-W06] t=4.20s | Des(P,R,Y):   0.0,  0.0,  0.0 | Act(P,R,Y):   1.2, 19.6,  0.1
[G15-W05] t=5.20s | Des(P,R,Y):   0.0,  0.0, 50.0 | Act(P,R,Y):  -1.9, -7.8, 22.5
[G15-W01] t=4.80s | Des(P,R,Y):   0.0,  0.0,  0.0 | Act(P,R,Y):  -0.4,  0.7, -0.6
[G15-W05] t=5.40s | Des(P,R,Y):   0.0,  0.0, 50.0 | Act(P,R,Y):  -2.0, -5.1, 10.8
[G15-W02] t=4.40s | Des(P,R,Y):   0.0,  0.0,  0.0 | Act(P,R,Y):   1.4, 10.3,  0.3
[G15-W06] t=4.40s | Des(P,R,Y):   0.0,  0.0,  0.0 | Act(P,R,Y):   1.3, 14.3,  0.3
[G15-W05] t=5.60s | Des(P,R,Y):   0.0,  0.0, 50.0 | Act(P,R,Y):  -1.5, -3.2, 10.8
[G15-W01] t=5.00s | Des(P,R,Y):   0.0,  0.0, 50.0 | Act(P,R,Y):  -2.1, -2.1, -0.1
[G15-W05] t=5.80s | Des(P,R,Y):   0.0,  0.0, 50.0 | Act(P,R,Y):  -0.6, -8.9, 20.8
[G15-W02] t=4.60s | Des(P,R,Y):   0.0,  0.0,  0.0 | Act(P,R,Y):   1.0,  5.8,  0.1
[G15-W01] t=5.20s | Des(P,R,Y):   0.0,  0.0, 50.0 | Act(P,R,Y):  -2.3, -4.5, 22.5
[G15-W06] t=4.60s | Des(P,R,Y):   0.0,  0.0,  0.0 | Act(P,R,Y):   0.9, 10.3,  0.2
[G15-W05] t=6.00s | Des(P,R,Y):   0.0,  0.0,  0.0 | Act(P,R,Y):   6.9,-14.0, 35.6
[Fixation Controller] Initialized 3-DOF Virtual Work tracking for Eyes.
Eval SUCCESS: G15-W05 | Kp=384.52, Ki=47.43, Kd=63.29 => Score=27.9
[G15-W01] t=5.40s | Des(P,R,Y):   0.0,  0.0, 50.0 | Act(P,R,Y):  -2.8, -5.4, 10.9
[G15-W02] t=4.80s | Des(P,R,Y):   0.0,  0.0,  0.0 | Act(P,R,Y):   0.0,  2.7, -0.3
[G15-W01] t=5.60s | Des(P,R,Y):   0.0,  0.0, 50.0 | Act(P,R,Y):  -2.2, -4.0, 10.8
[G15-W06] t=4.80s | Des(P,R,Y):   0.0,  0.0,  0.0 | Act(P,R,Y):   0.3,  7.1,  0.0
[G15-W01] t=5.80s | Des(P,R,Y):   0.0,  0.0, 50.0 | Act(P,R,Y):  -1.1, -7.8, 20.8
[G15-W02] t=5.00s | Des(P,R,Y):   0.0,  0.0, 50.0 | Act(P,R,Y):  -1.6, -0.7,  0.4
[G15-W01] t=6.00s | Des(P,R,Y):   0.0,  0.0,  0.0 | Act(P,R,Y):   5.7,-12.4, 35.6
[Fixation Controller] Initialized 3-DOF Virtual Work tracking for Eyes.
Eval SUCCESS: G15-W01 | Kp=351.04, Ki=36.30, Kd=86.21 => Score=31.4
[G15-W06] t=5.00s | Des(P,R,Y):   0.0,  0.0, 50.0 | Act(P,R,Y):  -0.8,  3.7,  0.7
[G15-W02] t=5.20s | Des(P,R,Y):   0.0,  0.0, 50.0 | Act(P,R,Y):  -1.8, -2.4, 21.6
[G15-W06] t=5.20s | Des(P,R,Y):   0.0,  0.0, 50.0 | Act(P,R,Y):  -1.4,  0.8, 14.8
[G15-W02] t=5.40s | Des(P,R,Y):   0.0,  0.0, 50.0 | Act(P,R,Y):  -2.3, -3.5, 10.8
[G15-W06] t=5.40s | Des(P,R,Y):   0.0,  0.0, 50.0 | Act(P,R,Y):  -1.9, -1.1, 10.7
[G15-W02] t=5.60s | Des(P,R,Y):   0.0,  0.0, 50.0 | Act(P,R,Y):  -2.1, -3.0, 10.8
[G15-W06] t=5.60s | Des(P,R,Y):   0.0,  0.0, 50.0 | Act(P,R,Y):  -2.2, -2.7, 10.8
[G15-W02] t=5.80s | Des(P,R,Y):   0.0,  0.0, 50.0 | Act(P,R,Y):  -1.5, -5.4, 20.8
[G15-W06] t=5.80s | Des(P,R,Y):   0.0,  0.0, 50.0 | Act(P,R,Y):  -1.6, -3.3, 20.5
[G15-W02] t=6.00s | Des(P,R,Y):   0.0,  0.0,  0.0 | Act(P,R,Y):   3.1, -3.1, 34.1
[Fixation Controller] Initialized 3-DOF Virtual Work tracking for Eyes.
Eval SUCCESS: G15-W02 | Kp=485.21, Ki=37.17, Kd=160.08 => Score=34.2
[G15-W06] t=6.00s | Des(P,R,Y):   0.0,  0.0,  0.0 | Act(P,R,Y):   0.5, -0.1, 27.8
[Fixation Controller] Initialized 3-DOF Virtual Work tracking for Eyes.
Eval SUCCESS: G15-W06 | Kp=564.20, Ki=4.65, Kd=318.35 => Score=41.8
   15     90 2.788812575738361e+01 2.4e+00 6.64e+01  4e+01  9e+01 61:12.1  
Gen 15: Best Error = 27.89 | Kp=384.52, Ki=47.43, Kd=63.29

===============================
Optimization Finished!
Best Kp: 384.52
Best Ki: 47.43
Best Kd: 63.29
Best Step Error: 27.9
